name,runs,median_s,mean_s,min_s,max_s,raw_times
new-0pct,5,2.052,2.067,1.968,2.167,"2.123030 2.024831 2.051793 2.166889 1.968178"
new-5pct,5,2.253,2.446,2.094,3.235,"2.252790 2.094188 2.473852 2.172889 3.235418"
new-10pct,5,3.187,3.301,3.116,3.819,"3.818828 3.170130 3.187312 3.115874 3.213993"
new-20pct,5,5.770,5.714,5.383,5.930,"5.770290 5.775925 5.930312 5.383133 5.710578"
old-0pct,5,2.111,2.088,1.949,2.219,"2.218905 1.961853 2.196581 2.111064 1.949237"
old-5pct,5,5.425,5.366,4.856,5.694,"4.855740 5.424631 5.480445 5.376886 5.694223"
old-10pct,5,10.765,10.690,9.357,12.351,"10.764721 11.523562 9.453073 12.351423 9.357232"
old-20pct,5,23.243,23.154,22.264,24.345,"22.473033 23.243094 24.344649 22.263899 23.443582"