# sexp2_multi: 5 configs x 11 alphas x (1w+3r), total=3600
# === CONFIG light ai=7 log=3 ===
# WARMUP config=light alpha=0
# prev_baseline_reset ngroups=3
# schedlab win=100 total=3600 groups=3
W,1,0,1,ctrl,48,300,2
D,1,0,17,1,3
W,1,0,2,ai,76,100,8
W,1,0,3,log,40,50,4
S,1,0,863,2280
W,2,0,1,ctrl,31,300,2
D,2,0,11,1,3
W,2,0,2,ai,41,100,8
W,2,0,3,log,25,50,4
S,2,0,880,2087
W,3,0,1,ctrl,31,300,2
D,3,0,11,1,1
W,3,0,2,ai,40,100,8
W,3,0,3,log,29,50,4
S,3,0,889,2148
W,4,0,1,ctrl,34,300,2
D,4,0,11,0,0
W,4,0,2,ai,44,100,8
W,4,0,3,log,24,50,4
S,4,0,869,2000
W,5,0,1,ctrl,35,300,2
D,5,0,11,1,3
W,5,0,2,ai,50,100,8
W,5,0,3,log,20,50,4
S,5,0,813,2000
W,6,0,1,ctrl,35,300,1
D,6,0,11,0,0
W,6,0,2,ai,37,100,8
W,6,0,3,log,21,50,4
S,6,0,874,1771
W,7,0,1,ctrl,25,300,2
D,7,0,10,0,0
W,7,0,2,ai,53,100,8
W,7,0,3,log,23,50,4
S,7,0,833,2696
W,8,0,1,ctrl,31,300,2
D,8,0,11,0,0
W,8,0,2,ai,49,100,8
W,8,0,3,log,25,50,4
S,8,0,860,2257
W,9,0,1,ctrl,32,300,2
D,9,0,11,1,1
W,9,0,2,ai,41,100,8
W,9,0,3,log,28,50,4
S,9,0,887,2107
W,10,0,1,ctrl,31,300,2
D,10,0,11,1,1
W,10,0,2,ai,50,100,8
W,10,0,3,log,24,50,4
S,10,0,850,2257
W,11,0,1,ctrl,30,300,1
D,11,0,11,0,0
W,11,0,2,ai,42,100,8
W,11,0,3,log,21,50,4
S,11,0,856,2068
W,12,0,1,ctrl,26,300,2
D,12,0,10,0,0
W,12,0,2,ai,48,100,8
W,12,0,3,log,25,50,4
S,12,0,862,2541
W,13,0,1,ctrl,26,300,1
D,13,0,11,0,0
W,13,0,2,ai,45,100,8
W,13,0,3,log,26,50,4
S,13,0,875,2485
W,14,0,1,ctrl,32,300,1
D,14,0,11,0,0
W,14,0,2,ai,44,100,8
W,14,0,3,log,24,50,4
S,14,0,870,2081
W,15,0,1,ctrl,26,300,2
D,15,0,10,0,0
W,15,0,2,ai,46,100,8
W,15,0,3,log,29,50,4
S,15,0,883,2591
W,16,0,1,ctrl,30,300,1
D,16,0,11,0,0
W,16,0,2,ai,45,100,8
W,16,0,3,log,23,50,4
S,16,0,860,2176
W,17,0,1,ctrl,24,300,2
D,17,0,10,0,0
W,17,0,2,ai,52,100,8
W,17,0,3,log,28,50,4
S,17,0,866,2895
W,18,0,1,ctrl,27,300,1
D,18,0,11,0,0
W,18,0,2,ai,48,100,8
W,18,0,3,log,23,50,4
S,18,0,849,2421
W,19,0,1,ctrl,28,300,2
D,19,0,10,0,0
W,19,0,2,ai,44,100,8
W,19,0,3,log,27,50,4
S,19,0,880,2361
W,20,0,1,ctrl,28,300,1
D,20,0,11,0,0
W,20,0,2,ai,48,100,8
W,20,0,3,log,23,50,4
S,20,0,849,2361
W,21,0,1,ctrl,27,300,2
D,21,0,10,0,0
W,21,0,2,ai,49,100,8
W,21,0,3,log,23,50,4
S,21,0,846,2448
W,22,0,1,ctrl,30,300,2
D,22,0,11,1,1
W,22,0,2,ai,52,100,8
W,22,0,3,log,27,50,4
S,22,0,862,2421
W,23,0,1,ctrl,30,300,1
D,23,0,11,0,0
W,23,0,2,ai,45,100,8
W,23,0,3,log,24,50,4
S,23,0,866,2198
W,24,0,1,ctrl,25,300,2
D,24,0,10,0,0
W,24,0,2,ai,46,100,8
W,24,0,3,log,27,50,4
S,24,0,876,2611
W,25,0,1,ctrl,28,300,1
D,25,0,11,0,0
W,25,0,2,ai,48,100,8
W,25,0,3,log,23,50,4
S,25,0,849,2361
W,26,0,1,ctrl,23,300,2
D,26,0,10,0,0
W,26,0,2,ai,51,100,8
W,26,0,3,log,27,50,4
S,26,0,864,2933
W,27,0,1,ctrl,29,300,2
D,27,0,11,0,0
W,27,0,2,ai,44,100,8
W,27,0,3,log,28,50,4
S,27,0,884,2320
W,28,0,1,ctrl,27,300,1
D,28,0,11,0,0
W,28,0,2,ai,42,100,8
W,28,0,3,log,26,50,4
S,28,0,882,2345
W,29,0,1,ctrl,32,300,2
D,29,0,10,0,0
W,29,0,2,ai,44,100,8
W,29,0,3,log,22,50,4
S,29,0,856,2042
W,30,0,1,ctrl,28,300,1
D,30,0,11,0,0
W,30,0,2,ai,46,100,8
W,30,0,3,log,24,50,4
S,30,0,862,2336
W,31,0,1,ctrl,29,300,2
D,31,0,10,0,0
W,31,0,2,ai,46,100,8
W,31,0,3,log,27,50,4
S,31,0,876,2345
W,32,0,1,ctrl,26,300,1
D,32,0,11,0,0
W,32,0,2,ai,50,100,8
W,32,0,3,log,24,50,4
S,32,0,851,2561
W,33,0,1,ctrl,24,300,2
D,33,0,10,0,0
W,33,0,2,ai,48,100,8
W,33,0,3,log,27,50,4
S,33,0,871,2752
W,34,0,1,ctrl,6,300,1
D,34,0,1,0,0
W,34,0,2,ai,2,100,1
W,34,0,3,log,1,50,1
S,34,0,1000,1000
J,1,ctrl,1,359,7,13,3,1575,7821,1,13
# done
# RUN config=light alpha=0 rep=1/3
# prev_baseline_reset ngroups=3
# schedlab win=100 total=3600 groups=3
W,1,0,1,ctrl,41,300,1
D,1,0,18,1,2
W,1,0,2,ai,85,100,8
W,1,0,3,log,49,50,4
S,1,0,875,2846
W,2,0,1,ctrl,24,300,2
D,2,0,10,0,0
W,2,0,2,ai,44,100,8
W,2,0,3,log,28,50,4
S,2,0,883,2664
W,3,0,1,ctrl,36,300,2
D,3,0,11,0,0
W,3,0,2,ai,40,100,8
W,3,0,3,log,26,50,4
S,3,0,885,1892
W,4,0,1,ctrl,30,300,1
D,4,0,11,0,0
W,4,0,2,ai,44,100,8
W,4,0,3,log,22,50,4
S,4,0,857,2134
W,5,0,1,ctrl,25,300,2
D,5,0,10,0,0
W,5,0,2,ai,48,100,8
W,5,0,3,log,23,50,4
S,5,0,850,2561
W,6,0,1,ctrl,28,300,1
D,6,0,11,0,0
W,6,0,2,ai,47,100,8
W,6,0,3,log,26,50,4
S,6,0,870,2404
W,7,0,1,ctrl,29,300,2
D,7,0,10,0,0
W,7,0,2,ai,43,100,8
W,7,0,3,log,28,50,4
S,7,0,886,2296
W,8,0,1,ctrl,31,300,1
D,8,0,11,0,0
W,8,0,2,ai,48,100,8
W,8,0,3,log,23,50,4
S,8,0,849,2198
W,9,0,1,ctrl,29,300,1
D,9,0,11,0,0
W,9,0,2,ai,50,100,8
W,9,0,3,log,22,50,4
S,9,0,834,2320
W,10,0,1,ctrl,28,300,2
D,10,0,10,0,0
W,10,0,2,ai,50,100,8
W,10,0,3,log,25,50,4
S,10,0,856,2457
W,11,0,1,ctrl,29,300,2
D,11,0,11,0,0
W,11,0,2,ai,51,100,8
W,11,0,3,log,25,50,4
S,11,0,854,2413
W,12,0,1,ctrl,33,300,2
D,12,0,11,1,2
W,12,0,2,ai,49,100,8
W,12,0,3,log,24,50,4
S,12,0,853,2141
W,13,0,1,ctrl,28,300,1
D,13,0,11,0,0
W,13,0,2,ai,49,100,8
W,13,0,3,log,23,50,4
S,13,0,847,2378
W,14,0,1,ctrl,34,300,1
D,14,0,11,0,0
W,14,0,2,ai,42,100,8
W,14,0,3,log,27,50,4
S,14,0,885,2018
W,15,0,1,ctrl,27,300,2
D,15,0,10,0,0
W,15,0,2,ai,53,100,8
W,15,0,3,log,24,50,4
S,15,0,840,2571
W,16,0,1,ctrl,31,300,2
D,16,0,11,1,3
W,16,0,2,ai,49,100,8
W,16,0,3,log,24,50,4
S,16,0,853,2234
W,17,0,1,ctrl,34,300,1
D,17,0,11,0,0
W,17,0,2,ai,45,100,8
W,17,0,3,log,24,50,4
S,17,0,867,2018
W,18,0,1,ctrl,27,300,2
D,18,0,10,0,0
W,18,0,2,ai,45,100,8
W,18,0,3,log,26,50,4
S,18,0,875,2421
W,19,0,1,ctrl,29,300,1
D,19,0,11,0,0
W,19,0,2,ai,45,100,8
W,19,0,3,log,27,50,4
S,19,0,879,2320
W,20,0,1,ctrl,27,300,2
D,20,0,10,0,0
W,20,0,2,ai,46,100,8
W,20,0,3,log,23,50,4
S,20,0,856,2370
W,21,0,1,ctrl,33,300,2
D,21,0,11,1,2
W,21,0,2,ai,45,100,8
W,21,0,3,log,23,50,4
S,21,0,859,2042
W,22,0,1,ctrl,34,300,1
D,22,0,11,0,0
W,22,0,2,ai,46,100,8
W,22,0,3,log,23,50,4
S,22,0,857,2018
W,23,0,1,ctrl,32,300,1
D,23,0,11,0,0
W,23,0,2,ai,44,100,8
W,23,0,3,log,26,50,4
S,23,0,877,2127
W,24,0,1,ctrl,28,300,2
D,24,0,10,0,0
W,24,0,2,ai,48,100,8
W,24,0,3,log,21,50,4
S,24,0,833,2312
W,25,0,1,ctrl,30,300,1
D,25,0,11,0,0
W,25,0,2,ai,46,100,8
W,25,0,3,log,26,50,4
S,25,0,872,2265
W,26,0,1,ctrl,30,300,1
D,26,0,11,0,0
W,26,0,2,ai,50,100,8
W,26,0,3,log,23,50,4
S,26,0,843,2288
W,27,0,1,ctrl,27,300,2
D,27,0,10,0,0
W,27,0,2,ai,47,100,8
W,27,0,3,log,26,50,4
S,27,0,871,2466
W,28,0,1,ctrl,27,300,1
D,28,0,11,0,0
W,28,0,2,ai,49,100,8
W,28,0,3,log,23,50,4
S,28,0,846,2448
W,29,0,1,ctrl,32,300,1
D,29,0,11,0,0
W,29,0,2,ai,46,100,8
W,29,0,3,log,23,50,4
S,29,0,856,2107
W,30,0,1,ctrl,28,300,2
D,30,0,10,0,0
W,30,0,2,ai,49,100,8
W,30,0,3,log,23,50,4
S,30,0,847,2378
W,31,0,1,ctrl,29,300,1
D,31,0,11,0,0
W,31,0,2,ai,48,100,8
W,31,0,3,log,24,50,4
S,31,0,856,2320
W,32,0,1,ctrl,30,300,1
D,32,0,11,0,0
W,32,0,2,ai,48,100,8
W,32,0,3,log,28,50,4
S,32,0,877,2353
W,33,0,1,ctrl,26,300,2
D,33,0,10,0,0
W,33,0,2,ai,45,100,8
W,33,0,3,log,27,50,4
S,33,0,879,2513
J,1,ctrl,1,359,4,9,3,1203,4963,2,13
# done
# RUN config=light alpha=0 rep=2/3
# prev_baseline_reset ngroups=3
# schedlab win=100 total=3600 groups=3
W,1,0,1,ctrl,45,300,2
D,1,0,18,1,3
W,1,0,2,ai,84,100,8
W,1,0,3,log,46,50,4
S,1,0,869,2591
W,2,0,1,ctrl,27,300,1
D,2,0,11,0,0
W,2,0,2,ai,48,100,8
W,2,0,3,log,26,50,4
S,2,0,868,2494
W,3,0,1,ctrl,32,300,1
D,3,0,11,0,0
W,3,0,2,ai,46,100,8
W,3,0,3,log,24,50,4
S,3,0,863,2127
W,4,0,1,ctrl,31,300,1
D,4,0,11,0,0
W,4,0,2,ai,48,100,8
W,4,0,3,log,22,50,4
S,4,0,841,2176
W,5,0,1,ctrl,26,300,2
D,5,0,10,0,0
W,5,0,2,ai,49,100,8
W,5,0,3,log,26,50,4
S,5,0,865,2591
W,6,0,1,ctrl,28,300,2
D,6,0,11,0,0
W,6,0,2,ai,47,100,8
W,6,0,3,log,29,50,4
S,6,0,880,2475
W,7,0,1,ctrl,25,300,1
D,7,0,11,0,0
W,7,0,2,ai,48,100,8
W,7,0,3,log,24,50,4
S,7,0,856,2591
W,8,0,1,ctrl,26,300,2
D,8,0,10,0,0
W,8,0,2,ai,53,100,8
W,8,0,3,log,25,50,4
S,8,0,848,2664
W,9,0,1,ctrl,28,300,1
D,9,0,11,0,0
W,9,0,2,ai,47,100,8
W,9,0,3,log,24,50,4
S,9,0,859,2361
W,10,0,1,ctrl,25,300,2
D,10,0,10,0,0
W,10,0,2,ai,49,100,8
W,10,0,3,log,24,50,4
S,10,0,853,2611
W,11,0,1,ctrl,29,300,2
D,11,0,11,0,0
W,11,0,2,ai,52,100,8
W,11,0,3,log,25,50,4
S,11,0,850,2439
W,12,0,1,ctrl,27,300,2
D,12,0,11,0,0
W,12,0,2,ai,50,100,8
W,12,0,3,log,27,50,4
S,12,0,867,2571
W,13,0,1,ctrl,30,300,2
D,13,0,11,0,0
W,13,0,2,ai,47,100,8
W,13,0,3,log,28,50,4
S,13,0,878,2336
W,14,0,1,ctrl,29,300,1
D,14,0,11,0,0
W,14,0,2,ai,43,100,8
W,14,0,3,log,26,50,4
S,14,0,879,2257
W,15,0,1,ctrl,26,300,2
D,15,0,10,0,0
W,15,0,2,ai,48,100,8
W,15,0,3,log,28,50,4
S,15,0,875,2622
W,16,0,1,ctrl,27,300,1
D,16,0,11,0,0
W,16,0,2,ai,50,100,8
W,16,0,3,log,24,50,4
S,16,0,850,2494
W,17,0,1,ctrl,26,300,2
D,17,0,10,0,0
W,17,0,2,ai,46,100,8
W,17,0,3,log,23,50,4
S,17,0,857,2439
W,18,0,1,ctrl,31,300,2
D,18,0,11,1,2
W,18,0,2,ai,47,100,8
W,18,0,3,log,29,50,4
S,18,0,882,2304
W,19,0,1,ctrl,28,300,2
D,19,0,11,0,0
W,19,0,2,ai,53,100,8
W,19,0,3,log,24,50,4
S,19,0,840,2503
W,20,0,1,ctrl,27,300,1
D,20,0,11,0,0
W,20,0,2,ai,46,100,8
W,20,0,3,log,28,50,4
S,20,0,880,2494
W,21,0,1,ctrl,25,300,2
D,21,0,10,0,0
W,21,0,2,ai,52,100,8
W,21,0,3,log,25,50,4
S,21,0,851,2718
W,22,0,1,ctrl,28,300,1
D,22,0,11,0,0
W,22,0,2,ai,49,100,8
W,22,0,3,log,25,50,4
S,22,0,860,2430
W,23,0,1,ctrl,27,300,2
D,23,0,10,0,0
W,23,0,2,ai,49,100,8
W,23,0,3,log,23,50,4
S,23,0,846,2448
W,24,0,1,ctrl,29,300,2
D,24,0,11,0,0
W,24,0,2,ai,46,100,8
W,24,0,3,log,28,50,4
S,24,0,879,2370
W,25,0,1,ctrl,31,300,2
D,25,0,11,0,0
W,25,0,2,ai,53,100,8
W,25,0,3,log,24,50,4
S,25,0,840,2320
W,26,0,1,ctrl,28,300,1
D,26,0,11,0,0
W,26,0,2,ai,45,100,8
W,26,0,3,log,28,50,4
S,26,0,882,2404
W,27,0,1,ctrl,22,300,2
D,27,0,10,0,0
W,27,0,2,ai,52,100,8
W,27,0,3,log,29,50,4
S,27,0,870,3126
W,28,0,1,ctrl,30,300,2
D,28,0,11,1,3
W,28,0,2,ai,49,100,8
W,28,0,3,log,24,50,4
S,28,0,854,2288
W,29,0,1,ctrl,29,300,1
D,29,0,11,0,0
W,29,0,2,ai,48,100,8
W,29,0,3,log,24,50,4
S,29,0,856,2320
W,30,0,1,ctrl,28,300,1
D,30,0,11,0,0
W,30,0,2,ai,52,100,8
W,30,0,3,log,23,50,4
S,30,0,836,2457
W,31,0,1,ctrl,24,300,2
D,31,0,10,0,0
W,31,0,2,ai,49,100,8
W,31,0,3,log,26,50,4
S,31,0,864,2752
W,32,0,1,ctrl,28,300,1
D,32,0,11,0,0
W,32,0,2,ai,47,100,8
W,32,0,3,log,24,50,4
S,32,0,859,2361
W,33,0,1,ctrl,23,300,2
D,33,0,10,0,0
W,33,0,2,ai,52,100,5
W,33,0,3,log,23,50,3
S,33,0,836,2846
J,1,ctrl,1,360,3,8,3,1166,4640,0,13
# done
# RUN config=light alpha=0 rep=3/3
# prev_baseline_reset ngroups=3
# schedlab win=100 total=3600 groups=3
W,1,0,1,ctrl,43,300,1
D,1,0,19,0,0
W,1,0,2,ai,88,100,8
W,1,0,3,log,48,50,4
S,1,0,868,2775
W,2,0,1,ctrl,25,300,2
D,2,0,10,0,0
W,2,0,2,ai,51,100,8
W,2,0,3,log,26,50,4
S,2,0,859,2718
W,3,0,1,ctrl,29,300,1
D,3,0,11,0,0
W,3,0,2,ai,46,100,8
W,3,0,3,log,25,50,4
S,3,0,869,2296
W,4,0,1,ctrl,30,300,1
D,4,0,11,0,0
W,4,0,2,ai,45,100,8
W,4,0,3,log,23,50,4
S,4,0,860,2176
W,5,0,1,ctrl,26,300,2
D,5,0,10,0,0
W,5,0,2,ai,48,100,8
W,5,0,3,log,25,50,4
S,5,0,862,2541
W,6,0,1,ctrl,37,300,2
D,6,0,11,1,2
W,6,0,2,ai,48,100,8
W,6,0,3,log,23,50,4
S,6,0,848,1947
W,7,0,1,ctrl,31,300,1
D,7,0,11,1,1
W,7,0,2,ai,53,100,8
W,7,0,3,log,21,50,4
S,7,0,815,2257
W,8,0,1,ctrl,31,300,1
D,8,0,11,0,0
W,8,0,2,ai,46,100,8
W,8,0,3,log,19,50,4
S,8,0,820,2068
W,9,0,1,ctrl,32,300,1
D,9,0,11,0,0
W,9,0,2,ai,40,100,8
W,9,0,3,log,26,50,4
S,9,0,886,2042
W,10,0,1,ctrl,26,300,2
D,10,0,10,0,0
W,10,0,2,ai,53,100,8
W,10,0,3,log,22,50,4
S,10,0,824,2591
W,11,0,1,ctrl,28,300,1
D,11,0,11,0,0
W,11,0,2,ai,43,100,8
W,11,0,3,log,29,50,4
S,11,0,887,2378
W,12,0,1,ctrl,29,300,2
D,12,0,10,0,0
W,12,0,2,ai,52,100,8
W,12,0,3,log,21,50,4
S,12,0,818,2345
W,13,0,1,ctrl,27,300,1
D,13,0,11,0,0
W,13,0,2,ai,50,100,8
W,13,0,3,log,24,50,4
S,13,0,850,2494
W,14,0,1,ctrl,30,300,2
D,14,0,10,1,1
W,14,0,2,ai,44,100,8
W,14,0,3,log,25,50,4
S,14,0,874,2198
W,15,0,1,ctrl,34,300,1
D,15,0,11,1,1
W,15,0,2,ai,44,100,8
W,15,0,3,log,26,50,4
S,15,0,879,2042
W,16,0,1,ctrl,31,300,1
D,16,0,11,0,0
W,16,0,2,ai,45,100,8
W,16,0,3,log,24,50,4
S,16,0,867,2148
W,17,0,1,ctrl,29,300,2
D,17,0,10,0,0
W,17,0,2,ai,47,100,8
W,17,0,3,log,28,50,4
S,17,0,878,2395
W,18,0,1,ctrl,25,300,1
D,18,0,11,0,0
W,18,0,2,ai,50,100,8
W,18,0,3,log,24,50,4
S,18,0,850,2642
W,19,0,1,ctrl,29,300,1
D,19,0,11,0,0
W,19,0,2,ai,46,100,8
W,19,0,3,log,28,50,4
S,19,0,879,2370
W,20,0,1,ctrl,30,300,2
D,20,0,10,0,0
W,20,0,2,ai,52,100,8
W,20,0,3,log,23,50,4
S,20,0,836,2336
W,21,0,1,ctrl,30,300,2
D,21,0,11,1,1
W,21,0,2,ai,50,100,8
W,21,0,3,log,25,50,4
S,21,0,857,2336
W,22,0,1,ctrl,30,300,1
D,22,0,11,0,0
W,22,0,2,ai,49,100,8
W,22,0,3,log,24,50,4
S,22,0,854,2288
W,23,0,1,ctrl,27,300,2
D,23,0,10,0,0
W,23,0,2,ai,47,100,8
W,23,0,3,log,27,50,4
S,23,0,875,2494
W,24,0,1,ctrl,30,300,1
D,24,0,11,0,0
W,24,0,2,ai,43,100,8
W,24,0,3,log,23,50,4
S,24,0,866,2134
W,25,0,1,ctrl,28,300,1
D,25,0,11,0,0
W,25,0,2,ai,47,100,8
W,25,0,3,log,29,50,4
S,25,0,880,2475
W,26,0,1,ctrl,27,300,1
D,26,0,10,0,0
W,26,0,2,ai,51,100,8
W,26,0,3,log,28,50,4
S,26,0,869,2622
W,27,0,1,ctrl,29,300,1
D,27,0,11,0,0
W,27,0,2,ai,43,100,8
W,27,0,3,log,28,50,4
S,27,0,886,2296
W,28,0,1,ctrl,25,300,2
D,28,0,10,0,0
W,28,0,2,ai,51,100,8
W,28,0,3,log,24,50,4
S,28,0,848,2664
W,29,0,1,ctrl,23,300,2
D,29,0,10,0,0
W,29,0,2,ai,51,100,8
W,29,0,3,log,27,50,4
S,29,0,864,2933
W,30,0,1,ctrl,26,300,2
D,30,0,11,0,0
W,30,0,2,ai,47,100,8
W,30,0,3,log,28,50,4
S,30,0,878,2591
W,31,0,1,ctrl,27,300,1
D,31,0,11,0,0
W,31,0,2,ai,46,100,8
W,31,0,3,log,23,50,4
S,31,0,856,2370
W,32,0,1,ctrl,25,300,2
D,32,0,10,0,0
W,32,0,2,ai,53,100,8
W,32,0,3,log,27,50,4
S,32,0,859,2798
W,33,0,1,ctrl,33,300,2
D,33,0,11,0,0
W,33,0,2,ai,52,100,8
W,33,0,3,log,23,50,4
S,33,0,834,2183
W,34,0,1,ctrl,8,300,1
D,34,0,1,0,0
W,34,0,2,ai,0,100,1
W,34,0,3,log,1,50,1
S,34,0,666,9999
J,1,ctrl,1,360,5,6,2,962,4076,1,12
# done
# WARMUP config=light alpha=10
# prev_baseline_reset ngroups=3
# schedlab win=100 total=3600 groups=3
W,1,10,1,ctrl,41,300,1
D,1,10,18,0,0
W,1,10,2,ai,83,100,8
W,1,10,3,log,52,50,4
S,1,10,881,2870
W,2,10,1,ctrl,26,300,2
D,2,10,10,0,0
W,2,10,2,ai,47,100,8
W,2,10,3,log,26,50,4
S,2,10,869,2541
W,3,10,1,ctrl,32,300,2
D,3,10,11,1,4
W,3,10,2,ai,47,100,8
W,3,10,3,log,27,50,4
S,3,10,874,2212
W,4,10,1,ctrl,32,300,2
D,4,10,11,1,3
W,4,10,2,ai,47,100,8
W,4,10,3,log,28,50,4
S,4,10,879,2227
W,5,10,1,ctrl,29,300,1
D,5,10,11,1,1
W,5,10,2,ai,46,100,8
W,5,10,3,log,24,50,4
S,5,10,862,2280
W,6,10,1,ctrl,24,300,2
D,6,10,10,0,0
W,6,10,2,ai,51,100,8
W,6,10,3,log,25,50,4
S,6,10,854,2775
W,7,10,1,ctrl,31,300,1
D,7,10,11,1,1
W,7,10,2,ai,44,100,8
W,7,10,3,log,26,50,4
S,7,10,877,2176
W,8,10,1,ctrl,25,300,2
D,8,10,10,0,0
W,8,10,2,ai,50,100,8
W,8,10,3,log,25,50,4
S,8,10,857,2664
W,9,10,1,ctrl,28,300,1
D,9,10,11,1,1
W,9,10,2,ai,51,100,8
W,9,10,3,log,24,50,4
S,9,10,847,2457
W,10,10,1,ctrl,27,300,1
D,10,10,11,0,0
W,10,10,2,ai,49,100,8
W,10,10,3,log,26,50,4
S,10,10,864,2522
W,11,10,1,ctrl,23,300,1
D,11,10,10,0,0
W,11,10,2,ai,48,100,8
W,11,10,3,log,27,50,4
S,11,10,871,2846
W,12,10,1,ctrl,29,300,1
D,12,10,11,0,0
W,12,10,2,ai,48,100,8
W,12,10,3,log,26,50,4
S,12,10,868,2370
W,13,10,1,ctrl,26,300,2
D,13,10,10,0,0
W,13,10,2,ai,50,100,8
W,13,10,3,log,29,50,4
S,13,10,875,2696
W,14,10,1,ctrl,31,300,2
D,14,10,11,1,4
W,14,10,2,ai,48,100,8
W,14,10,3,log,23,50,4
S,14,10,849,2198
W,15,10,1,ctrl,30,300,1
D,15,10,11,1,2
W,15,10,2,ai,49,100,8
W,15,10,3,log,24,50,4
S,15,10,854,2288
W,16,10,1,ctrl,27,300,2
D,16,10,10,0,0
W,16,10,2,ai,49,100,8
W,16,10,3,log,25,50,4
S,16,10,859,2494
W,17,10,1,ctrl,30,300,1
D,17,10,11,1,1
W,17,10,2,ai,42,100,8
W,17,10,3,log,25,50,4
S,17,10,878,2155
W,18,10,1,ctrl,29,300,2
D,18,10,10,0,0
W,18,10,2,ai,48,100,8
W,18,10,3,log,24,50,4
S,18,10,856,2320
W,19,10,1,ctrl,32,300,1
D,19,10,11,1,1
W,19,10,2,ai,42,100,8
W,19,10,3,log,28,50,4
S,19,10,886,2127
W,20,10,1,ctrl,31,300,1
D,20,10,11,0,0
W,20,10,2,ai,47,100,8
W,20,10,3,log,24,50,4
S,20,10,859,2198
W,21,10,1,ctrl,32,300,2
D,21,10,10,0,0
W,21,10,2,ai,44,100,8
W,21,10,3,log,24,50,4
S,21,10,870,2081
W,22,10,1,ctrl,23,300,1
D,22,10,11,1,1
W,22,10,2,ai,48,100,8
W,22,10,3,log,29,50,4
S,22,10,879,2895
W,23,10,1,ctrl,24,300,2
D,23,10,10,0,0
W,23,10,2,ai,49,100,8
W,23,10,3,log,26,50,4
S,23,10,864,2752
W,24,10,1,ctrl,30,300,1
D,24,10,11,1,3
W,24,10,2,ai,47,100,8
W,24,10,3,log,26,50,4
S,24,10,871,2288
W,25,10,1,ctrl,26,300,2
D,25,10,10,0,0
W,25,10,2,ai,49,100,8
W,25,10,3,log,26,50,4
S,25,10,865,2591
W,26,10,1,ctrl,30,300,2
D,26,10,11,1,4
W,26,10,2,ai,49,100,8
W,26,10,3,log,26,50,4
S,26,10,864,2336
W,27,10,1,ctrl,31,300,2
D,27,10,11,1,3
W,27,10,2,ai,52,100,8
W,27,10,3,log,24,50,4
S,27,10,843,2304
W,28,10,1,ctrl,28,300,1
D,28,10,11,1,2
W,28,10,2,ai,46,100,8
W,28,10,3,log,28,50,4
S,28,10,880,2430
W,29,10,1,ctrl,32,300,1
D,29,10,11,0,0
W,29,10,2,ai,47,100,8
W,29,10,3,log,23,50,4
S,29,10,852,2127
W,30,10,1,ctrl,27,300,2
D,30,10,10,0,0
W,30,10,2,ai,49,100,8
W,30,10,3,log,23,50,4
S,30,10,846,2448
W,31,10,1,ctrl,28,300,1
D,31,10,11,1,2
W,31,10,2,ai,43,100,8
W,31,10,3,log,28,50,4
S,31,10,884,2361
W,32,10,1,ctrl,28,300,1
D,32,10,11,0,0
W,32,10,2,ai,51,100,8
W,32,10,3,log,24,50,4
S,32,10,847,2457
W,33,10,1,ctrl,27,300,2
D,33,10,10,0,0
W,33,10,2,ai,49,100,8
W,33,10,3,log,29,50,4
S,33,10,877,2591
W,34,10,1,ctrl,11,300,1
D,34,10,2,1,2
W,34,10,2,ai,2,100,1
W,34,10,3,log,2,50,1
S,34,10,819,1669
J,1,ctrl,1,360,16,35,4,2159,14063,1,14
# done
# RUN config=light alpha=10 rep=1/3
# prev_baseline_reset ngroups=3
# schedlab win=100 total=3600 groups=3
W,1,10,1,ctrl,44,300,1
D,1,10,18,0,0
W,1,10,2,ai,84,100,8
W,1,10,3,log,48,50,4
S,1,10,874,2664
W,2,10,1,ctrl,29,300,1
D,2,10,11,0,0
W,2,10,2,ai,41,100,8
W,2,10,3,log,26,50,4
S,2,10,884,2205
W,3,10,1,ctrl,29,300,1
D,3,10,10,0,0
W,3,10,2,ai,48,100,8
W,3,10,3,log,25,50,4
S,3,10,863,2345
W,4,10,1,ctrl,27,300,2
D,4,10,10,0,0
W,4,10,2,ai,50,100,8
W,4,10,3,log,22,50,4
S,4,10,835,2448
W,5,10,1,ctrl,32,300,2
D,5,10,11,1,4
W,5,10,2,ai,48,100,8
W,5,10,3,log,29,50,4
S,5,10,880,2273
W,6,10,1,ctrl,26,300,1
D,6,10,11,1,1
W,6,10,2,ai,51,100,8
W,6,10,3,log,24,50,4
S,6,10,847,2591
W,7,10,1,ctrl,29,300,2
D,7,10,10,0,0
W,7,10,2,ai,43,100,8
W,7,10,3,log,26,50,4
S,7,10,879,2257
W,8,10,1,ctrl,26,300,1
D,8,10,11,0,0
W,8,10,2,ai,49,100,8
W,8,10,3,log,25,50,4
S,8,10,860,2561
W,9,10,1,ctrl,23,300,2
D,9,10,10,0,0
W,9,10,2,ai,46,100,8
W,9,10,3,log,30,50,4
S,9,10,884,2870
W,10,10,1,ctrl,29,300,1
D,10,10,11,1,1
W,10,10,2,ai,50,100,8
W,10,10,3,log,24,50,4
S,10,10,850,2370
W,11,10,1,ctrl,24,300,2
D,11,10,10,0,0
W,11,10,2,ai,44,100,8
W,11,10,3,log,31,50,4
S,11,10,888,2752
W,12,10,1,ctrl,32,300,2
D,12,10,11,1,3
W,12,10,2,ai,49,100,8
W,12,10,3,log,24,50,4
S,12,10,853,2190
W,13,10,1,ctrl,29,300,2
D,13,10,11,1,3
W,13,10,2,ai,51,100,8
W,13,10,3,log,27,50,4
S,13,10,865,2457
W,14,10,1,ctrl,31,300,1
D,14,10,11,1,2
W,14,10,2,ai,44,100,8
W,14,10,3,log,23,50,4
S,14,10,863,2107
W,15,10,1,ctrl,25,300,2
D,15,10,10,0,0
W,15,10,2,ai,51,100,8
W,15,10,3,log,26,50,4
S,15,10,859,2718
W,16,10,1,ctrl,27,300,1
D,16,10,11,1,1
W,16,10,2,ai,52,100,8
W,16,10,3,log,24,50,4
S,16,10,844,2541
W,17,10,1,ctrl,32,300,1
D,17,10,11,0,0
W,17,10,2,ai,46,100,8
W,17,10,3,log,26,50,4
S,17,10,874,2169
W,18,10,1,ctrl,29,300,2
D,18,10,10,0,0
W,18,10,2,ai,44,100,8
W,18,10,3,log,24,50,4
S,18,10,868,2234
W,19,10,1,ctrl,29,300,2
D,19,10,11,1,2
W,19,10,2,ai,48,100,8
W,19,10,3,log,29,50,4
S,19,10,879,2439
W,20,10,1,ctrl,27,300,1
D,20,10,11,0,0
W,20,10,2,ai,52,100,8
W,20,10,3,log,24,50,4
S,20,10,844,2541
W,21,10,1,ctrl,30,300,1
D,21,10,11,0,0
W,21,10,2,ai,50,100,8
W,21,10,3,log,24,50,4
S,21,10,849,2312
W,22,10,1,ctrl,34,300,2
D,22,10,10,0,0
W,22,10,2,ai,43,100,8
W,22,10,3,log,26,50,4
S,22,10,881,2018
W,23,10,1,ctrl,31,300,2
D,23,10,11,1,5
W,23,10,2,ai,47,100,8
W,23,10,3,log,26,50,4
S,23,10,871,2234
W,24,10,1,ctrl,30,300,2
D,24,10,11,1,3
W,24,10,2,ai,45,100,8
W,24,10,3,log,28,50,4
S,24,10,881,2288
W,25,10,1,ctrl,26,300,1
D,25,10,11,0,0
W,25,10,2,ai,48,100,8
W,25,10,3,log,24,50,4
S,25,10,856,2513
W,26,10,1,ctrl,26,300,2
D,26,10,10,0,0
W,26,10,2,ai,51,100,8
W,26,10,3,log,25,50,4
S,26,10,854,2622
W,27,10,1,ctrl,30,300,1
D,27,10,11,1,1
W,27,10,2,ai,49,100,8
W,27,10,3,log,23,50,4
S,27,10,846,2265
W,28,10,1,ctrl,26,300,2
D,28,10,10,0,0
W,28,10,2,ai,51,100,8
W,28,10,3,log,26,50,4
S,28,10,859,2642
W,29,10,1,ctrl,27,300,1
D,29,10,11,0,0
W,29,10,2,ai,45,100,8
W,29,10,3,log,28,50,4
S,29,10,883,2466
W,30,10,1,ctrl,31,300,1
D,30,10,11,0,0
W,30,10,2,ai,45,100,8
W,30,10,3,log,26,50,4
S,30,10,875,2198
W,31,10,1,ctrl,28,300,2
D,31,10,10,0,0
W,31,10,2,ai,46,100,8
W,31,10,3,log,27,50,4
S,31,10,877,2404
W,32,10,1,ctrl,26,300,1
D,32,10,11,0,0
W,32,10,2,ai,50,100,8
W,32,10,3,log,22,50,4
S,32,10,835,2513
W,33,10,1,ctrl,26,300,2
D,33,10,10,0,0
W,33,10,2,ai,44,100,8
W,33,10,3,log,29,50,4
S,33,10,885,2541
W,34,10,1,ctrl,9,300,1
D,34,10,2,1,2
W,34,10,2,ai,2,100,1
W,34,10,3,log,1,50,1
S,34,10,857,1337
J,1,ctrl,1,360,12,28,5,2148,13824,1,15
# done
# RUN config=light alpha=10 rep=2/3
# prev_baseline_reset ngroups=3
# schedlab win=100 total=3600 groups=3
W,1,10,1,ctrl,45,300,1
D,1,10,18,0,0
W,1,10,2,ai,84,100,8
W,1,10,3,log,41,50,4
S,1,10,853,2522
W,2,10,1,ctrl,24,300,2
D,2,10,10,0,0
W,2,10,2,ai,47,100,8
W,2,10,3,log,27,50,4
S,2,10,874,2729
W,3,10,1,ctrl,31,300,1
D,3,10,11,0,0
W,3,10,2,ai,50,100,8
W,3,10,3,log,21,50,4
S,3,10,824,2198
W,4,10,1,ctrl,26,300,2
D,4,10,10,0,0
W,4,10,2,ai,47,100,8
W,4,10,3,log,27,50,4
S,4,10,875,2561
W,5,10,1,ctrl,24,300,1
D,5,10,11,0,0
W,5,10,2,ai,51,100,8
W,5,10,3,log,24,50,4
S,5,10,847,2752
W,6,10,1,ctrl,29,300,1
D,6,10,11,0,0
W,6,10,2,ai,47,100,8
W,6,10,3,log,26,50,4
S,6,10,870,2345
W,7,10,1,ctrl,25,300,2
D,7,10,10,0,0
W,7,10,2,ai,51,100,8
W,7,10,3,log,28,50,4
S,7,10,869,2775
W,8,10,1,ctrl,30,300,1
D,8,10,11,0,0
W,8,10,2,ai,48,100,8
W,8,10,3,log,24,50,4
S,8,10,857,2265
W,9,10,1,ctrl,32,300,1
D,9,10,11,0,0
W,9,10,2,ai,48,100,8
W,9,10,3,log,22,50,4
S,9,10,841,2127
W,10,10,1,ctrl,24,300,2
D,10,10,10,0,0
W,10,10,2,ai,53,100,8
W,10,10,3,log,26,50,4
S,10,10,854,2858
W,11,10,1,ctrl,30,300,2
D,11,10,11,0,0
W,11,10,2,ai,50,100,8
W,11,10,3,log,24,50,4
S,11,10,849,2312
W,12,10,1,ctrl,29,300,1
D,12,10,11,0,0
W,12,10,2,ai,47,100,8
W,12,10,3,log,23,50,4
S,12,10,853,2280
W,13,10,1,ctrl,34,300,1
D,13,10,11,0,0
W,13,10,2,ai,42,100,8
W,13,10,3,log,24,50,4
S,13,10,876,1958
W,14,10,1,ctrl,30,300,2
D,14,10,10,0,0
W,14,10,2,ai,48,100,8
W,14,10,3,log,25,50,4
S,14,10,862,2288
W,15,10,1,ctrl,28,300,1
D,15,10,11,0,0
W,15,10,2,ai,48,100,8
W,15,10,3,log,25,50,4
S,15,10,862,2404
W,16,10,1,ctrl,24,300,2
D,16,10,10,0,0
W,16,10,2,ai,50,100,8
W,16,10,3,log,27,50,4
S,16,10,867,2810
W,17,10,1,ctrl,28,300,2
D,17,10,11,0,0
W,17,10,2,ai,54,100,8
W,17,10,3,log,23,50,4
S,17,10,830,2503
W,18,10,1,ctrl,28,300,1
D,18,10,11,0,0
W,18,10,2,ai,43,100,8
W,18,10,3,log,23,50,4
S,18,10,865,2242
W,19,10,1,ctrl,25,300,2
D,19,10,10,0,0
W,19,10,2,ai,49,100,8
W,19,10,3,log,27,50,4
S,19,10,869,2696
W,20,10,1,ctrl,30,300,2
D,20,10,11,1,1
W,20,10,2,ai,53,100,8
W,20,10,3,log,23,50,4
S,20,10,832,2353
W,21,10,1,ctrl,30,300,1
D,21,10,11,0,0
W,21,10,2,ai,43,100,8
W,21,10,3,log,22,50,4
S,21,10,859,2114
W,22,10,1,ctrl,26,300,2
D,22,10,10,0,0
W,22,10,2,ai,53,100,8
W,22,10,3,log,20,50,4
S,22,10,807,2541
W,23,10,1,ctrl,31,300,1
D,23,10,11,0,0
W,23,10,2,ai,46,100,8
W,23,10,3,log,23,50,4
S,23,10,857,2148
W,24,10,1,ctrl,25,300,2
D,24,10,10,0,0
W,24,10,2,ai,46,100,8
W,24,10,3,log,26,50,4
S,24,10,873,2591
W,25,10,1,ctrl,34,300,2
D,25,10,11,1,1
W,25,10,2,ai,51,100,8
W,25,10,3,log,22,50,4
S,25,10,829,2100
W,26,10,1,ctrl,31,300,2
D,26,10,11,0,0
W,26,10,2,ai,52,100,8
W,26,10,3,log,25,50,4
S,26,10,850,2320
W,27,10,1,ctrl,29,300,2
D,27,10,11,0,0
W,27,10,2,ai,55,100,8
W,27,10,3,log,22,50,4
S,27,10,817,2439
W,28,10,1,ctrl,32,300,1
D,28,10,11,0,0
W,28,10,2,ai,48,100,8
W,28,10,3,log,24,50,4
S,28,10,856,2169
W,29,10,1,ctrl,28,300,1
D,29,10,11,0,0
W,29,10,2,ai,53,100,8
W,29,10,3,log,23,50,4
S,29,10,833,2475
W,30,10,1,ctrl,30,300,1
D,30,10,11,0,0
W,30,10,2,ai,46,100,8
W,30,10,3,log,29,50,4
S,30,10,883,2336
W,31,10,1,ctrl,23,300,2
D,31,10,10,0,0
W,31,10,2,ai,52,100,8
W,31,10,3,log,27,50,4
S,31,10,861,2960
W,32,10,1,ctrl,31,300,2
D,32,10,11,1,1
W,32,10,2,ai,53,100,8
W,32,10,3,log,24,50,4
S,32,10,840,2320
W,33,10,1,ctrl,30,300,1
D,33,10,11,1,3
W,33,10,2,ai,46,100,4
W,33,10,3,log,23,50,3
S,33,10,857,2198
J,1,ctrl,1,360,4,6,3,896,3382,1,13
# done
# RUN config=light alpha=10 rep=3/3
# prev_baseline_reset ngroups=3
# schedlab win=100 total=3600 groups=3
W,1,10,1,ctrl,45,300,2
D,1,10,18,1,2
W,1,10,2,ai,82,100,8
W,1,10,3,log,48,50,4
S,1,10,876,2591
W,2,10,1,ctrl,28,300,1
D,2,10,11,0,0
W,2,10,2,ai,46,100,8
W,2,10,3,log,24,50,4
S,2,10,862,2336
W,3,10,1,ctrl,30,300,1
D,3,10,11,0,0
W,3,10,2,ai,47,100,8
W,3,10,3,log,24,50,4
S,3,10,860,2242
W,4,10,1,ctrl,25,300,2
D,4,10,10,0,0
W,4,10,2,ai,53,100,8
W,4,10,3,log,25,50,4
S,4,10,847,2752
W,5,10,1,ctrl,28,300,2
D,5,10,11,0,0
W,5,10,2,ai,48,100,8
W,5,10,3,log,29,50,4
S,5,10,879,2503
W,6,10,1,ctrl,27,300,1
D,6,10,11,0,0
W,6,10,2,ai,48,100,8
W,6,10,3,log,26,50,4
S,6,10,868,2494
W,7,10,1,ctrl,23,300,2
D,7,10,10,0,0
W,7,10,2,ai,50,100,8
W,7,10,3,log,29,50,4
S,7,10,875,2960
W,8,10,1,ctrl,28,300,2
D,8,10,11,0,0
W,8,10,2,ai,49,100,8
W,8,10,3,log,28,50,4
S,8,10,873,2503
W,9,10,1,ctrl,29,300,2
D,9,10,11,0,0
W,9,10,2,ai,54,100,8
W,9,10,3,log,23,50,4
S,9,10,828,2439
W,10,10,1,ctrl,26,300,1
D,10,10,11,0,0
W,10,10,2,ai,43,100,8
W,10,10,3,log,24,50,4
S,10,10,872,2387
W,11,10,1,ctrl,27,300,2
D,11,10,10,0,0
W,11,10,2,ai,48,100,8
W,11,10,3,log,29,50,4
S,11,10,878,2571
W,12,10,1,ctrl,30,300,1
D,12,10,11,0,0
W,12,10,2,ai,51,100,8
W,12,10,3,log,25,50,4
S,12,10,853,2353
W,13,10,1,ctrl,30,300,2
D,13,10,11,0,0
W,13,10,2,ai,52,100,8
W,13,10,3,log,25,50,4
S,13,10,850,2378
W,14,10,1,ctrl,26,300,1
D,14,10,11,0,0
W,14,10,2,ai,48,100,8
W,14,10,3,log,26,50,4
S,14,10,868,2561
W,15,10,1,ctrl,32,300,1
D,15,10,11,0,0
W,15,10,2,ai,48,100,8
W,15,10,3,log,24,50,4
S,15,10,856,2169
W,16,10,1,ctrl,25,300,2
D,16,10,10,0,0
W,16,10,2,ai,47,100,8
W,16,10,3,log,29,50,4
S,16,10,881,2696
W,17,10,1,ctrl,30,300,2
D,17,10,11,0,0
W,17,10,2,ai,54,100,8
W,17,10,3,log,24,50,4
S,17,10,837,2404
W,18,10,1,ctrl,28,300,1
D,18,10,11,0,0
W,18,10,2,ai,46,100,8
W,18,10,3,log,27,50,4
S,18,10,877,2404
W,19,10,1,ctrl,26,300,2
D,19,10,10,0,0
W,19,10,2,ai,52,100,8
W,19,10,3,log,29,50,4
S,19,10,871,2752
W,20,10,1,ctrl,31,300,2
D,20,10,11,1,3
W,20,10,2,ai,46,100,8
W,20,10,3,log,22,50,4
S,20,10,849,2127
W,21,10,1,ctrl,30,300,1
D,21,10,11,0,0
W,21,10,2,ai,47,100,8
W,21,10,3,log,22,50,4
S,21,10,846,2198
W,22,10,1,ctrl,30,300,1
D,22,10,11,0,0
W,22,10,2,ai,46,100,8
W,22,10,3,log,28,50,4
S,22,10,880,2312
W,23,10,1,ctrl,27,300,2
D,23,10,10,0,0
W,23,10,2,ai,50,100,8
W,23,10,3,log,26,50,4
S,23,10,862,2541
W,24,10,1,ctrl,28,300,1
D,24,10,11,0,0
W,24,10,2,ai,48,100,8
W,24,10,3,log,23,50,4
S,24,10,849,2361
W,25,10,1,ctrl,29,300,2
D,25,10,10,0,0
W,25,10,2,ai,42,100,8
W,25,10,3,log,30,50,4
S,25,10,888,2320
W,26,10,1,ctrl,24,300,2
D,26,10,10,0,0
W,26,10,2,ai,55,100,8
W,26,10,3,log,24,50,4
S,26,10,835,2858
W,27,10,1,ctrl,32,300,2
D,27,10,11,1,5
W,27,10,2,ai,44,100,8
W,27,10,3,log,26,50,4
S,27,10,877,2127
W,28,10,1,ctrl,26,300,1
D,28,10,11,0,0
W,28,10,2,ai,49,100,8
W,28,10,3,log,24,50,4
S,28,10,853,2541
W,29,10,1,ctrl,25,300,2
D,29,10,10,0,0
W,29,10,2,ai,47,100,8
W,29,10,3,log,26,50,4
S,29,10,870,2611
W,30,10,1,ctrl,31,300,1
D,30,10,11,0,0
W,30,10,2,ai,49,100,8
W,30,10,3,log,20,50,4
S,30,10,820,2148
W,31,10,1,ctrl,28,300,1
D,31,10,11,0,0
W,31,10,2,ai,48,100,8
W,31,10,3,log,24,50,4
S,31,10,857,2378
W,32,10,1,ctrl,27,300,2
D,32,10,10,0,0
W,32,10,2,ai,54,100,8
W,32,10,3,log,23,50,4
S,32,10,830,2571
W,33,10,1,ctrl,28,300,1
D,33,10,11,0,0
W,33,10,2,ai,50,100,8
W,33,10,3,log,26,50,4
S,33,10,863,2475
J,1,ctrl,1,360,3,10,5,972,4104,1,15
# done
# WARMUP config=light alpha=20
# prev_baseline_reset ngroups=3
# schedlab win=100 total=3600 groups=3
W,1,20,1,ctrl,42,300,2
D,1,20,18,1,2
W,1,20,2,ai,91,100,8
W,1,20,3,log,48,50,4
S,1,20,864,2870
W,2,20,1,ctrl,29,300,1
D,2,20,11,1,1
W,2,20,2,ai,43,100,8
W,2,20,3,log,28,50,4
S,2,20,886,2296
W,3,20,1,ctrl,25,300,2
D,3,20,10,0,0
W,3,20,2,ai,48,100,8
W,3,20,3,log,24,50,4
S,3,20,856,2591
W,4,20,1,ctrl,31,300,1
D,4,20,11,0,0
W,4,20,2,ai,44,100,8
W,4,20,3,log,24,50,4
S,4,20,869,2127
W,5,20,1,ctrl,27,300,2
D,5,20,10,0,0
W,5,20,2,ai,50,100,8
W,5,20,3,log,23,50,4
S,5,20,844,2466
W,6,20,1,ctrl,27,300,1
D,6,20,11,0,0
W,6,20,2,ai,47,100,8
W,6,20,3,log,27,50,4
S,6,20,875,2494
W,7,20,1,ctrl,28,300,1
D,7,20,11,0,0
W,7,20,2,ai,48,100,8
W,7,20,3,log,24,50,4
S,7,20,857,2378
W,8,20,1,ctrl,26,300,2
D,8,20,10,0,0
W,8,20,2,ai,53,100,8
W,8,20,3,log,27,50,4
S,8,20,859,2718
W,9,20,1,ctrl,26,300,1
D,9,20,11,0,0
W,9,20,2,ai,50,100,8
W,9,20,3,log,24,50,4
S,9,20,851,2561
W,10,20,1,ctrl,24,300,2
D,10,20,10,0,0
W,10,20,2,ai,51,100,8
W,10,20,3,log,24,50,4
S,10,20,847,2752
W,11,20,1,ctrl,27,300,1
D,11,20,11,0,0
W,11,20,2,ai,45,100,8
W,11,20,3,log,27,50,4
S,11,20,878,2448
W,12,20,1,ctrl,26,300,2
D,12,20,10,0,0
W,12,20,2,ai,50,100,8
W,12,20,3,log,24,50,4
S,12,20,851,2561
W,13,20,1,ctrl,27,300,1
D,13,20,11,0,0
W,13,20,2,ai,49,100,8
W,13,20,3,log,26,50,4
S,13,20,864,2522
W,14,20,1,ctrl,26,300,2
D,14,20,10,0,0
W,14,20,2,ai,51,100,8
W,14,20,3,log,24,50,4
S,14,20,847,2591
W,15,20,1,ctrl,28,300,1
D,15,20,11,0,0
W,15,20,2,ai,47,100,8
W,15,20,3,log,29,50,4
S,15,20,880,2475
W,16,20,1,ctrl,25,300,2
D,16,20,10,0,0
W,16,20,2,ai,52,100,8
W,16,20,3,log,24,50,4
S,16,20,843,2696
W,17,20,1,ctrl,26,300,1
D,17,20,11,0,0
W,17,20,2,ai,44,100,8
W,17,20,3,log,28,50,4
S,17,20,883,2513
W,18,20,1,ctrl,27,300,2
D,18,20,10,0,0
W,18,20,2,ai,50,100,8
W,18,20,3,log,23,50,4
S,18,20,844,2466
W,19,20,1,ctrl,29,300,1
D,19,20,11,0,0
W,19,20,2,ai,46,100,8
W,19,20,3,log,24,50,4
S,19,20,862,2280
W,20,20,1,ctrl,26,300,2
D,20,20,10,0,0
W,20,20,2,ai,50,100,8
W,20,20,3,log,25,50,4
S,20,20,856,2591
W,21,20,1,ctrl,32,300,2
D,21,20,11,0,0
W,21,20,2,ai,51,100,8
W,21,20,3,log,21,50,4
S,21,20,820,2169
W,22,20,1,ctrl,27,300,1
D,22,20,11,0,0
W,22,20,2,ai,49,100,8
W,22,20,3,log,27,50,4
S,22,20,870,2541
W,23,20,1,ctrl,26,300,2
D,23,20,10,0,0
W,23,20,2,ai,45,100,8
W,23,20,3,log,28,50,4
S,23,20,881,2541
W,24,20,1,ctrl,32,300,2
D,24,20,11,1,1
W,24,20,2,ai,50,100,8
W,24,20,3,log,23,50,4
S,24,20,843,2190
W,25,20,1,ctrl,29,300,1
D,25,20,11,0,0
W,25,20,2,ai,44,100,8
W,25,20,3,log,27,50,4
S,25,20,882,2296
W,26,20,1,ctrl,29,300,1
D,26,20,11,0,0
W,26,20,2,ai,49,100,8
W,26,20,3,log,24,50,4
S,26,20,853,2345
W,27,20,1,ctrl,25,300,2
D,27,20,10,0,0
W,27,20,2,ai,53,100,8
W,27,20,3,log,26,50,4
S,27,20,854,2775
W,28,20,1,ctrl,28,300,1
D,28,20,11,0,0
W,28,20,2,ai,46,100,8
W,28,20,3,log,23,50,4
S,28,20,857,2312
W,29,20,1,ctrl,26,300,2
D,29,20,10,0,0
W,29,20,2,ai,49,100,8
W,29,20,3,log,25,50,4
S,29,20,860,2561
W,30,20,1,ctrl,31,300,2
D,30,20,11,1,1
W,30,20,2,ai,49,100,8
W,30,20,3,log,28,50,4
S,30,20,874,2320
W,31,20,1,ctrl,34,300,2
D,31,20,11,1,1
W,31,20,2,ai,47,100,8
W,31,20,3,log,22,50,4
S,31,20,845,2018
W,32,20,1,ctrl,31,300,2
D,32,20,11,1,1
W,32,20,2,ai,47,100,8
W,32,20,3,log,27,50,4
S,32,20,875,2257
W,33,20,1,ctrl,28,300,1
D,33,20,11,0,0
W,33,20,2,ai,50,100,8
W,33,20,3,log,23,50,4
S,33,20,843,2404
W,34,20,1,ctrl,11,300,1
D,34,20,2,0,0
W,34,20,2,ai,6,100,1
W,34,20,3,log,3,50,1
S,34,20,859,1210
J,1,ctrl,1,360,6,7,2,1547,7323,0,12
# done
# RUN config=light alpha=20 rep=1/3
# prev_baseline_reset ngroups=3
# schedlab win=100 total=3600 groups=3
W,1,20,1,ctrl,43,300,1
D,1,20,19,1,2
W,1,20,2,ai,85,100,8
W,1,20,3,log,50,50,4
S,1,20,876,2763
W,2,20,1,ctrl,25,300,2
D,2,20,10,0,0
W,2,20,2,ai,51,100,8
W,2,20,3,log,26,50,4
S,2,20,859,2718
W,3,20,1,ctrl,33,300,1
D,3,20,11,0,0
W,3,20,2,ai,47,100,8
W,3,20,3,log,20,50,4
S,3,20,828,2018
W,4,20,1,ctrl,27,300,2
D,4,20,10,0,0
W,4,20,2,ai,50,100,8
W,4,20,3,log,25,50,4
S,4,20,857,2522
W,5,20,1,ctrl,28,300,2
D,5,20,11,1,2
W,5,20,2,ai,48,100,8
W,5,20,3,log,26,50,4
S,5,20,867,2430
W,6,20,1,ctrl,29,300,2
D,6,20,11,0,0
W,6,20,2,ai,49,100,8
W,6,20,3,log,27,50,4
S,6,20,870,2413
W,7,20,1,ctrl,27,300,2
D,7,20,10,0,0
W,7,20,2,ai,48,100,8
W,7,20,3,log,26,50,4
S,7,20,868,2494
W,8,20,1,ctrl,25,300,2
D,8,20,11,1,1
W,8,20,2,ai,53,100,8
W,8,20,3,log,24,50,4
S,8,20,841,2718
W,9,20,1,ctrl,27,300,1
D,9,20,11,0,0
W,9,20,2,ai,47,100,8
W,9,20,3,log,25,50,4
S,9,20,865,2448
W,10,20,1,ctrl,23,300,2
D,10,20,10,0,0
W,10,20,2,ai,50,100,8
W,10,20,3,log,27,50,4
S,10,20,868,2895
W,11,20,1,ctrl,30,300,1
D,11,20,11,0,0
W,11,20,2,ai,53,100,8
W,11,20,3,log,20,50,4
S,11,20,805,2288
W,12,20,1,ctrl,26,300,2
D,12,20,10,0,0
W,12,20,2,ai,47,100,8
W,12,20,3,log,25,50,4
S,12,20,865,2513
W,13,20,1,ctrl,28,300,1
D,13,20,11,0,0
W,13,20,2,ai,46,100,8
W,13,20,3,log,25,50,4
S,13,20,868,2361
W,14,20,1,ctrl,30,300,1
D,14,20,11,0,0
W,14,20,2,ai,44,100,8
W,14,20,3,log,26,50,4
S,14,20,879,2220
W,15,20,1,ctrl,28,300,2
D,15,20,10,0,0
W,15,20,2,ai,50,100,8
W,15,20,3,log,26,50,4
S,15,20,863,2475
W,16,20,1,ctrl,30,300,1
D,16,20,11,0,0
W,16,20,2,ai,43,100,8
W,16,20,3,log,26,50,4
S,16,20,880,2198
W,17,20,1,ctrl,29,300,1
D,17,20,10,0,0
W,17,20,2,ai,40,100,8
W,17,20,3,log,26,50,4
S,17,20,885,2183
W,18,20,1,ctrl,30,300,2
D,18,20,11,1,1
W,18,20,2,ai,54,100,8
W,18,20,3,log,24,50,4
S,18,20,837,2404
W,19,20,1,ctrl,26,300,1
D,19,20,11,0,0
W,19,20,2,ai,48,100,8
W,19,20,3,log,26,50,4
S,19,20,868,2561
W,20,20,1,ctrl,27,300,2
D,20,20,10,0,0
W,20,20,2,ai,47,100,8
W,20,20,3,log,27,50,4
S,20,20,875,2494
W,21,20,1,ctrl,33,300,2
D,21,20,11,1,2
W,21,20,2,ai,42,100,8
W,21,20,3,log,26,50,4
S,21,20,882,2042
W,22,20,1,ctrl,28,300,2
D,22,20,11,0,0
W,22,20,2,ai,52,100,8
W,22,20,3,log,23,50,4
S,22,20,836,2457
W,23,20,1,ctrl,29,300,2
D,23,20,11,0,0
W,23,20,2,ai,50,100,8
W,23,20,3,log,29,50,4
S,23,20,875,2485
W,24,20,1,ctrl,28,300,1
D,24,20,11,0,0
W,24,20,2,ai,49,100,8
W,24,20,3,log,26,50,4
S,24,20,864,2457
W,25,20,1,ctrl,31,300,1
D,25,20,11,0,0
W,25,20,2,ai,50,100,8
W,25,20,3,log,22,50,4
S,25,20,834,2220
W,26,20,1,ctrl,26,300,2
D,26,20,10,0,0
W,26,20,2,ai,50,100,8
W,26,20,3,log,25,50,4
S,26,20,856,2591
W,27,20,1,ctrl,30,300,1
D,27,20,11,0,0
W,27,20,2,ai,45,100,8
W,27,20,3,log,24,50,4
S,27,20,866,2198
W,28,20,1,ctrl,28,300,2
D,28,20,10,0,0
W,28,20,2,ai,44,100,8
W,28,20,3,log,24,50,4
S,28,20,869,2288
W,29,20,1,ctrl,29,300,2
D,29,20,11,0,0
W,29,20,2,ai,47,100,8
W,29,20,3,log,28,50,4
S,29,20,878,2395
W,30,20,1,ctrl,30,300,2
D,30,20,11,0,0
W,30,20,2,ai,51,100,8
W,30,20,3,log,24,50,4
S,30,20,846,2336
W,31,20,1,ctrl,31,300,2
D,31,20,11,0,0
W,31,20,2,ai,50,100,8
W,31,20,3,log,25,50,4
S,31,20,856,2280
W,32,20,1,ctrl,30,300,1
D,32,20,11,0,0
W,32,20,2,ai,42,100,8
W,32,20,3,log,25,50,4
S,32,20,878,2155
W,33,20,1,ctrl,24,300,1
D,33,20,10,0,0
W,33,20,2,ai,46,100,5
W,33,20,3,log,26,50,3
S,33,20,872,2664
J,1,ctrl,1,360,5,8,2,933,3669,1,12
# done
# RUN config=light alpha=20 rep=2/3
# prev_baseline_reset ngroups=3
# schedlab win=100 total=3600 groups=3
W,1,20,1,ctrl,41,300,1
D,1,20,18,1,1
W,1,20,2,ai,87,100,8
W,1,20,3,log,47,50,4
S,1,20,867,2846
W,2,20,1,ctrl,26,300,2
D,2,20,10,0,0
W,2,20,2,ai,39,100,8
W,2,20,3,log,32,50,4
S,2,20,886,2485
W,3,20,1,ctrl,33,300,1
D,3,20,11,1,2
W,3,20,2,ai,46,100,8
W,3,20,3,log,20,50,4
S,3,20,831,2000
W,4,20,1,ctrl,30,300,1
D,4,20,11,0,0
W,4,20,2,ai,48,100,8
W,4,20,3,log,25,50,4
S,4,20,862,2288
W,5,20,1,ctrl,26,300,2
D,5,20,10,0,0
W,5,20,2,ai,45,100,8
W,5,20,3,log,27,50,4
S,5,20,879,2513
W,6,20,1,ctrl,29,300,1
D,6,20,11,1,1
W,6,20,2,ai,45,100,8
W,6,20,3,log,23,50,4
S,6,20,860,2234
W,7,20,1,ctrl,33,300,1
D,7,20,11,0,0
W,7,20,2,ai,50,100,8
W,7,20,3,log,22,50,4
S,7,20,834,2121
W,8,20,1,ctrl,26,300,2
D,8,20,10,0,0
W,8,20,2,ai,49,100,8
W,8,20,3,log,29,50,4
S,8,20,877,2664
W,9,20,1,ctrl,31,300,1
D,9,20,11,1,2
W,9,20,2,ai,43,100,8
W,9,20,3,log,26,50,4
S,9,20,881,2148
W,10,20,1,ctrl,30,300,1
D,10,20,11,0,0
W,10,20,2,ai,48,100,8
W,10,20,3,log,24,50,4
S,10,20,857,2265
W,11,20,1,ctrl,30,300,2
D,11,20,10,0,0
W,11,20,2,ai,49,100,8
W,11,20,3,log,27,50,4
S,11,20,870,2353
W,12,20,1,ctrl,27,300,1
D,12,20,11,1,1
W,12,20,2,ai,50,100,8
W,12,20,3,log,24,50,4
S,12,20,850,2494
W,13,20,1,ctrl,29,300,2
D,13,20,10,0,0
W,13,20,2,ai,45,100,8
W,13,20,3,log,23,50,4
S,13,20,860,2234
W,14,20,1,ctrl,30,300,2
D,14,20,11,1,3
W,14,20,2,ai,46,100,8
W,14,20,3,log,29,50,4
S,14,20,883,2336
W,15,20,1,ctrl,29,300,1
D,15,20,11,1,1
W,15,20,2,ai,47,100,8
W,15,20,3,log,24,50,4
S,15,20,860,2296
W,16,20,1,ctrl,29,300,1
D,16,20,11,0,0
W,16,20,2,ai,49,100,8
W,16,20,3,log,26,50,4
S,16,20,865,2395
W,17,20,1,ctrl,24,300,2
D,17,20,10,0,0
W,17,20,2,ai,51,100,8
W,17,20,3,log,27,50,4
S,17,20,864,2834
W,18,20,1,ctrl,29,300,2
D,18,20,11,1,6
W,18,20,2,ai,49,100,8
W,18,20,3,log,24,50,4
S,18,20,853,2345
W,19,20,1,ctrl,26,300,1
D,19,20,11,0,0
W,19,20,2,ai,52,100,8
W,19,20,3,log,25,50,4
S,19,20,850,2642
W,20,20,1,ctrl,21,300,2
D,20,20,10,0,0
W,20,20,2,ai,51,100,8
W,20,20,3,log,29,50,4
S,20,20,872,3217
W,21,20,1,ctrl,29,300,1
D,21,20,11,1,1
W,21,20,2,ai,47,100,8
W,21,20,3,log,19,50,4
S,21,20,818,2183
W,22,20,1,ctrl,33,300,1
D,22,20,11,0,0
W,22,20,2,ai,49,100,8
W,22,20,3,log,23,50,4
S,22,20,846,2121
W,23,20,1,ctrl,34,300,1
D,23,20,11,0,0
W,23,20,2,ai,43,100,8
W,23,20,3,log,27,50,4
S,23,20,883,2042
W,24,20,1,ctrl,26,300,2
D,24,20,10,0,0
W,24,20,2,ai,54,100,8
W,24,20,3,log,23,50,4
S,24,20,830,2642
W,25,20,1,ctrl,30,300,2
D,25,20,11,1,3
W,25,20,2,ai,50,100,8
W,25,20,3,log,27,50,4
S,25,20,867,2378
W,26,20,1,ctrl,29,300,1
D,26,20,11,1,1
W,26,20,2,ai,50,100,8
W,26,20,3,log,24,50,4
S,26,20,850,2370
W,27,20,1,ctrl,24,300,2
D,27,20,10,0,0
W,27,20,2,ai,44,100,8
W,27,20,3,log,27,50,4
S,27,20,880,2642
W,28,20,1,ctrl,27,300,1
D,28,20,11,0,0
W,28,20,2,ai,51,100,8
W,28,20,3,log,22,50,4
S,28,20,832,2466
W,29,20,1,ctrl,30,300,2
D,29,20,10,0,0
W,29,20,2,ai,47,100,8
W,29,20,3,log,24,50,4
S,29,20,860,2242
W,30,20,1,ctrl,31,300,1
D,30,20,11,1,3
W,30,20,2,ai,47,100,8
W,30,20,3,log,24,50,4
S,30,20,859,2198
W,31,20,1,ctrl,30,300,1
D,31,20,11,0,0
W,31,20,2,ai,47,100,8
W,31,20,3,log,26,50,4
S,31,20,871,2288
W,32,20,1,ctrl,27,300,2
D,32,20,10,0,0
W,32,20,2,ai,49,100,8
W,32,20,3,log,26,50,4
S,32,20,864,2522
W,33,20,1,ctrl,33,300,2
D,33,20,11,1,4
W,33,20,2,ai,49,100,8
W,33,20,3,log,22,50,4
S,33,20,837,2100
J,1,ctrl,1,359,13,29,6,2188,14342,2,16
# done
# RUN config=light alpha=20 rep=3/3
# prev_baseline_reset ngroups=3
# schedlab win=100 total=3600 groups=3
W,1,20,1,ctrl,44,300,1
D,1,20,18,1,2
W,1,20,2,ai,83,100,8
W,1,20,3,log,50,50,4
S,1,20,878,2685
W,2,20,1,ctrl,30,300,1
D,2,20,11,0,0
W,2,20,2,ai,49,100,8
W,2,20,3,log,22,50,4
S,2,20,838,2242
W,3,20,1,ctrl,29,300,2
D,3,20,10,0,0
W,3,20,2,ai,49,100,8
W,3,20,3,log,24,50,4
S,3,20,853,2345
W,4,20,1,ctrl,26,300,1
D,4,20,11,0,0
W,4,20,2,ai,46,100,8
W,4,20,3,log,28,50,4
S,4,20,881,2561
W,5,20,1,ctrl,32,300,1
D,5,20,11,0,0
W,5,20,2,ai,48,100,8
W,5,20,3,log,24,50,4
S,5,20,856,2169
W,6,20,1,ctrl,31,300,2
D,6,20,10,0,0
W,6,20,2,ai,46,100,8
W,6,20,3,log,26,50,4
S,6,20,873,2220
W,7,20,1,ctrl,31,300,1
D,7,20,11,0,0
W,7,20,2,ai,46,100,8
W,7,20,3,log,22,50,4
S,7,20,849,2127
W,8,20,1,ctrl,28,300,2
D,8,20,10,0,0
W,8,20,2,ai,50,100,8
W,8,20,3,log,23,50,4
S,8,20,843,2404
W,9,20,1,ctrl,28,300,1
D,9,20,11,0,0
W,9,20,2,ai,47,100,8
W,9,20,3,log,27,50,4
S,9,20,874,2430
W,10,20,1,ctrl,27,300,2
D,10,20,10,0,0
W,10,20,2,ai,51,100,8
W,10,20,3,log,24,50,4
S,10,20,847,2522
W,11,20,1,ctrl,27,300,1
D,11,20,11,0,0
W,11,20,2,ai,46,100,8
W,11,20,3,log,27,50,4
S,11,20,878,2466
W,12,20,1,ctrl,24,300,2
D,12,20,10,0,0
W,12,20,2,ai,49,100,8
W,12,20,3,log,29,50,4
S,12,20,877,2834
W,13,20,1,ctrl,31,300,2
D,13,20,11,1,2
W,13,20,2,ai,52,100,8
W,13,20,3,log,24,50,4
S,13,20,843,2304
W,14,20,1,ctrl,34,300,2
D,14,20,11,0,0
W,14,20,2,ai,47,100,8
W,14,20,3,log,23,50,4
S,14,20,853,2042
W,15,20,1,ctrl,32,300,1
D,15,20,11,0,0
W,15,20,2,ai,47,100,8
W,15,20,3,log,21,50,4
S,15,20,838,2081
W,16,20,1,ctrl,30,300,1
D,16,20,11,0,0
W,16,20,2,ai,46,100,8
W,16,20,3,log,27,50,4
S,16,20,877,2288
W,17,20,1,ctrl,25,300,2
D,17,20,10,0,0
W,17,20,2,ai,49,100,8
W,17,20,3,log,29,50,4
S,17,20,876,2752
W,18,20,1,ctrl,28,300,1
D,18,20,11,0,0
W,18,20,2,ai,47,100,8
W,18,20,3,log,24,50,4
S,18,20,859,2361
W,19,20,1,ctrl,25,300,2
D,19,20,10,0,0
W,19,20,2,ai,53,100,8
W,19,20,3,log,23,50,4
S,19,20,833,2696
W,20,20,1,ctrl,29,300,2
D,20,20,11,0,0
W,20,20,2,ai,49,100,8
W,20,20,3,log,25,50,4
S,20,20,859,2370
W,21,20,1,ctrl,33,300,2
D,21,20,11,0,0
W,21,20,2,ai,44,100,8
W,21,20,3,log,28,50,4
S,21,20,884,2121
W,22,20,1,ctrl,29,300,2
D,22,20,11,0,0
W,22,20,2,ai,53,100,8
W,22,20,3,log,24,50,4
S,22,20,840,2439
W,23,20,1,ctrl,30,300,1
D,23,20,11,0,0
W,23,20,2,ai,48,100,8
W,23,20,3,log,26,50,4
S,23,20,868,2312
W,24,20,1,ctrl,29,300,2
D,24,20,10,0,0
W,24,20,2,ai,46,100,8
W,24,20,3,log,23,50,4
S,24,20,856,2257
W,25,20,1,ctrl,31,300,1
D,25,20,11,0,0
W,25,20,2,ai,46,100,8
W,25,20,3,log,25,50,4
S,25,20,868,2198
W,26,20,1,ctrl,26,300,2
D,26,20,10,0,0
W,26,20,2,ai,47,100,8
W,26,20,3,log,29,50,4
S,26,20,880,2622
W,27,20,1,ctrl,28,300,1
D,27,20,11,0,0
W,27,20,2,ai,51,100,8
W,27,20,3,log,24,50,4
S,27,20,847,2457
W,28,20,1,ctrl,25,300,2
D,28,20,10,0,0
W,28,20,2,ai,50,100,8
W,28,20,3,log,25,50,4
S,28,20,857,2664
W,29,20,1,ctrl,33,300,2
D,29,20,11,1,2
W,29,20,2,ai,46,100,8
W,29,20,3,log,22,50,4
S,29,20,848,2042
W,30,20,1,ctrl,28,300,2
D,30,20,11,1,1
W,30,20,2,ai,52,100,8
W,30,20,3,log,27,50,4
S,30,20,862,2551
W,31,20,1,ctrl,30,300,1
D,31,20,11,0,0
W,31,20,2,ai,46,100,8
W,31,20,3,log,23,50,4
S,31,20,857,2198
W,32,20,1,ctrl,26,300,2
D,32,20,10,0,0
W,32,20,2,ai,50,100,8
W,32,20,3,log,25,50,4
S,32,20,856,2591
W,33,20,1,ctrl,31,300,2
D,33,20,11,1,1
W,33,20,2,ai,48,100,8
W,33,20,3,log,25,50,4
S,33,20,863,2234
J,1,ctrl,1,359,5,8,2,1242,5198,2,12
# done
# WARMUP config=light alpha=30
# prev_baseline_reset ngroups=3
# schedlab win=100 total=3600 groups=3
W,1,30,1,ctrl,39,300,1
D,1,30,18,0,0
W,1,30,2,ai,93,100,8
W,1,30,3,log,46,50,4
S,1,30,855,3041
W,2,30,1,ctrl,25,300,2
D,2,30,10,0,0
W,2,30,2,ai,49,100,8
W,2,30,3,log,26,50,4
S,2,30,866,2664
W,3,30,1,ctrl,24,300,1
D,3,30,11,0,0
W,3,30,2,ai,47,100,8
W,3,30,3,log,29,50,4
S,3,30,881,2775
W,4,30,1,ctrl,27,300,2
D,4,30,10,0,0
W,4,30,2,ai,45,100,8
W,4,30,3,log,26,50,4
S,4,30,875,2421
W,5,30,1,ctrl,32,300,1
D,5,30,11,1,2
W,5,30,2,ai,48,100,8
W,5,30,3,log,19,50,4
S,5,30,811,2061
W,6,30,1,ctrl,32,300,2
D,6,30,10,0,0
W,6,30,2,ai,40,100,8
W,6,30,3,log,26,50,4
S,6,30,886,2042
W,7,30,1,ctrl,29,300,1
D,7,30,11,0,0
W,7,30,2,ai,42,100,8
W,7,30,3,log,26,50,4
S,7,30,881,2234
W,8,30,1,ctrl,24,300,2
D,8,30,10,0,0
W,8,30,2,ai,47,100,8
W,8,30,3,log,28,50,4
S,8,30,877,2752
W,9,30,1,ctrl,34,300,2
D,9,30,11,1,3
W,9,30,2,ai,49,100,8
W,9,30,3,log,22,50,4
S,9,30,837,2061
W,10,30,1,ctrl,26,300,1
D,10,30,11,1,3
W,10,30,2,ai,49,100,8
W,10,30,3,log,26,50,4
S,10,30,865,2591
W,11,30,1,ctrl,29,300,1
D,11,30,11,0,0
W,11,30,2,ai,41,100,8
W,11,30,3,log,28,50,4
S,11,30,887,2257
W,12,30,1,ctrl,23,300,2
D,12,30,10,0,0
W,12,30,2,ai,47,100,8
W,12,30,3,log,31,50,4
S,12,30,884,2933
W,13,30,1,ctrl,30,300,1
D,13,30,11,1,1
W,13,30,2,ai,49,100,8
W,13,30,3,log,23,50,4
S,13,30,846,2265
W,14,30,1,ctrl,29,300,2
D,14,30,10,0,0
W,14,30,2,ai,45,100,8
W,14,30,3,log,24,50,4
S,14,30,865,2257
W,15,30,1,ctrl,34,300,2
D,15,30,11,1,2
W,15,30,2,ai,46,100,8
W,15,30,3,log,26,50,4
S,15,30,873,2081
W,16,30,1,ctrl,28,300,2
D,16,30,11,1,3
W,16,30,2,ai,52,100,8
W,16,30,3,log,26,50,4
S,16,30,857,2522
W,17,30,1,ctrl,31,300,2
D,17,30,11,1,5
W,17,30,2,ai,49,100,8
W,17,30,3,log,24,50,4
S,17,30,853,2234
W,18,30,1,ctrl,27,300,1
D,18,30,11,0,0
W,18,30,2,ai,45,100,8
W,18,30,3,log,25,50,4
S,18,30,870,2395
W,19,30,1,ctrl,25,300,2
D,19,30,10,0,0
W,19,30,2,ai,49,100,8
W,19,30,3,log,29,50,4
S,19,30,876,2752
W,20,30,1,ctrl,30,300,1
D,20,30,11,1,3
W,20,30,2,ai,47,100,8
W,20,30,3,log,24,50,4
S,20,30,860,2242
W,21,30,1,ctrl,32,300,1
D,21,30,11,0,0
W,21,30,2,ai,43,100,8
W,21,30,3,log,26,50,4
S,21,30,880,2107
W,22,30,1,ctrl,24,300,2
D,22,30,10,0,0
W,22,30,2,ai,50,100,8
W,22,30,3,log,29,50,4
S,22,30,875,2858
W,23,30,1,ctrl,30,300,1
D,23,30,11,0,0
W,23,30,2,ai,48,100,8
W,23,30,3,log,24,50,4
S,23,30,857,2265
W,24,30,1,ctrl,25,300,2
D,24,30,10,0,0
W,24,30,2,ai,46,100,8
W,24,30,3,log,28,50,4
S,24,30,879,2642
W,25,30,1,ctrl,24,300,1
D,25,30,11,1,1
W,25,30,2,ai,47,100,8
W,25,30,3,log,24,50,4
S,25,30,859,2642
W,26,30,1,ctrl,23,300,2
D,26,30,10,0,0
W,26,30,2,ai,47,100,8
W,26,30,3,log,29,50,4
S,26,30,880,2870
W,27,30,1,ctrl,32,300,2
D,27,30,11,1,3
W,27,30,2,ai,51,100,8
W,27,30,3,log,21,50,4
S,27,30,820,2169
W,28,30,1,ctrl,31,300,1
D,28,30,11,1,2
W,28,30,2,ai,41,100,8
W,28,30,3,log,26,50,4
S,28,30,884,2107
W,29,30,1,ctrl,25,300,2
D,29,30,10,0,0
W,29,30,2,ai,46,100,8
W,29,30,3,log,29,50,4
S,29,30,883,2664
W,30,30,1,ctrl,30,300,1
D,30,30,11,1,1
W,30,30,2,ai,49,100,8
W,30,30,3,log,22,50,4
S,30,30,838,2242
W,31,30,1,ctrl,22,300,2
D,31,30,10,0,0
W,31,30,2,ai,48,100,8
W,31,30,3,log,26,50,4
S,31,30,867,2908
W,32,30,1,ctrl,27,300,1
D,32,30,11,1,1
W,32,30,2,ai,51,100,8
W,32,30,3,log,24,50,4
S,32,30,847,2522
W,33,30,1,ctrl,29,300,1
D,33,30,11,0,0
W,33,30,2,ai,48,100,8
W,33,30,3,log,26,50,4
S,33,30,868,2370
W,34,30,1,ctrl,13,300,1
D,34,30,2,0,0
W,34,30,2,ai,7,100,1
W,34,30,3,log,0,50,1
S,34,30,748,9999
J,1,ctrl,1,360,13,30,5,2190,14282,1,15
# done
# RUN config=light alpha=30 rep=1/3
# prev_baseline_reset ngroups=3
# schedlab win=100 total=3600 groups=3
W,1,30,1,ctrl,41,300,1
D,1,30,18,0,0
W,1,30,2,ai,86,100,8
W,1,30,3,log,47,50,4
S,1,30,868,2834
W,2,30,1,ctrl,24,300,2
D,2,30,10,0,0
W,2,30,2,ai,48,100,8
W,2,30,3,log,27,50,4
S,2,30,871,2752
W,3,30,1,ctrl,31,300,2
D,3,30,11,1,4
W,3,30,2,ai,51,100,8
W,3,30,3,log,24,50,4
S,3,30,847,2280
W,4,30,1,ctrl,28,300,1
D,4,30,11,0,0
W,4,30,2,ai,49,100,8
W,4,30,3,log,23,50,4
S,4,30,847,2378
W,5,30,1,ctrl,25,300,2
D,5,30,10,0,0
W,5,30,2,ai,49,100,8
W,5,30,3,log,24,50,4
S,5,30,853,2611
W,6,30,1,ctrl,25,300,1
D,6,30,11,0,0
W,6,30,2,ai,52,100,8
W,6,30,3,log,24,50,4
S,6,30,843,2696
W,7,30,1,ctrl,28,300,2
D,7,30,10,0,0
W,7,30,2,ai,45,100,8
W,7,30,3,log,26,50,4
S,7,30,875,2361
W,8,30,1,ctrl,33,300,2
D,8,30,11,1,6
W,8,30,2,ai,48,100,8
W,8,30,3,log,23,50,4
S,8,30,850,2100
W,9,30,1,ctrl,31,300,2
D,9,30,11,1,4
W,9,30,2,ai,49,100,8
W,9,30,3,log,24,50,4
S,9,30,853,2234
W,10,30,1,ctrl,28,300,1
D,10,30,11,1,3
W,10,30,2,ai,43,100,8
W,10,30,3,log,28,50,4
S,10,30,884,2361
W,11,30,1,ctrl,30,300,1
D,11,30,11,0,0
W,11,30,2,ai,50,100,8
W,11,30,3,log,21,50,4
S,11,30,825,2242
W,12,30,1,ctrl,24,300,2
D,12,30,10,0,0
W,12,30,2,ai,53,100,8
W,12,30,3,log,29,50,4
S,12,30,868,2946
W,13,30,1,ctrl,28,300,1
D,13,30,11,0,0
W,13,30,2,ai,50,100,8
W,13,30,3,log,23,50,4
S,13,30,843,2404
W,14,30,1,ctrl,27,300,2
D,14,30,10,0,0
W,14,30,2,ai,47,100,8
W,14,30,3,log,25,50,4
S,14,30,865,2448
W,15,30,1,ctrl,32,300,2
D,15,30,11,1,3
W,15,30,2,ai,47,100,8
W,15,30,3,log,24,50,4
S,15,30,860,2148
W,16,30,1,ctrl,33,300,1
D,16,30,11,1,2
W,16,30,2,ai,43,100,8
W,16,30,3,log,27,50,4
S,16,30,884,2081
W,17,30,1,ctrl,26,300,2
D,17,30,10,0,0
W,17,30,2,ai,52,100,8
W,17,30,3,log,24,50,4
S,17,30,844,2622
W,18,30,1,ctrl,31,300,1
D,18,30,11,1,2
W,18,30,2,ai,44,100,8
W,18,30,3,log,25,50,4
S,18,30,875,2148
W,19,30,1,ctrl,24,300,2
D,19,30,10,0,0
W,19,30,2,ai,52,100,8
W,19,30,3,log,23,50,4
S,19,30,837,2752
W,20,30,1,ctrl,31,300,1
D,20,30,11,1,3
W,20,30,2,ai,44,100,8
W,20,30,3,log,26,50,4
S,20,30,877,2176
W,21,30,1,ctrl,28,300,1
D,21,30,11,0,0
W,21,30,2,ai,52,100,8
W,21,30,3,log,23,50,4
S,21,30,836,2457
W,22,30,1,ctrl,25,300,2
D,22,30,10,0,0
W,22,30,2,ai,44,100,8
W,22,30,3,log,30,50,4
S,22,30,887,2642
W,23,30,1,ctrl,27,300,1
D,23,30,11,1,1
W,23,30,2,ai,47,100,8
W,23,30,3,log,26,50,4
S,23,30,871,2466
W,24,30,1,ctrl,27,300,2
D,24,30,10,0,0
W,24,30,2,ai,51,100,8
W,24,30,3,log,22,50,4
S,24,30,832,2466
W,25,30,1,ctrl,33,300,1
D,25,30,11,1,3
W,25,30,2,ai,42,100,8
W,25,30,3,log,20,50,4
S,25,30,848,1919
W,26,30,1,ctrl,29,300,1
D,26,30,11,0,0
W,26,30,2,ai,47,100,8
W,26,30,3,log,29,50,4
S,26,30,881,2413
W,27,30,1,ctrl,24,300,2
D,27,30,10,0,0
W,27,30,2,ai,50,100,8
W,27,30,3,log,26,50,4
S,27,30,863,2775
W,28,30,1,ctrl,33,300,2
D,28,30,11,1,6
W,28,30,2,ai,45,100,8
W,28,30,3,log,27,50,4
S,28,30,880,2121
W,29,30,1,ctrl,29,300,2
D,29,30,11,1,3
W,29,30,2,ai,55,100,8
W,29,30,3,log,24,50,4
S,29,30,834,2485
W,30,30,1,ctrl,29,300,2
D,30,30,11,1,5
W,30,30,2,ai,45,100,8
W,30,30,3,log,27,50,4
S,30,30,879,2320
W,31,30,1,ctrl,28,300,1
D,31,30,11,0,0
W,31,30,2,ai,48,100,8
W,31,30,3,log,22,50,4
S,31,30,842,2336
W,32,30,1,ctrl,23,300,2
D,32,30,10,0,0
W,32,30,2,ai,47,100,8
W,32,30,3,log,28,50,4
S,32,30,877,2846
W,33,30,1,ctrl,31,300,1
D,33,30,11,1,2
W,33,30,2,ai,44,100,8
W,33,30,3,log,24,50,4
S,33,30,869,2127
W,34,30,1,ctrl,7,300,1
D,34,30,1,0,0
W,34,30,2,ai,2,100,1
W,34,30,3,log,0,50,1
S,34,30,666,9999
J,1,ctrl,1,360,14,47,6,2222,14966,2,16
# done
# RUN config=light alpha=30 rep=2/3
# prev_baseline_reset ngroups=3
# schedlab win=100 total=3600 groups=3
W,1,30,1,ctrl,43,300,1
D,1,30,18,0,0
W,1,30,2,ai,88,100,8
W,1,30,3,log,45,50,4
S,1,30,859,2729
W,2,30,1,ctrl,25,300,2
D,2,30,10,0,0
W,2,30,2,ai,50,100,8
W,2,30,3,log,26,50,4
S,2,30,862,2696
W,3,30,1,ctrl,28,300,2
D,3,30,11,1,2
W,3,30,2,ai,49,100,8
W,3,30,3,log,29,50,4
S,3,30,877,2522
W,4,30,1,ctrl,29,300,2
D,4,30,11,1,3
W,4,30,2,ai,51,100,8
W,4,30,3,log,24,50,4
S,4,30,846,2395
W,5,30,1,ctrl,30,300,2
D,5,30,11,1,2
W,5,30,2,ai,51,100,8
W,5,30,3,log,27,50,4
S,5,30,865,2404
W,6,30,1,ctrl,33,300,1
D,6,30,11,1,2
W,6,30,2,ai,42,100,8
W,6,30,3,log,23,50,4
S,6,30,869,1982
W,7,30,1,ctrl,28,300,2
D,7,30,10,0,0
W,7,30,2,ai,48,100,8
W,7,30,3,log,22,50,4
S,7,30,842,2336
W,8,30,1,ctrl,24,300,1
D,8,30,11,0,0
W,8,30,2,ai,51,100,8
W,8,30,3,log,24,50,4
S,8,30,847,2752
W,9,30,1,ctrl,27,300,2
D,9,30,10,0,0
W,9,30,2,ai,51,100,8
W,9,30,3,log,27,50,4
S,9,30,865,2591
W,10,30,1,ctrl,30,300,1
D,10,30,11,1,2
W,10,30,2,ai,45,100,8
W,10,30,3,log,26,50,4
S,10,30,876,2242
W,11,30,1,ctrl,36,300,1
D,11,30,11,0,0
W,11,30,2,ai,42,100,8
W,11,30,3,log,24,50,4
S,11,30,875,1892
W,12,30,1,ctrl,23,300,2
D,12,30,10,0,0
W,12,30,2,ai,49,100,8
W,12,30,3,log,27,50,4
S,12,30,869,2870
W,13,30,1,ctrl,29,300,1
D,13,30,11,1,1
W,13,30,2,ai,45,100,8
W,13,30,3,log,24,50,4
S,13,30,865,2257
W,14,30,1,ctrl,29,300,2
D,14,30,10,0,0
W,14,30,2,ai,44,100,8
W,14,30,3,log,26,50,4
S,14,30,877,2280
W,15,30,1,ctrl,28,300,1
D,15,30,11,0,0
W,15,30,2,ai,50,100,8
W,15,30,3,log,24,50,4
S,15,30,850,2430
W,16,30,1,ctrl,27,300,2
D,16,30,10,0,0
W,16,30,2,ai,47,100,8
W,16,30,3,log,29,50,4
S,16,30,881,2541
W,17,30,1,ctrl,29,300,2
D,17,30,11,1,2
W,17,30,2,ai,55,100,8
W,17,30,3,log,23,50,4
S,17,30,825,2457
W,18,30,1,ctrl,30,300,1
D,18,30,11,1,3
W,18,30,2,ai,39,100,8
W,18,30,3,log,29,50,4
S,18,30,887,2176
W,19,30,1,ctrl,24,300,2
D,19,30,10,0,0
W,19,30,2,ai,49,100,8
W,19,30,3,log,26,50,4
S,19,30,864,2752
W,20,30,1,ctrl,25,300,1
D,20,30,11,1,1
W,20,30,2,ai,49,100,8
W,20,30,3,log,26,50,4
S,20,30,866,2664
W,21,30,1,ctrl,26,300,2
D,21,30,10,0,0
W,21,30,2,ai,45,100,8
W,21,30,3,log,26,50,4
S,21,30,875,2485
W,22,30,1,ctrl,30,300,1
D,22,30,11,1,2
W,22,30,2,ai,43,100,8
W,22,30,3,log,27,50,4
S,22,30,884,2220
W,23,30,1,ctrl,30,300,1
D,23,30,11,0,0
W,23,30,2,ai,44,100,8
W,23,30,3,log,23,50,4
S,23,30,863,2155
W,24,30,1,ctrl,22,300,1
D,24,30,10,0,0
W,24,30,2,ai,48,100,8
W,24,30,3,log,28,50,4
S,24,30,875,2973
W,25,30,1,ctrl,28,300,2
D,25,30,10,0,0
W,25,30,2,ai,46,100,8
W,25,30,3,log,26,50,4
S,25,30,874,2378
W,26,30,1,ctrl,31,300,1
D,26,30,11,1,2
W,26,30,2,ai,44,100,8
W,26,30,3,log,24,50,4
S,26,30,869,2127
W,27,30,1,ctrl,26,300,2
D,27,30,10,0,0
W,27,30,2,ai,49,100,8
W,27,30,3,log,27,50,4
S,27,30,869,2622
W,28,30,1,ctrl,32,300,2
D,28,30,11,1,3
W,28,30,2,ai,46,100,8
W,28,30,3,log,29,50,4
S,28,30,884,2227
W,29,30,1,ctrl,33,300,2
D,29,30,11,1,5
W,29,30,2,ai,48,100,8
W,29,30,3,log,22,50,4
S,29,30,841,2081
W,30,30,1,ctrl,31,300,2
D,30,30,11,1,5
W,30,30,2,ai,48,100,8
W,30,30,3,log,24,50,4
S,30,30,857,2220
W,31,30,1,ctrl,29,300,2
D,31,30,11,1,2
W,31,30,2,ai,51,100,8
W,31,30,3,log,28,50,4
S,31,30,869,2485
W,32,30,1,ctrl,28,300,2
D,32,30,11,1,1
W,32,30,2,ai,51,100,8
W,32,30,3,log,26,50,4
S,32,30,859,2503
W,33,30,1,ctrl,29,300,2
D,33,30,11,1,3
W,33,30,2,ai,50,100,8
W,33,30,3,log,26,50,4
S,33,30,862,2413
J,1,ctrl,1,359,17,41,5,2179,14383,1,15
# done
# RUN config=light alpha=30 rep=3/3
# prev_baseline_reset ngroups=3
# schedlab win=100 total=3600 groups=3
W,1,30,1,ctrl,46,300,1
D,1,30,18,0,0
W,1,30,2,ai,82,100,8
W,1,30,3,log,44,50,4
S,1,30,866,2494
W,2,30,1,ctrl,34,300,1
D,2,30,11,0,0
W,2,30,2,ai,51,100,8
W,2,30,3,log,19,50,4
S,2,30,798,2042
W,3,30,1,ctrl,24,300,1
D,3,30,10,0,0
W,3,30,2,ai,50,100,8
W,3,30,3,log,25,50,4
S,3,30,856,2752
W,4,30,1,ctrl,29,300,2
D,4,30,10,0,0
W,4,30,2,ai,45,100,8
W,4,30,3,log,26,50,4
S,4,30,876,2296
W,5,30,1,ctrl,31,300,1
D,5,30,11,1,3
W,5,30,2,ai,46,100,8
W,5,30,3,log,23,50,4
S,5,30,857,2148
W,6,30,1,ctrl,25,300,2
D,6,30,10,0,0
W,6,30,2,ai,44,100,8
W,6,30,3,log,28,50,4
S,6,30,883,2591
W,7,30,1,ctrl,31,300,1
D,7,30,11,1,2
W,7,30,2,ai,45,100,8
W,7,30,3,log,23,50,4
S,7,30,860,2127
W,8,30,1,ctrl,26,300,1
D,8,30,11,0,0
W,8,30,2,ai,46,100,8
W,8,30,3,log,29,50,4
S,8,30,883,2591
W,9,30,1,ctrl,27,300,2
D,9,30,10,0,0
W,9,30,2,ai,53,100,8
W,9,30,3,log,24,50,4
S,9,30,840,2571
W,10,30,1,ctrl,32,300,2
D,10,30,11,1,2
W,10,30,2,ai,49,100,8
W,10,30,3,log,26,50,4
S,10,30,864,2227
W,11,30,1,ctrl,33,300,1
D,11,30,11,1,2
W,11,30,2,ai,43,100,8
W,11,30,3,log,25,50,4
S,11,30,876,2042
W,12,30,1,ctrl,28,300,1
D,12,30,11,0,0
W,12,30,2,ai,44,100,8
W,12,30,3,log,30,50,4
S,12,30,887,2430
W,13,30,1,ctrl,32,300,1
D,13,30,11,0,0
W,13,30,2,ai,46,100,8
W,13,30,3,log,22,50,4
S,13,30,850,2081
W,14,30,1,ctrl,28,300,2
D,14,30,10,0,0
W,14,30,2,ai,47,100,8
W,14,30,3,log,27,50,4
S,14,30,874,2430
W,15,30,1,ctrl,29,300,2
D,15,30,11,1,2
W,15,30,2,ai,54,100,8
W,15,30,3,log,24,50,4
S,15,30,837,2457
W,16,30,1,ctrl,28,300,1
D,16,30,11,0,0
W,16,30,2,ai,49,100,8
W,16,30,3,log,24,50,4
S,16,30,853,2404
W,17,30,1,ctrl,26,300,2
D,17,30,10,0,0
W,17,30,2,ai,47,100,8
W,17,30,3,log,28,50,4
S,17,30,878,2591
W,18,30,1,ctrl,29,300,1
D,18,30,11,1,2
W,18,30,2,ai,47,100,8
W,18,30,3,log,23,50,4
S,18,30,853,2280
W,19,30,1,ctrl,24,300,2
D,19,30,10,0,0
W,19,30,2,ai,48,100,8
W,19,30,3,log,29,50,4
S,19,30,879,2810
W,20,30,1,ctrl,29,300,1
D,20,30,11,0,0
W,20,30,2,ai,51,100,8
W,20,30,3,log,23,50,4
S,20,30,839,2370
W,21,30,1,ctrl,26,300,2
D,21,30,10,0,0
W,21,30,2,ai,48,100,8
W,21,30,3,log,23,50,4
S,21,30,850,2485
W,22,30,1,ctrl,28,300,1
D,22,30,11,1,2
W,22,30,2,ai,46,100,8
W,22,30,3,log,29,50,4
S,22,30,882,2457
W,23,30,1,ctrl,24,300,2
D,23,30,10,0,0
W,23,30,2,ai,50,100,8
W,23,30,3,log,22,50,4
S,23,30,836,2664
W,24,30,1,ctrl,27,300,1
D,24,30,11,0,0
W,24,30,2,ai,50,100,8
W,24,30,3,log,20,50,4
S,24,30,817,2395
W,25,30,1,ctrl,26,300,2
D,25,30,10,0,0
W,25,30,2,ai,47,100,8
W,25,30,3,log,28,50,4
S,25,30,878,2591
W,26,30,1,ctrl,29,300,1
D,26,30,11,1,2
W,26,30,2,ai,48,100,8
W,26,30,3,log,24,50,4
S,26,30,856,2320
W,27,30,1,ctrl,30,300,1
D,27,30,11,0,0
W,27,30,2,ai,45,100,8
W,27,30,3,log,28,50,4
S,27,30,881,2288
W,28,30,1,ctrl,26,300,2
D,28,30,10,0,0
W,28,30,2,ai,53,100,8
W,28,30,3,log,24,50,4
S,28,30,841,2642
W,29,30,1,ctrl,27,300,1
D,29,30,11,1,1
W,29,30,2,ai,46,100,8
W,29,30,3,log,29,50,4
S,29,30,882,2522
W,30,30,1,ctrl,32,300,1
D,30,30,11,0,0
W,30,30,2,ai,45,100,8
W,30,30,3,log,23,50,4
S,30,30,861,2081
W,31,30,1,ctrl,29,300,2
D,31,30,10,0,0
W,31,30,2,ai,47,100,8
W,31,30,3,log,25,50,4
S,31,30,865,2320
W,32,30,1,ctrl,30,300,1
D,32,30,11,1,2
W,32,30,2,ai,44,100,8
W,32,30,3,log,28,50,4
S,32,30,884,2265
W,33,30,1,ctrl,29,300,1
D,33,30,11,0,0
W,33,30,2,ai,51,100,8
W,33,30,3,log,23,50,4
S,33,30,839,2370
W,34,30,1,ctrl,7,300,1
D,34,30,1,0,0
W,34,30,2,ai,4,100,1
W,34,30,3,log,5,50,1
S,34,30,746,1524
J,1,ctrl,1,359,10,20,3,2187,14179,1,13
# done
# WARMUP config=light alpha=40
# prev_baseline_reset ngroups=3
# schedlab win=100 total=3600 groups=3
W,1,40,1,ctrl,43,300,2
D,1,40,18,1,2
W,1,40,2,ai,95,200,8
W,1,40,3,log,37,50,4
S,1,40,877,2224
W,2,40,1,ctrl,27,300,1
D,2,40,11,0,0
W,2,40,2,ai,58,200,8
W,2,40,3,log,16,50,4
S,2,40,817,2041
W,3,40,1,ctrl,21,300,2
D,3,40,10,0,0
W,3,40,2,ai,64,200,8
W,3,40,3,log,16,50,4
S,3,40,794,2632
W,4,40,1,ctrl,32,300,2
D,4,40,11,1,4
W,4,40,2,ai,57,200,8
W,4,40,3,log,15,50,4
S,4,40,808,1775
W,5,40,1,ctrl,28,300,1
D,5,40,11,0,0
W,5,40,2,ai,64,200,8
W,5,40,3,log,10,50,4
S,5,40,686,1989
W,6,40,1,ctrl,30,300,2
D,6,40,10,0,0
W,6,40,2,ai,56,200,8
W,6,40,3,log,14,50,4
S,6,40,796,1816
W,7,40,1,ctrl,29,300,1
D,7,40,11,0,0
W,7,40,2,ai,59,200,8
W,7,40,3,log,15,50,4
S,7,40,798,1939
W,8,40,1,ctrl,30,300,2
D,8,40,10,0,0
W,8,40,2,ai,54,200,8
W,8,40,3,log,15,50,4
S,8,40,821,1798
W,9,40,1,ctrl,31,300,1
D,9,40,11,0,0
W,9,40,2,ai,56,200,8
W,9,40,3,log,13,50,4
S,9,40,776,1758
W,10,40,1,ctrl,26,300,2
D,10,40,10,0,0
W,10,40,2,ai,59,200,8
W,10,40,3,log,15,50,4
S,10,40,799,2096
W,11,40,1,ctrl,26,300,1
D,11,40,11,0,0
W,11,40,2,ai,57,200,8
W,11,40,3,log,15,50,4
S,11,40,807,2056
W,12,40,1,ctrl,28,300,2
D,12,40,10,0,0
W,12,40,2,ai,58,200,8
W,12,40,3,log,16,50,4
S,12,40,817,1989
W,13,40,1,ctrl,30,300,1
D,13,40,11,1,2
W,13,40,2,ai,55,200,8
W,13,40,3,log,15,50,4
S,13,40,818,1816
W,14,40,1,ctrl,33,300,1
D,14,40,11,0,0
W,14,40,2,ai,55,200,8
W,14,40,3,log,14,50,4
S,14,40,800,1687
W,15,40,1,ctrl,26,300,2
D,15,40,10,0,0
W,15,40,2,ai,57,200,8
W,15,40,3,log,18,50,4
S,15,40,846,2120
W,16,40,1,ctrl,26,300,1
D,16,40,11,0,0
W,16,40,2,ai,57,200,8
W,16,40,3,log,16,50,4
S,16,40,820,2080
W,17,40,1,ctrl,25,300,2
D,17,40,10,0,0
W,17,40,2,ai,56,200,8
W,17,40,3,log,15,50,4
S,17,40,811,2096
W,18,40,1,ctrl,30,300,1
D,18,40,11,1,1
W,18,40,2,ai,60,200,8
W,18,40,3,log,11,50,4
S,18,40,714,1835
W,19,40,1,ctrl,26,300,2
D,19,40,10,0,0
W,19,40,2,ai,58,200,8
W,19,40,3,log,15,50,4
S,19,40,802,2080
W,20,40,1,ctrl,32,300,2
D,20,40,11,1,4
W,20,40,2,ai,60,200,8
W,20,40,3,log,15,50,4
S,20,40,795,1822
W,21,40,1,ctrl,26,300,1
D,21,40,11,0,0
W,21,40,2,ai,59,200,8
W,21,40,3,log,14,50,4
S,21,40,782,2080
W,22,40,1,ctrl,26,300,2
D,22,40,10,0,0
W,22,40,2,ai,61,200,8
W,22,40,3,log,15,50,4
S,22,40,791,2145
W,23,40,1,ctrl,30,300,1
D,23,40,11,0,0
W,23,40,2,ai,57,200,8
W,23,40,3,log,15,50,4
S,23,40,808,1853
W,24,40,1,ctrl,25,300,2
D,24,40,10,0,0
W,24,40,2,ai,60,200,8
W,24,40,3,log,16,50,4
S,24,40,809,2206
W,25,40,1,ctrl,24,300,1
D,25,40,11,0,0
W,25,40,2,ai,57,200,8
W,25,40,3,log,16,50,4
S,25,40,819,2206
W,26,40,1,ctrl,25,300,1
D,26,40,10,0,0
W,26,40,2,ai,59,200,8
W,26,40,3,log,16,50,4
S,26,40,814,2180
W,27,40,1,ctrl,30,300,1
D,27,40,11,0,0
W,27,40,2,ai,62,200,8
W,27,40,3,log,13,50,4
S,27,40,749,1912
W,28,40,1,ctrl,29,300,2
D,28,40,10,0,0
W,28,40,2,ai,60,200,8
W,28,40,3,log,16,50,4
S,28,40,810,1974
W,29,40,1,ctrl,27,300,1
D,29,40,11,0,0
W,29,40,2,ai,60,200,8
W,29,40,3,log,14,50,4
S,29,40,777,2041
W,30,40,1,ctrl,24,300,2
D,30,40,10,0,0
W,30,40,2,ai,58,200,8
W,30,40,3,log,14,50,4
S,30,40,785,2180
W,31,40,1,ctrl,27,300,1
D,31,40,11,0,0
W,31,40,2,ai,59,200,8
W,31,40,3,log,15,50,4
S,31,40,798,2041
W,32,40,1,ctrl,29,300,1
D,32,40,11,0,0
W,32,40,2,ai,60,200,8
W,32,40,3,log,14,50,4
S,32,40,776,1939
W,33,40,1,ctrl,26,300,2
D,33,40,10,0,0
W,33,40,2,ai,59,200,8
W,33,40,3,log,20,50,4
S,33,40,857,2206
W,34,40,1,ctrl,14,300,1
D,34,40,4,0,0
W,34,40,2,ai,16,100,1
W,34,40,3,log,2,50,1
S,34,40,779,1790
J,1,ctrl,1,360,5,13,4,1582,7698,0,14
# done
# RUN config=light alpha=40 rep=1/3
# prev_baseline_reset ngroups=3
# schedlab win=100 total=3600 groups=3
W,1,40,1,ctrl,44,300,2
D,1,40,18,1,3
W,1,40,2,ai,96,200,8
W,1,40,3,log,38,50,4
S,1,40,880,2206
W,2,40,1,ctrl,29,300,1
D,2,40,11,0,0
W,2,40,2,ai,57,200,8
W,2,40,3,log,14,50,4
S,2,40,791,1879
W,3,40,1,ctrl,24,300,2
D,3,40,10,0,0
W,3,40,2,ai,61,200,8
W,3,40,3,log,16,50,4
S,3,40,805,2299
W,4,40,1,ctrl,29,300,1
D,4,40,11,0,0
W,4,40,2,ai,57,200,8
W,4,40,3,log,16,50,4
S,4,40,821,1919
W,5,40,1,ctrl,26,300,2
D,5,40,10,0,0
W,5,40,2,ai,60,200,8
W,5,40,3,log,13,50,4
S,5,40,760,2080
W,6,40,1,ctrl,28,300,1
D,6,40,11,0,0
W,6,40,2,ai,62,200,8
W,6,40,3,log,13,50,4
S,6,40,752,2011
W,7,40,1,ctrl,26,300,2
D,7,40,10,0,0
W,7,40,2,ai,57,200,8
W,7,40,3,log,16,50,4
S,7,40,820,2080
W,8,40,1,ctrl,29,300,1
D,8,40,11,0,0
W,8,40,2,ai,54,200,8
W,8,40,3,log,16,50,4
S,8,40,835,1866
W,9,40,1,ctrl,26,300,2
D,9,40,10,0,0
W,9,40,2,ai,60,200,8
W,9,40,3,log,16,50,4
S,9,40,808,2145
W,10,40,1,ctrl,30,300,2
D,10,40,11,0,0
W,10,40,2,ai,60,200,8
W,10,40,3,log,15,50,4
S,10,40,793,1912
W,11,40,1,ctrl,31,300,2
D,11,40,11,1,1
W,11,40,2,ai,60,200,8
W,11,40,3,log,15,50,4
S,11,40,794,1866
W,12,40,1,ctrl,30,300,2
D,12,40,11,0,0
W,12,40,2,ai,61,200,8
W,12,40,3,log,15,50,4
S,12,40,790,1925
W,13,40,1,ctrl,33,300,2
D,13,40,11,1,1
W,13,40,2,ai,60,200,8
W,13,40,3,log,14,50,4
S,13,40,775,1769
W,14,40,1,ctrl,26,300,1
D,14,40,11,0,0
W,14,40,2,ai,62,200,8
W,14,40,3,log,14,50,4
S,14,40,771,2145
W,15,40,1,ctrl,25,300,2
D,15,40,10,0,0
W,15,40,2,ai,61,200,8
W,15,40,3,log,14,50,4
S,15,40,776,2180
W,16,40,1,ctrl,30,300,2
D,16,40,11,0,0
W,16,40,2,ai,62,200,8
W,16,40,3,log,14,50,4
S,16,40,770,1925
W,17,40,1,ctrl,30,300,2
D,17,40,11,1,2
W,17,40,2,ai,60,200,8
W,17,40,3,log,14,50,4
S,17,40,776,1892
W,18,40,1,ctrl,27,300,1
D,18,40,11,0,0
W,18,40,2,ai,59,200,8
W,18,40,3,log,14,50,4
S,18,40,783,2018
W,19,40,1,ctrl,33,300,1
D,19,40,11,0,0
W,19,40,2,ai,57,200,8
W,19,40,3,log,13,50,4
S,19,40,770,1703
W,20,40,1,ctrl,27,300,2
D,20,40,10,0,0
W,20,40,2,ai,64,200,8
W,20,40,3,log,14,50,4
S,20,40,763,2120
W,21,40,1,ctrl,26,300,1
D,21,40,11,0,0
W,21,40,2,ai,62,200,8
W,21,40,3,log,14,50,4
S,21,40,771,2145
W,22,40,1,ctrl,29,300,2
D,22,40,10,0,0
W,22,40,2,ai,58,200,8
W,22,40,3,log,14,50,4
S,22,40,785,1898
W,23,40,1,ctrl,35,300,2
D,23,40,11,1,3
W,23,40,2,ai,55,200,8
W,23,40,3,log,12,50,4
S,23,40,754,1588
W,24,40,1,ctrl,28,300,1
D,24,40,11,0,0
W,24,40,2,ai,57,200,8
W,24,40,3,log,14,50,4
S,24,40,790,1932
W,25,40,1,ctrl,33,300,1
D,25,40,11,0,0
W,25,40,2,ai,56,200,8
W,25,40,3,log,16,50,4
S,25,40,829,1735
W,26,40,1,ctrl,27,300,2
D,26,40,10,0,0
W,26,40,2,ai,61,200,8
W,26,40,3,log,14,50,4
S,26,40,774,2064
W,27,40,1,ctrl,28,300,1
D,27,40,11,0,0
W,27,40,2,ai,60,200,8
W,27,40,3,log,16,50,4
S,27,40,809,2026
W,28,40,1,ctrl,30,300,1
D,28,40,11,0,0
W,28,40,2,ai,57,200,8
W,28,40,3,log,15,50,4
S,28,40,808,1853
W,29,40,1,ctrl,24,300,2
D,29,40,10,0,0
W,29,40,2,ai,63,200,8
W,29,40,3,log,15,50,4
S,29,40,784,2319
W,30,40,1,ctrl,27,300,1
D,30,40,11,0,0
W,30,40,2,ai,61,200,8
W,30,40,3,log,13,50,4
S,30,40,755,2041
W,31,40,1,ctrl,29,300,1
D,31,40,11,0,0
W,31,40,2,ai,59,200,8
W,31,40,3,log,13,50,4
S,31,40,762,1898
W,32,40,1,ctrl,26,300,2
D,32,40,10,0,0
W,32,40,2,ai,59,200,8
W,32,40,3,log,15,50,4
S,32,40,799,2096
W,33,40,1,ctrl,31,300,1
D,33,40,11,0,0
W,33,40,2,ai,54,200,6
W,33,40,3,log,15,50,4
S,33,40,823,1758
J,1,ctrl,1,360,5,10,3,1247,5131,2,13
# done
# RUN config=light alpha=40 rep=2/3
# prev_baseline_reset ngroups=3
# schedlab win=100 total=3600 groups=3
W,1,40,1,ctrl,40,300,2
D,1,40,17,0,0
W,1,40,2,ai,93,200,8
W,1,40,3,log,36,50,4
S,1,40,877,2309
W,2,40,1,ctrl,28,300,2
D,2,40,11,1,1
W,2,40,2,ai,64,200,8
W,2,40,3,log,14,50,4
S,2,40,763,2064
W,3,40,1,ctrl,33,300,1
D,3,40,11,1,3
W,3,40,2,ai,54,200,8
W,3,40,3,log,15,50,4
S,3,40,824,1687
W,4,40,1,ctrl,27,300,2
D,4,40,10,0,0
W,4,40,2,ai,56,200,8
W,4,40,3,log,16,50,4
S,4,40,825,2003
W,5,40,1,ctrl,32,300,1
D,5,40,11,1,5
W,5,40,2,ai,55,200,8
W,5,40,3,log,13,50,4
S,5,40,781,1703
W,6,40,1,ctrl,28,300,2
D,6,40,10,0,0
W,6,40,2,ai,61,200,8
W,6,40,3,log,15,50,4
S,6,40,791,2026
W,7,40,1,ctrl,27,300,1
D,7,40,11,1,1
W,7,40,2,ai,60,200,8
W,7,40,3,log,16,50,4
S,7,40,810,2080
W,8,40,1,ctrl,27,300,2
D,8,40,10,0,0
W,8,40,2,ai,57,200,8
W,8,40,3,log,15,50,4
S,8,40,806,2003
W,9,40,1,ctrl,30,300,2
D,9,40,11,1,6
W,9,40,2,ai,60,200,8
W,9,40,3,log,15,50,4
S,9,40,793,1912
W,10,40,1,ctrl,29,300,2
D,10,40,11,1,5
W,10,40,2,ai,56,200,8
W,10,40,3,log,17,50,4
S,10,40,840,1919
W,11,40,1,ctrl,29,300,1
D,11,40,11,0,0
W,11,40,2,ai,60,200,8
W,11,40,3,log,11,50,4
S,11,40,718,1879
W,12,40,1,ctrl,25,300,2
D,12,40,10,0,0
W,12,40,2,ai,59,200,8
W,12,40,3,log,16,50,4
S,12,40,814,2180
W,13,40,1,ctrl,29,300,1
D,13,40,11,1,1
W,13,40,2,ai,57,200,8
W,13,40,3,log,15,50,4
S,13,40,807,1898
W,14,40,1,ctrl,25,300,2
D,14,40,10,0,0
W,14,40,2,ai,58,200,8
W,14,40,3,log,16,50,4
S,14,40,816,2162
W,15,40,1,ctrl,33,300,2
D,15,40,11,1,4
W,15,40,2,ai,58,200,8
W,15,40,3,log,15,50,4
S,15,40,803,1752
W,16,40,1,ctrl,30,300,1
D,16,40,11,1,3
W,16,40,2,ai,54,200,8
W,16,40,3,log,16,50,4
S,16,40,838,1816
W,17,40,1,ctrl,31,300,1
D,17,40,11,0,0
W,17,40,2,ai,61,200,8
W,17,40,3,log,13,50,4
S,17,40,752,1847
W,18,40,1,ctrl,25,300,1
D,18,40,10,0,0
W,18,40,2,ai,56,200,8
W,18,40,3,log,18,50,4
S,18,40,848,2162
W,19,40,1,ctrl,21,300,2
D,19,40,10,0,0
W,19,40,2,ai,63,200,8
W,19,40,3,log,18,50,4
S,19,40,821,2658
W,20,40,1,ctrl,28,300,1
D,20,40,11,1,1
W,20,40,2,ai,62,200,8
W,20,40,3,log,12,50,4
S,20,40,732,1989
W,21,40,1,ctrl,22,300,2
D,21,40,10,0,0
W,21,40,2,ai,63,200,8
W,21,40,3,log,16,50,4
S,21,40,797,2511
W,22,40,1,ctrl,25,300,1
D,22,40,11,0,0
W,22,40,2,ai,63,200,8
W,22,40,3,log,13,50,4
S,22,40,750,2206
W,23,40,1,ctrl,26,300,2
D,23,40,10,0,0
W,23,40,2,ai,59,200,8
W,23,40,3,log,16,50,4
S,23,40,813,2120
W,24,40,1,ctrl,30,300,2
D,24,40,11,1,2
W,24,40,2,ai,60,200,8
W,24,40,3,log,16,50,4
S,24,40,809,1925
W,25,40,1,ctrl,33,300,2
D,25,40,11,1,5
W,25,40,2,ai,61,200,8
W,25,40,3,log,12,50,4
S,25,40,731,1752
W,26,40,1,ctrl,30,300,1
D,26,40,11,0,0
W,26,40,2,ai,60,200,8
W,26,40,3,log,10,50,4
S,26,40,693,1816
W,27,40,1,ctrl,23,300,2
D,27,40,10,0,0
W,27,40,2,ai,62,200,8
W,27,40,3,log,15,50,4
S,27,40,788,2369
W,28,40,1,ctrl,29,300,2
D,28,40,11,1,4
W,28,40,2,ai,59,200,8
W,28,40,3,log,14,50,4
S,28,40,782,1919
W,29,40,1,ctrl,31,300,2
D,29,40,11,1,2
W,29,40,2,ai,59,200,8
W,29,40,3,log,14,50,4
S,29,40,781,1828
W,30,40,1,ctrl,31,300,2
D,30,40,11,1,3
W,30,40,2,ai,59,200,8
W,30,40,3,log,17,50,4
S,30,40,828,1885
W,31,40,1,ctrl,34,300,2
D,31,40,11,1,2
W,31,40,2,ai,57,200,8
W,31,40,3,log,16,50,4
S,31,40,824,1719
W,32,40,1,ctrl,33,300,2
D,32,40,11,1,3
W,32,40,2,ai,59,200,8
W,32,40,3,log,15,50,4
S,32,40,799,1769
W,33,40,1,ctrl,29,300,2
D,33,40,11,1,3
W,33,40,2,ai,58,200,8
W,33,40,3,log,16,50,4
S,33,40,818,1939
J,1,ctrl,1,359,18,54,6,2259,15541,1,16
# done
# RUN config=light alpha=40 rep=3/3
# prev_baseline_reset ngroups=3
# schedlab win=100 total=3600 groups=3
W,1,40,1,ctrl,47,300,1
D,1,40,18,1,2
W,1,40,2,ai,92,200,8
W,1,40,3,log,36,50,4
S,1,40,880,2033
W,2,40,1,ctrl,27,300,2
D,2,40,10,0,0
W,2,40,2,ai,60,200,8
W,2,40,3,log,16,50,4
S,2,40,810,2080
W,3,40,1,ctrl,31,300,1
D,3,40,11,0,0
W,3,40,2,ai,54,200,8
W,3,40,3,log,16,50,4
S,3,40,837,1781
W,4,40,1,ctrl,23,300,2
D,4,40,10,0,0
W,4,40,2,ai,62,200,8
W,4,40,3,log,16,50,4
S,4,40,801,2400
W,5,40,1,ctrl,29,300,1
D,5,40,11,0,0
W,5,40,2,ai,58,200,8
W,5,40,3,log,15,50,4
S,5,40,804,1919
W,6,40,1,ctrl,26,300,2
D,6,40,10,0,0
W,6,40,2,ai,57,200,8
W,6,40,3,log,14,50,4
S,6,40,790,2033
W,7,40,1,ctrl,30,300,1
D,7,40,11,0,0
W,7,40,2,ai,56,200,8
W,7,40,3,log,16,50,4
S,7,40,827,1853
W,8,40,1,ctrl,30,300,1
D,8,40,11,0,0
W,8,40,2,ai,60,200,8
W,8,40,3,log,13,50,4
S,8,40,759,1872
W,9,40,1,ctrl,28,300,2
D,9,40,10,0,0
W,9,40,2,ai,62,200,8
W,9,40,3,log,15,50,4
S,9,40,785,2048
W,10,40,1,ctrl,32,300,2
D,10,40,11,1,4
W,10,40,2,ai,58,200,8
W,10,40,3,log,16,50,4
S,10,40,818,1810
W,11,40,1,ctrl,31,300,2
D,11,40,11,1,5
W,11,40,2,ai,58,200,8
W,11,40,3,log,16,50,4
S,11,40,819,1847
W,12,40,1,ctrl,34,300,2
D,12,40,11,1,2
W,12,40,2,ai,55,200,8
W,12,40,3,log,16,50,4
S,12,40,834,1687
W,13,40,1,ctrl,32,300,1
D,13,40,11,0,0
W,13,40,2,ai,55,200,8
W,13,40,3,log,14,50,4
S,13,40,799,1724
W,14,40,1,ctrl,32,300,1
D,14,40,11,0,0
W,14,40,2,ai,57,200,8
W,14,40,3,log,12,50,4
S,14,40,746,1724
W,15,40,1,ctrl,30,300,1
D,15,40,11,0,0
W,15,40,2,ai,60,200,8
W,15,40,3,log,15,50,4
S,15,40,793,1912
W,16,40,1,ctrl,26,300,2
D,16,40,10,0,0
W,16,40,2,ai,64,200,8
W,16,40,3,log,14,50,4
S,16,40,763,2180
W,17,40,1,ctrl,26,300,1
D,17,40,11,0,0
W,17,40,2,ai,63,200,8
W,17,40,3,log,13,50,4
S,17,40,749,2145
W,18,40,1,ctrl,31,300,1
D,18,40,11,0,0
W,18,40,2,ai,59,200,8
W,18,40,3,log,14,50,4
S,18,40,781,1828
W,19,40,1,ctrl,26,300,2
D,19,40,10,0,0
W,19,40,2,ai,63,200,8
W,19,40,3,log,17,50,4
S,19,40,812,2224
W,20,40,1,ctrl,28,300,1
D,20,40,11,0,0
W,20,40,2,ai,59,200,8
W,20,40,3,log,13,50,4
S,20,40,764,1946
W,21,40,1,ctrl,33,300,1
D,21,40,11,0,0
W,21,40,2,ai,59,200,8
W,21,40,3,log,14,50,4
S,21,40,781,1752
W,22,40,1,ctrl,26,300,2
D,22,40,10,0,0
W,22,40,2,ai,64,200,8
W,22,40,3,log,15,50,4
S,22,40,778,2206
W,23,40,1,ctrl,31,300,2
D,23,40,11,1,3
W,23,40,2,ai,63,200,8
W,23,40,3,log,14,50,4
S,23,40,764,1898
W,24,40,1,ctrl,31,300,1
D,24,40,11,0,0
W,24,40,2,ai,56,200,8
W,24,40,3,log,15,50,4
S,24,40,813,1798
W,25,40,1,ctrl,28,300,2
D,25,40,10,0,0
W,25,40,2,ai,57,200,8
W,25,40,3,log,16,50,4
S,25,40,822,1967
W,26,40,1,ctrl,32,300,1
D,26,40,11,1,1
W,26,40,2,ai,56,200,8
W,26,40,3,log,15,50,4
S,26,40,812,1758
W,27,40,1,ctrl,29,300,2
D,27,40,10,0,0
W,27,40,2,ai,51,200,8
W,27,40,3,log,18,50,4
S,27,40,869,1847
W,28,40,1,ctrl,36,300,2
D,28,40,11,2,8
W,28,40,2,ai,55,200,8
W,28,40,3,log,9,50,4
S,28,40,666,1513
W,29,40,1,ctrl,30,300,1
D,29,40,11,1,1
W,29,40,2,ai,57,200,8
W,29,40,3,log,16,50,4
S,29,40,823,1872
W,30,40,1,ctrl,27,300,1
D,30,40,11,0,0
W,30,40,2,ai,60,200,8
W,30,40,3,log,16,50,4
S,30,40,810,2080
W,31,40,1,ctrl,29,300,2
D,31,40,10,0,0
W,31,40,2,ai,59,200,8
W,31,40,3,log,16,50,4
S,31,40,813,1960
W,32,40,1,ctrl,30,300,2
D,32,40,11,1,3
W,32,40,2,ai,58,200,8
W,32,40,3,log,16,50,4
S,32,40,818,1892
W,33,40,1,ctrl,28,300,1
D,33,40,10,1,1
W,33,40,2,ai,51,100,1
W,33,40,3,log,13,50,1
S,33,40,721,2190
J,1,ctrl,1,359,11,30,7,1620,8448,3,17
# done
# WARMUP config=light alpha=50
# prev_baseline_reset ngroups=3
# schedlab win=100 total=3600 groups=3
W,1,50,1,ctrl,44,300,1
D,1,50,18,1,1
W,1,50,2,ai,81,200,8
W,1,50,3,log,52,100,4
S,1,50,887,2016
W,2,50,1,ctrl,28,300,2
D,2,50,10,0,0
W,2,50,2,ai,48,200,8
W,2,50,3,log,28,100,4
S,2,50,885,1858
W,3,50,1,ctrl,30,300,2
D,3,50,11,1,3
W,3,50,2,ai,42,200,8
W,3,50,3,log,31,100,4
S,3,50,863,1718
W,4,50,1,ctrl,30,300,2
D,4,50,11,1,4
W,4,50,2,ai,54,200,8
W,4,50,3,log,21,100,4
S,4,50,769,1754
W,5,50,1,ctrl,32,300,2
D,5,50,11,1,2
W,5,50,2,ai,48,200,8
W,5,50,3,log,25,100,4
S,5,50,868,1644
W,6,50,1,ctrl,31,300,2
D,6,50,11,1,4
W,6,50,2,ai,52,200,8
W,6,50,3,log,26,100,4
S,6,50,857,1760
W,7,50,1,ctrl,34,300,1
D,7,50,11,2,2
W,7,50,2,ai,43,200,8
W,7,50,3,log,27,100,4
S,7,50,885,1533
W,8,50,1,ctrl,31,300,1
D,8,50,11,0,0
W,8,50,2,ai,46,200,8
W,8,50,3,log,25,100,4
S,8,50,876,1650
W,9,50,1,ctrl,38,300,1
D,9,50,11,0,0
W,9,50,2,ai,45,200,8
W,9,50,3,log,23,100,4
S,9,50,862,1396
W,10,50,1,ctrl,33,300,1
D,10,50,11,0,0
W,10,50,2,ai,48,200,8
W,10,50,3,log,23,100,4
S,10,50,844,1577
W,11,50,1,ctrl,26,300,2
D,11,50,10,0,0
W,11,50,2,ai,52,200,8
W,11,50,3,log,26,100,4
S,11,50,858,2000
W,12,50,1,ctrl,31,300,2
D,12,50,11,1,5
W,12,50,2,ai,49,200,8
W,12,50,3,log,23,100,4
S,12,50,836,1666
W,13,50,1,ctrl,29,300,2
D,13,50,11,1,2
W,13,50,2,ai,52,200,8
W,13,50,3,log,28,100,4
S,13,50,873,1879
W,14,50,1,ctrl,30,300,2
D,14,50,11,1,3
W,14,50,2,ai,47,200,8
W,14,50,3,log,28,100,4
S,14,50,886,1754
W,15,50,1,ctrl,28,300,2
D,15,50,11,1,5
W,15,50,2,ai,50,200,8
W,15,50,3,log,24,100,4
S,15,50,846,1824
W,16,50,1,ctrl,35,300,1
D,16,50,11,1,3
W,16,50,2,ai,42,200,8
W,16,50,3,log,23,100,4
S,16,50,883,1428
W,17,50,1,ctrl,28,300,2
D,17,50,10,0,0
W,17,50,2,ai,45,200,8
W,17,50,3,log,26,100,4
S,17,50,883,1773
W,18,50,1,ctrl,30,300,2
D,18,50,11,1,3
W,18,50,2,ai,51,200,8
W,18,50,3,log,26,100,4
S,18,50,860,1785
W,19,50,1,ctrl,29,300,1
D,19,50,11,1,3
W,19,50,2,ai,46,200,8
W,19,50,3,log,26,100,4
S,19,50,882,1742
W,20,50,1,ctrl,24,300,2
D,20,50,10,0,0
W,20,50,2,ai,52,200,8
W,20,50,3,log,24,100,4
S,20,50,837,2083
W,21,50,1,ctrl,28,300,2
D,21,50,11,1,2
W,21,50,2,ai,51,200,8
W,21,50,3,log,28,100,4
S,21,50,875,1915
W,22,50,1,ctrl,26,300,1
D,22,50,11,1,1
W,22,50,2,ai,51,200,8
W,22,50,3,log,24,100,4
S,22,50,840,1945
W,23,50,1,ctrl,32,300,1
D,23,50,11,0,0
W,23,50,2,ai,50,200,8
W,23,50,3,log,24,100,4
S,23,50,844,1661
W,24,50,1,ctrl,25,300,2
D,24,50,10,0,0
W,24,50,2,ai,49,200,8
W,24,50,3,log,29,100,4
S,24,50,884,2066
W,25,50,1,ctrl,29,300,1
D,25,50,11,1,1
W,25,50,2,ai,52,200,8
W,25,50,3,log,23,100,4
S,25,50,819,1798
W,26,50,1,ctrl,25,300,2
D,26,50,10,0,0
W,26,50,2,ai,47,200,8
W,26,50,3,log,27,100,4
S,26,50,881,1984
W,27,50,1,ctrl,31,300,1
D,27,50,11,1,1
W,27,50,2,ai,45,200,8
W,27,50,3,log,26,100,4
S,27,50,884,1650
W,28,50,1,ctrl,25,300,2
D,28,50,10,0,0
W,28,50,2,ai,55,200,8
W,28,50,3,log,22,100,4
S,28,50,789,2040
W,29,50,1,ctrl,34,300,2
D,29,50,11,1,3
W,29,50,2,ai,50,200,8
W,29,50,3,log,23,100,4
S,29,50,826,1577
W,30,50,1,ctrl,32,300,1
D,30,50,11,1,1
W,30,50,2,ai,42,200,8
W,30,50,3,log,25,100,4
S,30,50,888,1547
W,31,50,1,ctrl,27,300,2
D,31,50,10,0,0
W,31,50,2,ai,50,200,8
W,31,50,3,log,26,100,4
S,31,50,866,1908
W,32,50,1,ctrl,26,300,1
D,32,50,11,1,1
W,32,50,2,ai,52,200,8
W,32,50,3,log,24,100,4
S,32,50,834,1968
W,33,50,1,ctrl,22,300,1
D,33,50,9,0,0
W,33,50,2,ai,39,100,1
W,33,50,3,log,25,50,1
S,33,50,883,2611
J,1,ctrl,1,360,21,50,5,2273,15533,1,15
# done
# RUN config=light alpha=50 rep=1/3
# prev_baseline_reset ngroups=3
# schedlab win=100 total=3600 groups=3
W,1,50,1,ctrl,42,300,2
D,1,50,17,0,0
W,1,50,2,ai,92,200,8
W,1,50,3,log,46,100,4
S,1,50,857,2145
W,2,50,1,ctrl,27,300,2
D,2,50,11,0,0
W,2,50,2,ai,46,200,8
W,2,50,3,log,28,100,4
S,2,50,888,1872
W,3,50,1,ctrl,24,300,1
D,3,50,11,0,0
W,3,50,2,ai,52,200,8
W,3,50,3,log,26,100,4
S,3,50,856,2127
W,4,50,1,ctrl,26,300,2
D,4,50,10,0,0
W,4,50,2,ai,47,200,8
W,4,50,3,log,25,100,4
S,4,50,871,1886
W,5,50,1,ctrl,31,300,2
D,5,50,11,1,2
W,5,50,2,ai,49,200,8
W,5,50,3,log,26,100,4
S,5,50,872,1712
W,6,50,1,ctrl,28,300,1
D,6,50,11,0,0
W,6,50,2,ai,48,200,8
W,6,50,3,log,25,100,4
S,6,50,867,1805
W,7,50,1,ctrl,29,300,1
D,7,50,11,0,0
W,7,50,2,ai,50,200,8
W,7,50,3,log,22,100,4
S,7,50,815,1742
W,8,50,1,ctrl,26,300,2
D,8,50,10,0,0
W,8,50,2,ai,52,200,8
W,8,50,3,log,25,100,4
S,8,50,846,1984
W,9,50,1,ctrl,31,300,2
D,9,50,11,0,0
W,9,50,2,ai,43,200,8
W,9,50,3,log,31,100,4
S,9,50,869,1694
W,10,50,1,ctrl,30,300,1
D,10,50,11,1,1
W,10,50,2,ai,49,200,8
W,10,50,3,log,24,100,4
S,10,50,852,1718
W,11,50,1,ctrl,27,300,1
D,11,50,11,0,0
W,11,50,2,ai,45,200,8
W,11,50,3,log,26,100,4
S,11,50,884,1818
W,12,50,1,ctrl,23,300,2
D,12,50,10,0,0
W,12,50,2,ai,51,200,8
W,12,50,3,log,27,100,4
S,12,50,868,2202
W,13,50,1,ctrl,30,300,1
D,13,50,11,0,0
W,13,50,2,ai,49,200,8
W,13,50,3,log,24,100,4
S,13,50,852,1718
W,14,50,1,ctrl,28,300,1
D,14,50,11,0,0
W,14,50,2,ai,50,200,8
W,14,50,3,log,24,100,4
S,14,50,846,1824
W,15,50,1,ctrl,25,300,2
D,15,50,10,0,0
W,15,50,2,ai,49,200,8
W,15,50,3,log,28,100,4
S,15,50,882,2040
W,16,50,1,ctrl,28,300,1
D,16,50,11,0,0
W,16,50,2,ai,49,200,8
W,16,50,3,log,26,100,4
S,16,50,870,1845
W,17,50,1,ctrl,25,300,2
D,17,50,10,0,0
W,17,50,2,ai,52,200,8
W,17,50,3,log,22,100,4
S,17,50,807,1984
W,18,50,1,ctrl,33,300,2
D,18,50,11,0,0
W,18,50,2,ai,51,200,8
W,18,50,3,log,21,100,4
S,18,50,783,1592
W,19,50,1,ctrl,29,300,1
D,19,50,11,0,0
W,19,50,2,ai,46,200,8
W,19,50,3,log,27,100,4
S,19,50,885,1760
W,20,50,1,ctrl,26,300,2
D,20,50,10,0,0
W,20,50,2,ai,47,200,8
W,20,50,3,log,26,100,4
S,20,50,877,1908
W,21,50,1,ctrl,33,300,2
D,21,50,11,1,1
W,21,50,2,ai,48,200,8
W,21,50,3,log,24,100,4
S,21,50,857,1592
W,22,50,1,ctrl,28,300,1
D,22,50,11,0,0
W,22,50,2,ai,49,200,8
W,22,50,3,log,26,100,4
S,22,50,870,1845
W,23,50,1,ctrl,30,300,1
D,23,50,11,0,0
W,23,50,2,ai,49,200,8
W,23,50,3,log,23,100,4
S,23,50,837,1700
W,24,50,1,ctrl,26,300,2
D,24,50,10,0,0
W,24,50,2,ai,51,200,8
W,24,50,3,log,27,100,4
S,24,50,869,2000
W,25,50,1,ctrl,28,300,1
D,25,50,11,0,0
W,25,50,2,ai,46,200,8
W,25,50,3,log,29,100,4
S,25,50,887,1845
W,26,50,1,ctrl,30,300,1
D,26,50,11,0,0
W,26,50,2,ai,53,200,8
W,26,50,3,log,24,100,4
S,26,50,827,1785
W,27,50,1,ctrl,27,300,2
D,27,50,10,0,0
W,27,50,2,ai,51,200,8
W,27,50,3,log,26,100,4
S,27,50,862,1930
W,28,50,1,ctrl,28,300,1
D,28,50,11,0,0
W,28,50,2,ai,51,200,8
W,28,50,3,log,23,100,4
S,28,50,826,1824
W,29,50,1,ctrl,35,300,1
D,29,50,11,0,0
W,29,50,2,ai,46,200,8
W,29,50,3,log,24,100,4
S,29,50,869,1501
W,30,50,1,ctrl,31,300,1
D,30,50,11,0,0
W,30,50,2,ai,50,200,8
W,30,50,3,log,25,100,4
S,30,50,855,1712
W,31,50,1,ctrl,26,300,1
D,31,50,10,0,0
W,31,50,2,ai,48,200,8
W,31,50,3,log,28,100,4
S,31,50,883,1968
W,32,50,1,ctrl,28,300,1
D,32,50,11,0,0
W,32,50,2,ai,48,200,8
W,32,50,3,log,24,100,4
S,32,50,858,1785
W,33,50,1,ctrl,34,300,1
D,33,50,10,0,0
W,33,50,2,ai,43,100,1
W,33,50,3,log,18,50,1
S,33,50,821,1865
J,1,ctrl,1,359,3,4,2,932,3418,0,12
# done
# RUN config=light alpha=50 rep=2/3
# prev_baseline_reset ngroups=3
# schedlab win=100 total=3600 groups=3
W,1,50,1,ctrl,47,300,1
D,1,50,18,0,0
W,1,50,2,ai,84,200,8
W,1,50,3,log,45,100,4
S,1,50,872,1872
W,2,50,1,ctrl,25,300,2
D,2,50,10,0,0
W,2,50,2,ai,49,200,8
W,2,50,3,log,26,100,4
S,2,50,871,2000
W,3,50,1,ctrl,30,300,2
D,3,50,11,1,3
W,3,50,2,ai,49,200,8
W,3,50,3,log,28,100,4
S,3,50,882,1785
W,4,50,1,ctrl,31,300,1
D,4,50,11,1,2
W,4,50,2,ai,45,200,8
W,4,50,3,log,24,100,4
S,4,50,875,1612
W,5,50,1,ctrl,35,300,1
D,5,50,11,1,1
W,5,50,2,ai,41,200,8
W,5,50,3,log,26,100,4
S,5,50,882,1457
W,6,50,1,ctrl,31,300,2
D,6,50,10,0,0
W,6,50,2,ai,45,200,8
W,6,50,3,log,25,100,4
S,6,50,879,1633
W,7,50,1,ctrl,28,300,2
D,7,50,11,1,3
W,7,50,2,ai,51,200,8
W,7,50,3,log,24,100,4
S,7,50,840,1845
W,8,50,1,ctrl,31,300,2
D,8,50,11,1,4
W,8,50,2,ai,49,200,8
W,8,50,3,log,25,100,4
S,8,50,863,1694
W,9,50,1,ctrl,26,300,1
D,9,50,11,1,1
W,9,50,2,ai,47,200,8
W,9,50,3,log,29,100,4
S,9,50,887,1968
W,10,50,1,ctrl,29,300,1
D,10,50,11,0,0
W,10,50,2,ai,51,200,8
W,10,50,3,log,24,100,4
S,10,50,838,1798
W,11,50,1,ctrl,29,300,2
D,11,50,10,0,0
W,11,50,2,ai,49,200,8
W,11,50,3,log,28,100,4
S,11,50,883,1831
W,12,50,1,ctrl,29,300,1
D,12,50,11,1,1
W,12,50,2,ai,48,200,8
W,12,50,3,log,23,100,4
S,12,50,846,1724
W,13,50,1,ctrl,30,300,1
D,13,50,11,0,0
W,13,50,2,ai,48,200,8
W,13,50,3,log,22,100,4
S,13,50,830,1666
W,14,50,1,ctrl,31,300,1
D,14,50,11,0,0
W,14,50,2,ai,44,200,8
W,14,50,3,log,29,100,4
S,14,50,885,1677
W,15,50,1,ctrl,25,300,2
D,15,50,10,0,0
W,15,50,2,ai,53,200,8
W,15,50,3,log,24,100,4
S,15,50,830,2040
W,16,50,1,ctrl,30,300,2
D,16,50,11,1,4
W,16,50,2,ai,49,200,8
W,16,50,3,log,28,100,4
S,16,50,882,1785
W,17,50,1,ctrl,27,300,1
D,17,50,11,0,0
W,17,50,2,ai,53,200,8
W,17,50,3,log,23,100,4
S,17,50,815,1908
W,18,50,1,ctrl,31,300,2
D,18,50,10,0,0
W,18,50,2,ai,46,200,8
W,18,50,3,log,22,100,4
S,18,50,843,1597
W,19,50,1,ctrl,28,300,1
D,19,50,11,1,2
W,19,50,2,ai,52,200,8
W,19,50,3,log,24,100,4
S,19,50,833,1858
W,20,50,1,ctrl,26,300,2
D,20,50,10,0,0
W,20,50,2,ai,51,200,8
W,20,50,3,log,25,100,4
S,20,50,852,1968
W,21,50,1,ctrl,27,300,2
D,21,50,11,1,3
W,21,50,2,ai,53,200,8
W,21,50,3,log,29,100,4
S,21,50,876,2024
W,22,50,1,ctrl,31,300,1
D,22,50,11,1,1
W,22,50,2,ai,47,200,8
W,22,50,3,log,24,100,4
S,22,50,862,1650
W,23,50,1,ctrl,29,300,1
D,23,50,11,0,0
W,23,50,2,ai,48,200,8
W,23,50,3,log,28,100,4
S,23,50,885,1811
W,24,50,1,ctrl,28,300,2
D,24,50,10,0,0
W,24,50,2,ai,49,200,8
W,24,50,3,log,22,100,4
S,24,50,823,1773
W,25,50,1,ctrl,32,300,2
D,25,50,11,1,3
W,25,50,2,ai,46,200,8
W,25,50,3,log,28,100,4
S,25,50,887,1661
W,26,50,1,ctrl,31,300,2
D,26,50,11,1,5
W,26,50,2,ai,50,200,8
W,26,50,3,log,22,100,4
S,26,50,812,1666
W,27,50,1,ctrl,31,300,2
D,27,50,11,1,4
W,27,50,2,ai,47,200,8
W,27,50,3,log,25,100,4
S,27,50,871,1666
W,28,50,1,ctrl,25,300,1
D,28,50,11,0,0
W,28,50,2,ai,48,200,8
W,28,50,3,log,29,100,4
S,28,50,887,2040
W,29,50,1,ctrl,24,300,2
D,29,50,10,0,0
W,29,50,2,ai,56,200,8
W,29,50,3,log,24,100,4
S,29,50,813,2173
W,30,50,1,ctrl,34,300,2
D,30,50,11,1,5
W,30,50,2,ai,43,200,8
W,30,50,3,log,26,100,4
S,30,50,888,1515
W,31,50,1,ctrl,30,300,1
D,31,50,11,1,2
W,31,50,2,ai,46,200,8
W,31,50,3,log,24,100,4
S,31,50,870,1666
W,32,50,1,ctrl,28,300,2
D,32,50,10,0,0
W,32,50,2,ai,47,200,8
W,32,50,3,log,26,100,4
S,32,50,878,1805
W,33,50,1,ctrl,30,300,1
D,33,50,10,1,4
W,33,50,2,ai,42,100,1
W,33,50,3,log,22,50,1
S,33,50,864,2087
J,1,ctrl,1,360,17,48,5,2260,15360,1,15
# done
# RUN config=light alpha=50 rep=3/3
# prev_baseline_reset ngroups=3
# schedlab win=100 total=3600 groups=3
W,1,50,1,ctrl,46,300,2
D,1,50,18,1,1
W,1,50,2,ai,80,200,8
W,1,50,3,log,51,100,4
S,1,50,887,1930
W,2,50,1,ctrl,29,300,1
D,2,50,11,0,0
W,2,50,2,ai,43,200,8
W,2,50,3,log,26,100,4
S,2,50,887,1694
W,3,50,1,ctrl,25,300,2
D,3,50,10,0,0
W,3,50,2,ai,47,200,8
W,3,50,3,log,29,100,4
S,3,50,888,2024
W,4,50,1,ctrl,35,300,2
D,4,50,11,1,2
W,4,50,2,ai,44,200,8
W,4,50,3,log,26,100,4
S,4,50,888,1501
W,5,50,1,ctrl,28,300,2
D,5,50,11,0,0
W,5,50,2,ai,49,200,8
W,5,50,3,log,29,100,4
S,5,50,886,1893
W,6,50,1,ctrl,38,300,1
D,6,50,11,0,0
W,6,50,2,ai,38,200,8
W,6,50,3,log,25,100,4
S,6,50,861,1329
W,7,50,1,ctrl,29,300,2
D,7,50,10,0,0
W,7,50,2,ai,50,200,8
W,7,50,3,log,23,100,4
S,7,50,831,1760
W,8,50,1,ctrl,27,300,1
D,8,50,11,0,0
W,8,50,2,ai,45,200,8
W,8,50,3,log,26,100,4
S,8,50,884,1818
W,9,50,1,ctrl,28,300,2
D,9,50,10,0,0
W,9,50,2,ai,48,200,8
W,9,50,3,log,24,100,4
S,9,50,858,1785
W,10,50,1,ctrl,28,300,2
D,10,50,11,0,0
W,10,50,2,ai,47,200,8
W,10,50,3,log,29,100,4
S,10,50,887,1858
W,11,50,1,ctrl,33,300,2
D,11,50,11,0,0
W,11,50,2,ai,52,200,8
W,11,50,3,log,22,100,4
S,11,50,795,1623
W,12,50,1,ctrl,32,300,2
D,12,50,11,0,0
W,12,50,2,ai,49,200,8
W,12,50,3,log,22,100,4
S,12,50,818,1612
W,13,50,1,ctrl,24,300,1
D,13,50,11,0,0
W,13,50,2,ai,53,200,8
W,13,50,3,log,23,100,4
S,13,50,818,2083
W,14,50,1,ctrl,26,300,2
D,14,50,10,0,0
W,14,50,2,ai,52,200,8
W,14,50,3,log,25,100,4
S,14,50,846,1984
W,15,50,1,ctrl,28,300,1
D,15,50,11,0,0
W,15,50,2,ai,45,200,8
W,15,50,3,log,25,100,4
S,15,50,880,1754
W,16,50,1,ctrl,26,300,2
D,16,50,10,0,0
W,16,50,2,ai,51,200,8
W,16,50,3,log,24,100,4
S,16,50,840,1945
W,17,50,1,ctrl,30,300,2
D,17,50,11,0,0
W,17,50,2,ai,50,200,8
W,17,50,3,log,23,100,4
S,17,50,831,1718
W,18,50,1,ctrl,28,300,1
D,18,50,11,0,0
W,18,50,2,ai,43,200,8
W,18,50,3,log,31,100,4
S,18,50,873,1824
W,19,50,1,ctrl,30,300,2
D,19,50,10,0,0
W,19,50,2,ai,49,200,8
W,19,50,3,log,23,100,4
S,19,50,837,1700
W,20,50,1,ctrl,33,300,1
D,20,50,12,1,4
W,20,50,2,ai,46,200,8
W,20,50,3,log,26,100,4
S,20,50,883,1592
W,21,50,1,ctrl,33,300,1
D,21,50,11,0,0
W,21,50,2,ai,48,200,8
W,21,50,3,log,22,100,4
S,21,50,826,1562
W,22,50,1,ctrl,24,300,2
D,22,50,10,0,0
W,22,50,2,ai,52,200,8
W,22,50,3,log,24,100,4
S,22,50,837,2083
W,23,50,1,ctrl,28,300,1
D,23,50,11,0,0
W,23,50,2,ai,49,200,8
W,23,50,3,log,26,100,4
S,23,50,870,1845
W,24,50,1,ctrl,21,300,2
D,24,50,10,0,0
W,24,50,2,ai,53,200,8
W,24,50,3,log,23,100,4
S,24,50,820,2314
W,25,50,1,ctrl,27,300,1
D,25,50,11,0,0
W,25,50,2,ai,50,200,8
W,25,50,3,log,26,100,4
S,25,50,866,1908
W,26,50,1,ctrl,26,300,2
D,26,50,10,0,0
W,26,50,2,ai,49,200,8
W,26,50,3,log,23,100,4
S,26,50,839,1886
W,27,50,1,ctrl,35,300,2
D,27,50,11,1,1
W,27,50,2,ai,43,200,8
W,27,50,3,log,29,100,4
S,27,50,875,1529
W,28,50,1,ctrl,28,300,2
D,28,50,11,0,0
W,28,50,2,ai,52,200,8
W,28,50,3,log,24,100,4
S,28,50,833,1858
W,29,50,1,ctrl,34,300,1
D,29,50,11,0,0
W,29,50,2,ai,47,200,8
W,29,50,3,log,18,100,4
S,29,50,729,1457
W,30,50,1,ctrl,41,300,1
D,30,50,11,0,0
W,30,50,2,ai,45,200,8
W,30,50,3,log,18,100,4
S,30,50,710,1269
W,31,50,1,ctrl,28,300,2
D,31,50,10,0,0
W,31,50,2,ai,49,200,8
W,31,50,3,log,22,100,4
S,31,50,823,1773
W,32,50,1,ctrl,29,300,2
D,32,50,11,0,0
W,32,50,2,ai,51,200,8
W,32,50,3,log,24,100,4
S,32,50,838,1798
W,33,50,1,ctrl,27,300,1
D,33,50,9,0,0
W,33,50,2,ai,47,100,1
W,33,50,3,log,20,50,1
S,33,50,828,2320
J,1,ctrl,1,359,4,8,4,1021,4285,1,14
# done
# WARMUP config=light alpha=60
# prev_baseline_reset ngroups=3
# schedlab win=100 total=3600 groups=3
W,1,60,1,ctrl,43,300,2
D,1,60,18,0,0
W,1,60,2,ai,100,300,8
W,1,60,3,log,38,100,4
S,1,60,863,1805
W,2,60,1,ctrl,28,300,2
D,2,60,11,0,0
W,2,60,2,ai,62,300,8
W,2,60,3,log,16,100,4
S,2,60,699,1621
W,3,60,1,ctrl,32,300,2
D,3,60,11,1,1
W,3,60,2,ai,61,300,8
W,3,60,3,log,13,100,4
S,3,60,755,1421
W,4,60,1,ctrl,30,300,1
D,4,60,11,0,0
W,4,60,2,ai,55,300,8
W,4,60,3,log,15,100,4
S,4,60,708,1426
W,5,60,1,ctrl,26,300,2
D,5,60,10,0,0
W,5,60,2,ai,49,300,8
W,5,60,3,log,25,100,4
S,5,60,870,1646
W,6,60,1,ctrl,27,300,1
D,6,60,11,0,0
W,6,60,2,ai,59,300,8
W,6,60,3,log,15,100,4
S,6,60,691,1602
W,7,60,1,ctrl,27,300,2
D,7,60,10,0,0
W,7,60,2,ai,53,300,8
W,7,60,3,log,18,100,4
S,7,60,829,1556
W,8,60,1,ctrl,30,300,2
D,8,60,11,1,1
W,8,60,2,ai,65,300,8
W,8,60,3,log,13,100,4
S,8,60,749,1545
W,9,60,1,ctrl,31,300,1
D,9,60,11,0,0
W,9,60,2,ai,59,300,8
W,9,60,3,log,13,100,4
S,9,60,739,1426
W,10,60,1,ctrl,29,300,1
D,10,60,11,0,0
W,10,60,2,ai,61,300,8
W,10,60,3,log,15,100,4
S,10,60,666,1550
W,11,60,1,ctrl,25,300,2
D,11,60,10,0,0
W,11,60,2,ai,62,300,8
W,11,60,3,log,15,100,4
S,11,60,684,1746
W,12,60,1,ctrl,29,300,1
D,12,60,11,0,0
W,12,60,2,ai,53,300,8
W,12,60,3,log,16,100,4
S,12,60,768,1450
W,13,60,1,ctrl,28,300,1
D,13,60,10,0,0
W,13,60,2,ai,60,300,8
W,13,60,3,log,13,100,4
S,13,60,722,1545
W,14,60,1,ctrl,32,300,2
D,14,60,11,0,0
W,14,60,2,ai,60,300,8
W,14,60,3,log,13,100,4
S,14,60,753,1407
W,15,60,1,ctrl,32,300,2
D,15,60,11,1,1
W,15,60,2,ai,63,300,8
W,15,60,3,log,14,100,4
S,15,60,728,1460
W,16,60,1,ctrl,28,300,1
D,16,60,11,0,0
W,16,60,2,ai,46,300,8
W,16,60,3,log,25,100,4
S,16,60,818,1517
W,17,60,1,ctrl,30,300,1
D,17,60,11,0,0
W,17,60,2,ai,49,300,8
W,17,60,3,log,25,100,4
S,17,60,847,1486
W,18,60,1,ctrl,25,300,2
D,18,60,10,0,0
W,18,60,2,ai,63,300,8
W,18,60,3,log,13,100,4
S,18,60,714,1732
W,19,60,1,ctrl,31,300,2
D,19,60,11,0,0
W,19,60,2,ai,61,300,8
W,19,60,3,log,13,100,4
S,19,60,748,1450
W,20,60,1,ctrl,27,300,1
D,20,60,11,0,0
W,20,60,2,ai,44,300,8
W,20,60,3,log,25,100,4
S,20,60,796,1523
W,21,60,1,ctrl,28,300,2
D,21,60,10,0,0
W,21,60,2,ai,56,300,8
W,21,60,3,log,14,100,4
S,21,60,666,1501
W,22,60,1,ctrl,26,300,2
D,22,60,11,0,0
W,22,60,2,ai,55,300,8
W,22,60,3,log,22,100,4
S,22,60,877,1698
W,23,60,1,ctrl,32,300,2
D,23,60,11,0,0
W,23,60,2,ai,50,300,8
W,23,60,3,log,21,100,4
S,23,60,888,1380
W,24,60,1,ctrl,22,300,1
D,24,60,11,0,0
W,24,60,2,ai,61,300,8
W,24,60,3,log,14,100,4
S,24,60,673,1893
W,25,60,1,ctrl,27,300,2
D,25,60,10,0,0
W,25,60,2,ai,60,300,8
W,25,60,3,log,10,100,4
S,25,60,796,1539
W,26,60,1,ctrl,31,300,2
D,26,60,11,0,0
W,26,60,2,ai,61,300,8
W,26,60,3,log,13,100,4
S,26,60,748,1450
W,27,60,1,ctrl,27,300,1
D,27,60,11,0,0
W,27,60,2,ai,59,300,8
W,27,60,3,log,15,100,4
S,27,60,691,1602
W,28,60,1,ctrl,27,300,1
D,28,60,11,0,0
W,28,60,2,ai,49,300,8
W,28,60,3,log,25,100,4
S,28,60,865,1602
W,29,60,1,ctrl,24,300,2
D,29,60,10,0,0
W,29,60,2,ai,66,300,8
W,29,60,3,log,14,100,4
S,29,60,692,1860
W,30,60,1,ctrl,29,300,1
D,30,60,11,0,0
W,30,60,2,ai,47,300,8
W,30,60,3,log,25,100,4
S,30,60,827,1491
W,31,60,1,ctrl,27,300,2
D,31,60,10,0,0
W,31,60,2,ai,58,300,8
W,31,60,3,log,18,100,4
S,31,60,789,1633
W,32,60,1,ctrl,30,300,1
D,32,60,11,0,0
W,32,60,2,ai,56,300,8
W,32,60,3,log,17,100,4
S,32,60,775,1470
W,33,60,1,ctrl,26,300,1
D,33,60,10,0,0
W,33,60,2,ai,56,100,1
W,33,60,3,log,13,50,1
S,33,60,708,2439
J,1,ctrl,1,360,3,3,1,990,3888,0,11
# done
# RUN config=light alpha=60 rep=1/3
# prev_baseline_reset ngroups=3
# schedlab win=100 total=3600 groups=3
W,1,60,1,ctrl,69,300,3
D,1,60,33,18,491
W,1,60,2,ai,81,300,8
W,1,60,3,log,38,100,4
S,1,60,688,1166
W,2,60,1,ctrl,45,300,3
D,2,60,20,13,823
W,2,60,2,ai,56,300,8
W,2,60,3,log,16,100,4
S,2,60,745,1114
W,3,60,1,ctrl,39,300,3
D,3,60,18,13,910
W,3,60,2,ai,42,300,8
W,3,60,3,log,20,100,4
S,3,60,810,1108
W,4,60,1,ctrl,48,300,3
D,4,60,21,15,1198
W,4,60,2,ai,46,300,8
W,4,60,3,log,17,100,4
S,4,60,841,1033
W,5,60,1,ctrl,43,300,3
D,5,60,20,14,1631
W,5,60,2,ai,51,300,8
W,5,60,3,log,17,100,4
S,5,60,831,1105
W,6,60,1,ctrl,40,300,3
D,6,60,19,12,1689
W,6,60,2,ai,49,300,8
W,6,60,3,log,20,100,4
S,6,60,859,1169
W,7,60,1,ctrl,42,300,3
D,7,60,19,13,1745
W,7,60,2,ai,50,300,8
W,7,60,3,log,18,100,4
S,7,60,885,1123
W,8,60,1,ctrl,49,300,3
D,8,60,23,16,3060
W,8,60,2,ai,51,300,8
W,8,60,3,log,18,100,4
S,8,60,852,1031
W,9,60,1,ctrl,41,300,3
D,9,60,18,11,2179
W,9,60,2,ai,51,300,8
W,9,60,3,log,17,100,4
S,9,60,820,1138
W,10,60,1,ctrl,45,300,2
D,10,60,21,15,2792
W,10,60,2,ai,46,300,8
W,10,60,3,log,17,100,4
S,10,60,793,1028
W,11,60,1,ctrl,44,300,3
D,11,60,21,13,3947
W,11,60,2,ai,48,300,8
W,11,60,3,log,15,100,4
S,11,60,731,1041
W,12,60,1,ctrl,41,300,3
D,12,60,19,12,2758
W,12,60,2,ai,54,300,8
W,12,60,3,log,20,100,4
S,12,60,883,1202
W,13,60,1,ctrl,44,300,2
D,13,60,20,13,3368
W,13,60,2,ai,43,300,8
W,13,60,3,log,17,100,4
S,13,60,810,1036
W,14,60,1,ctrl,43,300,3
D,14,60,18,10,3300
W,14,60,2,ai,56,300,8
W,14,60,3,log,16,100,4
S,14,60,701,1147
W,15,60,1,ctrl,41,300,3
D,15,60,16,9,2662
W,15,60,2,ai,48,300,8
W,15,60,3,log,16,100,4
S,15,60,828,1097
W,16,60,1,ctrl,44,300,3
D,16,60,20,14,4723
W,16,60,2,ai,53,300,8
W,16,60,3,log,13,100,4
S,16,60,881,1203
W,17,60,1,ctrl,41,300,3
D,17,60,19,12,4940
W,17,60,2,ai,51,300,8
W,17,60,3,log,17,100,4
S,17,60,820,1138
W,18,60,1,ctrl,40,300,3
D,18,60,17,10,3866
W,18,60,2,ai,49,300,8
W,18,60,3,log,13,100,4
S,18,60,837,1118
W,19,60,1,ctrl,41,300,3
D,19,60,18,10,4256
W,19,60,2,ai,56,300,8
W,19,60,3,log,16,100,4
S,19,60,676,1182
W,20,60,1,ctrl,46,300,3
D,20,60,20,14,6672
W,20,60,2,ai,50,300,8
W,20,60,3,log,15,100,4
S,20,60,845,1051
W,21,60,1,ctrl,40,300,3
D,21,60,19,12,6114
W,21,60,2,ai,50,300,8
W,21,60,3,log,20,100,4
S,21,60,877,1179
W,22,60,1,ctrl,40,300,3
D,22,60,19,12,6369
W,22,60,2,ai,48,300,8
W,22,60,3,log,12,100,4
S,22,60,873,1183
W,23,60,1,ctrl,49,300,3
D,23,60,21,14,7459
W,23,60,2,ai,46,300,8
W,23,60,3,log,18,100,4
S,23,60,816,1051
W,24,60,1,ctrl,39,300,3
D,24,60,18,10,6028
W,24,60,2,ai,52,300,8
W,24,60,3,log,17,100,4
S,24,60,807,1185
W,25,60,1,ctrl,40,300,3
D,25,60,19,11,7074
W,25,60,2,ai,48,300,8
W,25,60,3,log,13,100,4
S,25,60,840,1109
W,26,60,1,ctrl,44,300,3
D,26,60,20,14,8287
W,26,60,2,ai,50,300,8
W,26,60,3,log,17,100,4
S,26,60,864,1080
W,27,60,1,ctrl,46,300,3
D,27,60,21,13,7616
W,27,60,2,ai,53,300,8
W,27,60,3,log,21,100,4
S,27,60,840,1117
W,28,60,1,ctrl,40,300,3
D,28,60,17,11,6940
W,28,60,2,ai,43,300,8
W,28,60,3,log,18,100,4
S,28,60,721,1080
W,29,60,1,ctrl,39,300,3
D,29,60,18,11,8152
W,29,60,2,ai,46,300,8
W,29,60,3,log,16,100,4
S,29,60,876,1108
W,30,60,1,ctrl,40,300,3
D,30,60,18,13,7410
W,30,60,2,ai,45,300,8
W,30,60,3,log,18,100,4
S,30,60,793,1103
W,31,60,1,ctrl,41,300,3
D,31,60,19,14,8777
W,31,60,2,ai,47,300,8
W,31,60,3,log,17,100,4
S,31,60,888,1097
J,1,ctrl,1,609,392,137236,1101,142309,103835419,2,1111
# done
# RUN config=light alpha=60 rep=2/3
# prev_baseline_reset ngroups=3
# schedlab win=100 total=3600 groups=3
W,1,60,1,ctrl,45,300,1
D,1,60,18,0,0
W,1,60,2,ai,107,300,8
W,1,60,3,log,28,100,4
S,1,60,715,1712
W,2,60,1,ctrl,30,300,1
D,2,60,11,0,0
W,2,60,2,ai,46,300,8
W,2,60,3,log,25,100,4
S,2,60,797,1441
W,3,60,1,ctrl,26,300,2
D,3,60,10,0,0
W,3,60,2,ai,48,300,8
W,3,60,3,log,25,100,4
S,3,60,858,1633
W,4,60,1,ctrl,30,300,2
D,4,60,11,1,3
W,4,60,2,ai,49,300,8
W,4,60,3,log,25,100,4
S,4,60,847,1486
W,5,60,1,ctrl,25,300,1
D,5,60,11,0,0
W,5,60,2,ai,62,300,8
W,5,60,3,log,15,100,4
S,5,60,684,1746
W,6,60,1,ctrl,31,300,1
D,6,60,11,1,1
W,6,60,2,ai,54,300,8
W,6,60,3,log,20,100,4
S,6,60,867,1450
W,7,60,1,ctrl,31,300,2
D,7,60,10,0,0
W,7,60,2,ai,51,300,8
W,7,60,3,log,17,100,4
S,7,60,822,1367
W,8,60,1,ctrl,33,300,2
D,8,60,11,1,4
W,8,60,2,ai,48,300,8
W,8,60,3,log,25,100,4
S,8,60,796,1376
W,9,60,1,ctrl,29,300,2
D,9,60,11,1,3
W,9,60,2,ai,50,300,8
W,9,60,3,log,25,100,4
S,9,60,861,1539
W,10,60,1,ctrl,30,300,2
D,10,60,11,1,6
W,10,60,2,ai,64,300,8
W,10,60,3,log,12,100,4
S,10,60,773,1512
W,11,60,1,ctrl,27,300,1
D,11,60,11,1,1
W,11,60,2,ai,61,300,8
W,11,60,3,log,16,100,4
S,11,60,709,1652
W,12,60,1,ctrl,25,300,2
D,12,60,10,0,0
W,12,60,2,ai,50,300,8
W,12,60,3,log,25,100,4
S,12,60,880,1712
W,13,60,1,ctrl,31,300,2
D,13,60,11,1,3
W,13,60,2,ai,49,300,8
W,13,60,3,log,25,100,4
S,13,60,838,1450
W,14,60,1,ctrl,32,300,1
D,14,60,11,0,0
W,14,60,2,ai,49,300,8
W,14,60,3,log,17,100,4
S,14,60,846,1312
W,15,60,1,ctrl,27,300,2
D,15,60,10,0,0
W,15,60,2,ai,65,300,8
W,15,60,3,log,12,100,4
S,15,60,756,1652
W,16,60,1,ctrl,31,300,1
D,16,60,11,1,2
W,16,60,2,ai,59,300,8
W,16,60,3,log,11,100,4
S,16,60,803,1398
W,17,60,1,ctrl,32,300,1
D,17,60,11,0,0
W,17,60,2,ai,45,300,8
W,17,60,3,log,25,100,4
S,17,60,741,1367
W,18,60,1,ctrl,31,300,2
D,18,60,10,0,0
W,18,60,2,ai,47,300,8
W,18,60,3,log,25,100,4
S,18,60,804,1426
W,19,60,1,ctrl,29,300,2
D,19,60,11,1,2
W,19,60,2,ai,52,300,8
W,19,60,3,log,25,100,4
S,19,60,877,1567
W,20,60,1,ctrl,33,300,2
D,20,60,11,1,5
W,20,60,2,ai,48,300,8
W,20,60,3,log,25,100,4
S,20,60,796,1376
W,21,60,1,ctrl,32,300,2
D,21,60,11,1,5
W,21,60,2,ai,62,300,8
W,21,60,3,log,12,100,4
S,21,60,785,1421
W,22,60,1,ctrl,29,300,1
D,22,60,11,1,1
W,22,60,2,ai,59,300,8
W,22,60,3,log,16,100,4
S,22,60,715,1539
W,23,60,1,ctrl,30,300,1
D,23,60,11,0,0
W,23,60,2,ai,47,300,8
W,23,60,3,log,25,100,4
S,23,60,815,1455
W,24,60,1,ctrl,31,300,1
D,24,60,11,0,0
W,24,60,2,ai,49,300,8
W,24,60,3,log,23,100,4
S,24,60,868,1426
W,25,60,1,ctrl,27,300,2
D,25,60,10,0,0
W,25,60,2,ai,51,300,8
W,25,60,3,log,25,100,4
S,25,60,879,1633
W,26,60,1,ctrl,29,300,1
D,26,60,11,1,1
W,26,60,2,ai,52,300,8
W,26,60,3,log,20,100,4
S,26,60,877,1491
W,27,60,1,ctrl,31,300,1
D,27,60,11,0,0
W,27,60,2,ai,48,300,8
W,27,60,3,log,24,100,4
S,27,60,843,1426
W,28,60,1,ctrl,25,300,2
D,28,60,10,0,0
W,28,60,2,ai,49,300,8
W,28,60,3,log,25,100,4
S,28,60,870,1698
W,29,60,1,ctrl,28,300,1
D,29,60,11,0,0
W,29,60,2,ai,42,300,8
W,29,60,3,log,25,100,4
S,29,60,735,1455
W,30,60,1,ctrl,29,300,2
D,30,60,10,0,0
W,30,60,2,ai,56,300,8
W,30,60,3,log,15,100,4
S,30,60,705,1475
W,31,60,1,ctrl,30,300,2
D,31,60,11,1,3
W,31,60,2,ai,61,300,8
W,31,60,3,log,17,100,4
S,31,60,732,1545
W,32,60,1,ctrl,28,300,1
D,32,60,11,1,1
W,32,60,2,ai,59,300,8
W,32,60,3,log,16,100,4
S,32,60,721,1579
W,33,60,1,ctrl,27,300,1
D,33,60,9,0,0
W,33,60,2,ai,40,100,1
W,33,60,3,log,15,50,1
S,33,60,799,2024
J,1,ctrl,1,360,15,41,6,2301,15655,2,16
# done
# RUN config=light alpha=60 rep=3/3
# prev_baseline_reset ngroups=3
# schedlab win=100 total=3600 groups=3
W,1,60,1,ctrl,43,300,1
D,1,60,18,0,0
W,1,60,2,ai,108,300,8
W,1,60,3,log,29,100,4
S,1,60,732,1798
W,2,60,1,ctrl,24,300,2
D,2,60,10,0,0
W,2,60,2,ai,54,300,8
W,2,60,3,log,25,100,4
S,2,60,890,1836
W,3,60,1,ctrl,31,300,2
D,3,60,11,1,4
W,3,60,2,ai,47,300,8
W,3,60,3,log,25,100,4
S,3,60,804,1426
W,4,60,1,ctrl,31,300,2
D,4,60,11,1,5
W,4,60,2,ai,47,300,8
W,4,60,3,log,25,100,4
S,4,60,804,1426
W,5,60,1,ctrl,31,300,2
D,5,60,11,1,3
W,5,60,2,ai,50,300,8
W,5,60,3,log,23,100,4
S,5,60,878,1436
W,6,60,1,ctrl,29,300,2
D,6,60,11,1,1
W,6,60,2,ai,64,300,8
W,6,60,3,log,15,100,4
S,6,60,682,1597
W,7,60,1,ctrl,29,300,2
D,7,60,11,1,3
W,7,60,2,ai,56,300,8
W,7,60,3,log,18,100,4
S,7,60,803,1523
W,8,60,1,ctrl,26,300,1
D,8,60,11,1,1
W,8,60,2,ai,61,300,8
W,8,60,3,log,15,100,4
S,8,60,685,1685
W,9,60,1,ctrl,29,300,1
D,9,60,11,0,0
W,9,60,2,ai,49,300,8
W,9,60,3,log,20,100,4
S,9,60,889,1450
W,10,60,1,ctrl,29,300,2
D,10,60,10,0,0
W,10,60,2,ai,49,300,8
W,10,60,3,log,25,100,4
S,10,60,851,1523
W,11,60,1,ctrl,29,300,2
D,11,60,11,1,4
W,11,60,2,ai,60,300,8
W,11,60,3,log,16,100,4
S,11,60,710,1550
W,12,60,1,ctrl,32,300,1
D,12,60,11,1,1
W,12,60,2,ai,58,300,8
W,12,60,3,log,12,100,4
S,12,60,781,1367
W,13,60,1,ctrl,33,300,1
D,13,60,11,1,1
W,13,60,2,ai,53,300,8
W,13,60,3,log,20,100,4
S,13,60,877,1376
W,14,60,1,ctrl,30,300,1
D,14,60,11,0,0
W,14,60,2,ai,63,300,8
W,14,60,3,log,12,100,4
S,14,60,771,1501
W,15,60,1,ctrl,24,300,2
D,15,60,10,0,0
W,15,60,2,ai,64,300,8
W,15,60,3,log,17,100,4
S,15,60,729,1877
W,16,60,1,ctrl,30,300,2
D,16,60,11,1,4
W,16,60,2,ai,63,300,8
W,16,60,3,log,14,100,4
S,16,60,716,1528
W,17,60,1,ctrl,33,300,1
D,17,60,11,1,4
W,17,60,2,ai,57,300,8
W,17,60,3,log,11,100,4
S,17,60,820,1314
W,18,60,1,ctrl,32,300,1
D,18,60,11,0,0
W,18,60,2,ai,59,300,8
W,18,60,3,log,14,100,4
S,18,60,711,1407
W,19,60,1,ctrl,25,300,2
D,19,60,10,0,0
W,19,60,2,ai,65,300,8
W,19,60,3,log,14,100,4
S,19,60,693,1783
W,20,60,1,ctrl,30,300,1
D,20,60,11,1,3
W,20,60,2,ai,57,300,8
W,20,60,3,log,15,100,4
S,20,60,691,1455
W,21,60,1,ctrl,30,300,1
D,21,60,11,0,0
W,21,60,2,ai,45,300,8
W,21,60,3,log,20,100,4
S,21,60,876,1358
W,22,60,1,ctrl,28,300,2
D,22,60,10,0,0
W,22,60,2,ai,52,300,8
W,22,60,3,log,22,100,4
S,22,60,888,1562
W,23,60,1,ctrl,29,300,2
D,23,60,11,1,3
W,23,60,2,ai,63,300,8
W,23,60,3,log,15,100,4
S,23,60,674,1579
W,24,60,1,ctrl,31,300,2
D,24,60,11,1,5
W,24,60,2,ai,63,300,8
W,24,60,3,log,13,100,4
S,24,60,752,1480
W,25,60,1,ctrl,28,300,1
D,25,60,11,1,2
W,25,60,2,ai,60,300,8
W,25,60,3,log,13,100,4
S,25,60,722,1545
W,26,60,1,ctrl,28,300,2
D,26,60,10,0,0
W,26,60,2,ai,63,300,8
W,26,60,3,log,11,100,4
S,26,60,785,1562
W,27,60,1,ctrl,28,300,1
D,27,60,11,1,2
W,27,60,2,ai,59,300,8
W,27,60,3,log,15,100,4
S,27,60,688,1562
W,28,60,1,ctrl,32,300,1
D,28,60,11,0,0
W,28,60,2,ai,53,300,8
W,28,60,3,log,14,100,4
S,28,60,672,1325
W,29,60,1,ctrl,33,300,1
D,29,60,11,0,0
W,29,60,2,ai,63,300,8
W,29,60,3,log,11,100,4
S,29,60,820,1392
W,30,60,1,ctrl,24,300,2
D,30,60,10,0,0
W,30,60,2,ai,49,300,8
W,30,60,3,log,26,100,4
S,30,60,864,1768
W,31,60,1,ctrl,32,300,2
D,31,60,11,1,5
W,31,60,2,ai,62,300,8
W,31,60,3,log,10,100,4
S,31,60,831,1479
W,32,60,1,ctrl,34,300,1
D,32,60,11,0,0
W,32,60,2,ai,46,300,8
W,32,60,3,log,20,100,4
S,32,60,870,1258
W,33,60,1,ctrl,36,300,1
D,33,60,8,0,0
W,33,60,2,ai,32,100,1
W,33,60,3,log,7,50,1
S,33,60,724,1387
J,1,ctrl,1,360,17,51,5,2289,15757,0,15
# done
# WARMUP config=light alpha=70
# prev_baseline_reset ngroups=3
# schedlab win=100 total=3600 groups=3
W,1,70,1,ctrl,44,300,2
D,1,70,18,0,0
W,1,70,2,ai,98,400,8
W,1,70,3,log,37,100,4
S,1,70,864,1530
W,2,70,1,ctrl,26,300,1
D,2,70,11,0,0
W,2,70,2,ai,61,400,8
W,2,70,3,log,14,100,4
S,2,70,738,1459
W,3,70,1,ctrl,25,300,2
D,3,70,10,0,0
W,3,70,2,ai,62,400,8
W,3,70,3,log,16,100,4
S,3,70,806,1549
W,4,70,1,ctrl,29,300,1
D,4,70,11,0,0
W,4,70,2,ai,58,400,8
W,4,70,3,log,15,100,4
S,4,70,815,1320
W,5,70,1,ctrl,30,300,1
D,5,70,11,0,0
W,5,70,2,ai,59,400,8
W,5,70,3,log,13,100,4
S,5,70,683,1275
W,6,70,1,ctrl,25,300,2
D,6,70,10,0,0
W,6,70,2,ai,58,400,8
W,6,70,3,log,19,100,4
S,6,70,885,1530
W,7,70,1,ctrl,29,300,2
D,7,70,11,2,4
W,7,70,2,ai,60,400,8
W,7,70,3,log,14,100,4
S,7,70,736,1334
W,8,70,1,ctrl,28,300,1
D,8,70,11,0,0
W,8,70,2,ai,58,400,8
W,8,70,3,log,16,100,4
S,8,70,844,1368
W,9,70,1,ctrl,31,300,1
D,9,70,11,0,0
W,9,70,2,ai,54,400,8
W,9,70,3,log,16,100,4
S,9,70,880,1225
W,10,70,1,ctrl,28,300,1
D,10,70,11,2,12
W,10,70,2,ai,59,400,8
W,10,70,3,log,17,100,4
S,10,70,864,1394
W,11,70,1,ctrl,26,300,1
D,11,70,11,0,0
W,11,70,2,ai,61,400,8
W,11,70,3,log,16,100,4
S,11,70,816,1488
W,12,70,1,ctrl,27,300,1
D,12,70,11,1,1
W,12,70,2,ai,63,400,8
W,12,70,3,log,18,100,4
S,12,70,854,1500
W,13,70,1,ctrl,26,300,2
D,13,70,10,1,2
W,13,70,2,ai,60,400,8
W,13,70,3,log,15,100,4
S,13,70,790,1459
W,14,70,1,ctrl,27,300,2
D,14,70,11,1,2
W,14,70,2,ai,60,400,8
W,14,70,3,log,16,100,4
S,14,70,827,1431
W,15,70,1,ctrl,27,300,1
D,15,70,11,0,0
W,15,70,2,ai,58,400,8
W,15,70,3,log,16,100,4
S,15,70,845,1404
W,16,70,1,ctrl,36,300,1
D,16,70,11,0,0
W,16,70,2,ai,60,400,8
W,16,70,3,log,15,100,4
S,16,70,790,1157
W,17,70,1,ctrl,29,300,1
D,17,70,12,3,32
W,17,70,2,ai,58,400,8
W,17,70,3,log,17,100,4
S,17,70,871,1348
W,18,70,1,ctrl,26,300,1
D,18,70,11,2,12
W,18,70,2,ai,65,400,8
W,18,70,3,log,18,100,4
S,18,70,839,1575
W,19,70,1,ctrl,28,300,1
D,19,70,11,1,7
W,19,70,2,ai,59,400,8
W,19,70,3,log,16,100,4
S,19,70,837,1383
W,20,70,1,ctrl,24,300,2
D,20,70,10,0,0
W,20,70,2,ai,59,400,8
W,20,70,3,log,18,100,4
S,20,70,871,1582
W,21,70,1,ctrl,29,300,1
D,21,70,11,0,0
W,21,70,2,ai,61,400,8
W,21,70,3,log,11,100,4
S,21,70,773,1306
W,22,70,1,ctrl,31,300,1
D,22,70,11,1,2
W,22,70,2,ai,56,400,8
W,22,70,3,log,15,100,4
S,22,70,844,1237
W,23,70,1,ctrl,26,300,2
D,23,70,10,0,0
W,23,70,2,ai,55,400,8
W,23,70,3,log,18,100,4
S,23,70,883,1431
W,24,70,1,ctrl,32,300,2
D,24,70,11,1,2
W,24,70,2,ai,59,400,8
W,24,70,3,log,13,100,4
S,24,70,666,1221
W,25,70,1,ctrl,28,300,2
D,25,70,11,2,9
W,25,70,2,ai,63,400,8
W,25,70,3,log,17,100,4
S,25,70,832,1447
W,26,70,1,ctrl,27,300,2
D,26,70,11,1,6
W,26,70,2,ai,61,400,8
W,26,70,3,log,20,100,4
S,26,70,886,1500
W,27,70,1,ctrl,29,300,1
D,27,70,11,2,5
W,27,70,2,ai,65,400,8
W,27,70,3,log,11,100,4
S,27,70,780,1358
W,28,70,1,ctrl,30,300,1
D,28,70,11,1,2
W,28,70,2,ai,58,400,8
W,28,70,3,log,17,100,4
S,28,70,872,1315
W,29,70,1,ctrl,27,300,2
D,29,70,10,0,0
W,29,70,2,ai,58,400,8
W,29,70,3,log,14,100,4
S,29,70,766,1378
W,30,70,1,ctrl,30,300,2
D,30,70,11,1,7
W,30,70,2,ai,62,400,8
W,30,70,3,log,13,100,4
S,30,70,681,1315
W,31,70,1,ctrl,30,300,1
D,31,70,11,1,7
W,31,70,2,ai,57,400,8
W,31,70,3,log,14,100,4
S,31,70,773,1262
W,32,70,1,ctrl,26,300,1
D,32,70,11,1,2
W,32,70,2,ai,61,400,8
W,32,70,3,log,11,100,4
S,32,70,736,1415
W,33,70,1,ctrl,19,300,1
D,33,70,6,1,2
W,33,70,2,ai,31,100,1
W,33,70,3,log,11,50,1
S,33,70,790,2141
J,1,ctrl,1,360,25,116,17,1336,9710,1,27
# done
# RUN config=light alpha=70 rep=1/3
# prev_baseline_reset ngroups=3
# schedlab win=100 total=3600 groups=3
W,1,70,1,ctrl,44,300,1
D,1,70,18,0,0
W,1,70,2,ai,103,400,8
W,1,70,3,log,27,100,4
S,1,70,816,1488
W,2,70,1,ctrl,29,300,2
D,2,70,10,0,0
W,2,70,2,ai,54,400,8
W,2,70,3,log,13,100,4
S,2,70,755,1241
W,3,70,1,ctrl,26,300,1
D,3,70,11,1,1
W,3,70,2,ai,62,400,8
W,3,70,3,log,16,100,4
S,3,70,806,1500
W,4,70,1,ctrl,29,300,2
D,4,70,10,0,0
W,4,70,2,ai,57,400,8
W,4,70,3,log,16,100,4
S,4,70,856,1320
W,5,70,1,ctrl,30,300,2
D,5,70,11,1,4
W,5,70,2,ai,61,400,8
W,5,70,3,log,16,100,4
S,5,70,821,1339
W,6,70,1,ctrl,31,300,2
D,6,70,11,1,4
W,6,70,2,ai,59,400,8
W,6,70,3,log,16,100,4
S,6,70,841,1284
W,7,70,1,ctrl,32,300,2
D,7,70,11,4,20
W,7,70,2,ai,62,400,8
W,7,70,3,log,15,100,4
S,7,70,761,1279
W,8,70,1,ctrl,28,300,2
D,8,70,11,2,10
W,8,70,2,ai,59,400,8
W,8,70,3,log,16,100,4
S,8,70,837,1383
W,9,70,1,ctrl,37,300,2
D,9,70,11,3,11
W,9,70,2,ai,58,400,8
W,9,70,3,log,13,100,4
S,9,70,755,1096
W,10,70,1,ctrl,25,300,1
D,10,70,11,3,13
W,10,70,2,ai,58,400,8
W,10,70,3,log,18,100,4
S,10,70,878,1518
W,11,70,1,ctrl,27,300,2
D,11,70,10,0,0
W,11,70,2,ai,56,400,8
W,11,70,3,log,16,100,4
S,11,70,860,1378
W,12,70,1,ctrl,29,300,2
D,12,70,11,4,21
W,12,70,2,ai,63,400,8
W,12,70,3,log,16,100,4
S,12,70,801,1399
W,13,70,1,ctrl,33,300,2
D,13,70,11,2,5
W,13,70,2,ai,54,400,8
W,13,70,3,log,18,100,4
S,13,70,808,1194
W,14,70,1,ctrl,30,300,1
D,14,70,11,1,5
W,14,70,2,ai,56,400,8
W,14,70,3,log,13,100,4
S,14,70,721,1237
W,15,70,1,ctrl,30,300,1
D,15,70,11,2,9
W,15,70,2,ai,64,400,8
W,15,70,3,log,13,100,4
S,15,70,693,1339
W,16,70,1,ctrl,27,300,2
D,16,70,10,0,0
W,16,70,2,ai,58,400,8
W,16,70,3,log,14,100,4
S,16,70,766,1378
W,17,70,1,ctrl,29,300,2
D,17,70,11,3,26
W,17,70,2,ai,60,400,8
W,17,70,3,log,16,100,4
S,17,70,830,1358
W,18,70,1,ctrl,30,300,2
D,18,70,11,3,14
W,18,70,2,ai,60,400,8
W,18,70,3,log,18,100,4
S,18,70,876,1353
W,19,70,1,ctrl,29,300,1
D,19,70,11,1,1
W,19,70,2,ai,58,400,8
W,19,70,3,log,16,100,4
S,19,70,850,1334
W,20,70,1,ctrl,29,300,1
D,20,70,11,1,2
W,20,70,2,ai,59,400,8
W,20,70,3,log,18,100,4
S,20,70,878,1373
W,21,70,1,ctrl,30,300,1
D,21,70,12,4,22
W,21,70,2,ai,64,400,8
W,21,70,3,log,16,100,4
S,21,70,789,1378
W,22,70,1,ctrl,25,300,2
D,22,70,10,0,0
W,22,70,2,ai,62,400,8
W,22,70,3,log,13,100,4
S,22,70,693,1500
W,23,70,1,ctrl,30,300,2
D,23,70,11,3,11
W,23,70,2,ai,58,400,8
W,23,70,3,log,16,100,4
S,23,70,849,1302
W,24,70,1,ctrl,29,300,1
D,24,70,11,2,4
W,24,70,2,ai,59,400,8
W,24,70,3,log,16,100,4
S,24,70,836,1348
W,25,70,1,ctrl,29,300,2
D,25,70,10,1,2
W,25,70,2,ai,58,400,8
W,25,70,3,log,12,100,4
S,25,70,697,1284
W,26,70,1,ctrl,28,300,1
D,26,70,11,3,11
W,26,70,2,ai,59,400,8
W,26,70,3,log,16,100,4
S,26,70,837,1383
W,27,70,1,ctrl,27,300,1
D,27,70,11,0,0
W,27,70,2,ai,60,400,8
W,27,70,3,log,15,100,4
S,27,70,792,1420
W,28,70,1,ctrl,25,300,2
D,28,70,10,0,0
W,28,70,2,ai,56,400,8
W,28,70,3,log,17,100,4
S,28,70,875,1470
W,29,70,1,ctrl,30,300,2
D,29,70,11,2,11
W,29,70,2,ai,58,400,8
W,29,70,3,log,17,100,4
S,29,70,872,1315
W,30,70,1,ctrl,27,300,1
D,30,70,11,0,0
W,30,70,2,ai,57,400,8
W,30,70,3,log,16,100,4
S,30,70,857,1388
W,31,70,1,ctrl,32,300,1
D,31,70,11,3,26
W,31,70,2,ai,58,400,8
W,31,70,3,log,18,100,4
S,31,70,884,1266
W,32,70,1,ctrl,27,300,2
D,32,70,10,1,1
W,32,70,2,ai,60,400,8
W,32,70,3,log,15,100,4
S,32,70,792,1420
W,33,70,1,ctrl,23,300,1
D,33,70,8,2,3
W,33,70,2,ai,41,100,1
W,33,70,3,log,8,50,1
S,33,70,666,2087
J,1,ctrl,1,360,53,237,15,2619,23499,1,25
# done
# RUN config=light alpha=70 rep=2/3
# prev_baseline_reset ngroups=3
# schedlab win=100 total=3600 groups=3
W,1,70,1,ctrl,45,300,1
D,1,70,18,0,0
W,1,70,2,ai,82,400,8
W,1,70,3,log,50,100,4
S,1,70,813,1476
W,2,70,1,ctrl,30,300,1
D,2,70,11,1,1
W,2,70,2,ai,58,400,8
W,2,70,3,log,15,100,4
S,2,70,813,1288
W,3,70,1,ctrl,27,300,2
D,3,70,10,0,0
W,3,70,2,ai,56,400,8
W,3,70,3,log,18,100,4
S,3,70,886,1404
W,4,70,1,ctrl,32,300,2
D,4,70,11,1,7
W,4,70,2,ai,50,400,8
W,4,70,3,log,18,100,4
S,4,70,666,1171
W,5,70,1,ctrl,30,300,1
D,5,70,11,0,0
W,5,70,2,ai,56,400,8
W,5,70,3,log,16,100,4
S,5,70,870,1275
W,6,70,1,ctrl,24,300,2
D,6,70,10,0,0
W,6,70,2,ai,63,400,8
W,6,70,3,log,15,100,4
S,6,70,768,1595
W,7,70,1,ctrl,31,300,1
D,7,70,11,1,1
W,7,70,2,ai,60,400,8
W,7,70,3,log,11,100,4
S,7,70,796,1237
W,8,70,1,ctrl,27,300,2
D,8,70,10,0,0
W,8,70,2,ai,56,400,8
W,8,70,3,log,16,100,4
S,8,70,860,1378
W,9,70,1,ctrl,29,300,1
D,9,70,12,3,26
W,9,70,2,ai,62,400,8
W,9,70,3,log,15,100,4
S,9,70,767,1373
W,10,70,1,ctrl,27,300,1
D,10,70,11,1,6
W,10,70,2,ai,63,400,8
W,10,70,3,log,18,100,4
S,10,70,854,1500
W,11,70,1,ctrl,26,300,2
D,11,70,10,2,3
W,11,70,2,ai,64,400,8
W,11,70,3,log,13,100,4
S,11,70,672,1488
W,12,70,1,ctrl,28,300,1
D,12,70,11,3,19
W,12,70,2,ai,58,400,8
W,12,70,3,log,13,100,4
S,12,70,709,1329
W,13,70,1,ctrl,30,300,1
D,13,70,11,1,1
W,13,70,2,ai,60,400,8
W,13,70,3,log,16,100,4
S,13,70,830,1325
W,14,70,1,ctrl,23,300,2
D,14,70,10,0,0
W,14,70,2,ai,62,400,8
W,14,70,3,log,16,100,4
S,14,70,805,1651
W,15,70,1,ctrl,27,300,2
D,15,70,11,2,8
W,15,70,2,ai,62,400,8
W,15,70,3,log,15,100,4
S,15,70,772,1447
W,16,70,1,ctrl,34,300,2
D,16,70,11,5,37
W,16,70,2,ai,63,400,8
W,16,70,3,log,9,100,4
S,16,70,888,1488
W,17,70,1,ctrl,30,300,2
D,17,70,11,2,14
W,17,70,2,ai,61,400,8
W,17,70,3,log,16,100,4
S,17,70,821,1339
W,18,70,1,ctrl,35,300,2
D,18,70,11,2,9
W,18,70,2,ai,52,400,8
W,18,70,3,log,17,100,4
S,18,70,666,1116
W,19,70,1,ctrl,32,300,1
D,19,70,12,3,27
W,19,70,2,ai,67,400,8
W,19,70,3,log,13,100,4
S,19,70,727,1315
W,20,70,1,ctrl,31,300,2
D,20,70,12,5,40
W,20,70,2,ai,59,400,8
W,20,70,3,log,21,100,4
S,20,70,851,1344
W,21,70,1,ctrl,26,300,1
D,21,70,11,1,5
W,21,70,2,ai,61,400,8
W,21,70,3,log,16,100,4
S,21,70,816,1488
W,22,70,1,ctrl,28,300,1
D,22,70,11,1,2
W,22,70,2,ai,67,400,8
W,22,70,3,log,9,100,4
S,22,70,831,1453
W,23,70,1,ctrl,29,300,2
D,23,70,10,1,3
W,23,70,2,ai,61,400,8
W,23,70,3,log,14,100,4
S,23,70,727,1348
W,24,70,1,ctrl,31,300,2
D,24,70,11,3,24
W,24,70,2,ai,62,400,8
W,24,70,3,log,16,100,4
S,24,70,809,1320
W,25,70,1,ctrl,32,300,2
D,25,70,11,1,6
W,25,70,2,ai,61,400,8
W,25,70,3,log,16,100,4
S,25,70,821,1279
W,26,70,1,ctrl,27,300,1
D,26,70,11,1,1
W,26,70,2,ai,60,400,8
W,26,70,3,log,15,100,4
S,26,70,792,1420
W,27,70,1,ctrl,31,300,1
D,27,70,11,0,0
W,27,70,2,ai,59,400,8
W,27,70,3,log,16,100,4
S,27,70,841,1284
W,28,70,1,ctrl,26,300,2
D,28,70,10,1,1
W,28,70,2,ai,57,400,8
W,28,70,3,log,18,100,4
S,28,70,883,1459
W,29,70,1,ctrl,32,300,2
D,29,70,11,2,20
W,29,70,2,ai,56,400,8
W,29,70,3,log,16,100,4
S,29,70,873,1221
W,30,70,1,ctrl,32,300,1
D,30,70,12,3,18
W,30,70,2,ai,62,400,8
W,30,70,3,log,15,100,4
S,30,70,761,1279
W,31,70,1,ctrl,31,300,1
D,31,70,11,2,7
W,31,70,2,ai,58,400,8
W,31,70,3,log,15,100,4
S,31,70,818,1258
W,32,70,1,ctrl,28,300,1
D,32,70,11,1,1
W,32,70,2,ai,64,400,8
W,32,70,3,log,18,100,4
S,32,70,847,1476
W,33,70,1,ctrl,15,300,1
D,33,70,4,3,17
W,33,70,2,ai,17,100,1
W,33,70,3,log,5,50,1
S,33,70,727,1644
J,1,ctrl,1,360,52,304,16,2688,25890,1,26
# done
# RUN config=light alpha=70 rep=3/3
# prev_baseline_reset ngroups=3
# schedlab win=100 total=3600 groups=3
W,1,70,1,ctrl,47,300,1
D,1,70,18,1,3
W,1,70,2,ai,89,400,8
W,1,70,3,log,41,100,4
S,1,70,678,1415
W,2,70,1,ctrl,32,300,1
D,2,70,11,1,1
W,2,70,2,ai,56,400,8
W,2,70,3,log,15,100,4
S,2,70,843,1209
W,3,70,1,ctrl,29,300,1
D,3,70,11,0,0
W,3,70,2,ai,58,400,8
W,3,70,3,log,16,100,4
S,3,70,850,1334
W,4,70,1,ctrl,23,300,2
D,4,70,10,0,0
W,4,70,2,ai,63,400,8
W,4,70,3,log,15,100,4
S,4,70,767,1651
W,5,70,1,ctrl,29,300,1
D,5,70,11,1,2
W,5,70,2,ai,55,400,8
W,5,70,3,log,16,100,4
S,5,70,879,1293
W,6,70,1,ctrl,32,300,1
D,6,70,11,1,2
W,6,70,2,ai,59,400,8
W,6,70,3,log,15,100,4
S,6,70,801,1245
W,7,70,1,ctrl,29,300,1
D,7,70,11,1,2
W,7,70,2,ai,66,400,8
W,7,70,3,log,9,100,4
S,7,70,841,1453
W,8,70,1,ctrl,27,300,2
D,8,70,10,0,0
W,8,70,2,ai,58,400,8
W,8,70,3,log,14,100,4
S,8,70,766,1378
W,9,70,1,ctrl,28,300,2
D,9,70,11,2,9
W,9,70,2,ai,58,400,8
W,9,70,3,log,18,100,4
S,9,70,883,1394
W,10,70,1,ctrl,31,300,1
D,10,70,11,1,2
W,10,70,2,ai,57,400,8
W,10,70,3,log,14,100,4
S,10,70,773,1237
W,11,70,1,ctrl,34,300,1
D,11,70,11,2,20
W,11,70,2,ai,53,400,8
W,11,70,3,log,18,100,4
S,11,70,717,1160
W,12,70,1,ctrl,22,300,2
D,12,70,10,1,1
W,12,70,2,ai,60,400,8
W,12,70,3,log,17,100,4
S,12,70,843,1689
W,13,70,1,ctrl,30,300,2
D,13,70,11,4,30
W,13,70,2,ai,56,400,8
W,13,70,3,log,18,100,4
S,13,70,881,1302
W,14,70,1,ctrl,28,300,1
D,14,70,11,1,6
W,14,70,2,ai,60,400,8
W,14,70,3,log,13,100,4
S,14,70,687,1353
W,15,70,1,ctrl,26,300,2
D,15,70,10,1,1
W,15,70,2,ai,67,400,8
W,15,70,3,log,11,100,4
S,15,70,757,1500
W,16,70,1,ctrl,25,300,1
D,16,70,11,0,0
W,16,70,2,ai,55,400,8
W,16,70,3,log,17,100,4
S,16,70,880,1459
W,17,70,1,ctrl,25,300,2
D,17,70,10,1,5
W,17,70,2,ai,61,400,8
W,17,70,3,log,14,100,4
S,17,70,745,1500
W,18,70,1,ctrl,24,300,1
D,18,70,11,0,0
W,18,70,2,ai,64,400,8
W,18,70,3,log,10,100,4
S,18,70,764,1536
W,19,70,1,ctrl,27,300,1
D,19,70,11,0,0
W,19,70,2,ai,60,400,8
W,19,70,3,log,16,100,4
S,19,70,827,1431
W,20,70,1,ctrl,26,300,2
D,20,70,10,2,6
W,20,70,2,ai,58,400,8
W,20,70,3,log,16,100,4
S,20,70,845,1442
W,21,70,1,ctrl,29,300,1
D,21,70,11,2,5
W,21,70,2,ai,56,400,8
W,21,70,3,log,16,100,4
S,21,70,868,1306
W,22,70,1,ctrl,26,300,2
D,22,70,10,0,0
W,22,70,2,ai,62,400,8
W,22,70,3,log,16,100,4
S,22,70,806,1500
W,23,70,1,ctrl,28,300,1
D,23,70,11,1,1
W,23,70,2,ai,58,400,8
W,23,70,3,log,15,100,4
S,23,70,812,1353
W,24,70,1,ctrl,27,300,2
D,24,70,10,0,0
W,24,70,2,ai,58,400,8
W,24,70,3,log,16,100,4
S,24,70,845,1404
W,25,70,1,ctrl,30,300,1
D,25,70,11,1,1
W,25,70,2,ai,56,400,8
W,25,70,3,log,13,100,4
S,25,70,721,1237
W,26,70,1,ctrl,26,300,2
D,26,70,10,1,1
W,26,70,2,ai,60,400,8
W,26,70,3,log,18,100,4
S,26,70,871,1500
W,27,70,1,ctrl,29,300,1
D,27,70,11,2,2
W,27,70,2,ai,61,400,8
W,27,70,3,log,11,100,4
S,27,70,773,1306
W,28,70,1,ctrl,31,300,2
D,28,70,10,0,0
W,28,70,2,ai,54,400,8
W,28,70,3,log,15,100,4
S,28,70,873,1209
W,29,70,1,ctrl,31,300,2
D,29,70,11,3,25
W,29,70,2,ai,60,400,8
W,29,70,3,log,16,100,4
S,29,70,832,1297
W,30,70,1,ctrl,25,300,1
D,30,70,11,1,4
W,30,70,2,ai,61,400,8
W,30,70,3,log,17,100,4
S,30,70,843,1549
W,31,70,1,ctrl,20,300,2
D,31,70,10,1,1
W,31,70,2,ai,64,400,8
W,31,70,3,log,17,100,4
S,31,70,816,1893
W,32,70,1,ctrl,31,300,2
D,32,70,11,3,14
W,32,70,2,ai,56,400,8
W,32,70,3,log,17,100,4
S,32,70,884,1258
W,33,70,1,ctrl,32,300,2
D,33,70,11,2,21
W,33,70,2,ai,58,400,8
W,33,70,3,log,15,100,4
S,33,70,813,1233
J,1,ctrl,1,359,37,165,15,2487,20747,0,25
# done
# WARMUP config=light alpha=80
# prev_baseline_reset ngroups=3
# schedlab win=100 total=3600 groups=3
W,1,80,1,ctrl,50,300,1
D,1,80,18,0,0
W,1,80,2,ai,87,500,8
W,1,80,3,log,33,150,4
S,1,80,872,1071
W,2,80,1,ctrl,33,300,2
D,2,80,11,5,24
W,2,80,2,ai,60,500,8
W,2,80,3,log,22,150,4
S,2,80,762,1101
W,3,80,1,ctrl,34,300,2
D,3,80,13,8,111
W,3,80,2,ai,72,500,8
W,3,80,3,log,14,150,4
S,3,80,880,1353
W,4,80,1,ctrl,29,300,1
D,4,80,13,6,76
W,4,80,2,ai,70,500,8
W,4,80,3,log,16,150,4
S,4,80,803,1250
W,5,80,1,ctrl,26,300,2
D,5,80,11,4,32
W,5,80,2,ai,65,500,8
W,5,80,3,log,23,150,4
S,5,80,892,1381
W,6,80,1,ctrl,32,300,1
D,6,80,13,7,86
W,6,80,2,ai,71,500,8
W,6,80,3,log,18,150,4
S,6,80,764,1193
W,7,80,1,ctrl,23,300,2
D,7,80,10,1,6
W,7,80,2,ai,50,500,8
W,7,80,3,log,22,150,4
S,7,80,666,1301
W,8,80,1,ctrl,25,300,2
D,8,80,11,0,0
W,8,80,2,ai,56,500,8
W,8,80,3,log,23,150,4
S,8,80,770,1312
W,9,80,1,ctrl,30,300,2
D,9,80,12,10,107
W,9,80,2,ai,73,500,8
W,9,80,3,log,19,150,4
S,9,80,685,1285
W,10,80,1,ctrl,34,300,2
D,10,80,13,9,100
W,10,80,2,ai,68,500,8
W,10,80,3,log,18,150,4
S,10,80,778,1113
W,11,80,1,ctrl,28,300,2
D,11,80,12,4,62
W,11,80,2,ai,70,500,8
W,11,80,3,log,20,150,4
S,11,80,766,1329
W,12,80,1,ctrl,31,300,2
D,12,80,12,8,96
W,12,80,2,ai,63,500,8
W,12,80,3,log,21,150,4
S,12,80,886,1171
W,13,80,1,ctrl,29,300,2
D,13,80,12,4,42
W,13,80,2,ai,71,500,8
W,13,80,3,log,21,150,4
S,13,80,799,1317
W,14,80,1,ctrl,32,300,2
D,14,80,12,9,94
W,14,80,2,ai,68,500,8
W,14,80,3,log,15,150,4
S,14,80,877,1207
W,15,80,1,ctrl,29,300,2
D,15,80,12,6,82
W,15,80,2,ai,61,500,8
W,15,80,3,log,21,150,4
S,15,80,886,1206
W,16,80,1,ctrl,30,300,2
D,16,80,11,7,76
W,16,80,2,ai,67,500,8
W,16,80,3,log,12,150,4
S,16,80,883,1427
W,17,80,1,ctrl,30,300,2
D,17,80,12,7,85
W,17,80,2,ai,62,500,8
W,17,80,3,log,21,150,4
S,17,80,884,1188
W,18,80,1,ctrl,34,300,1
D,18,80,12,5,55
W,18,80,2,ai,60,500,8
W,18,80,3,log,16,150,4
S,18,80,843,1082
W,19,80,1,ctrl,23,300,2
D,19,80,10,4,17
W,19,80,2,ai,59,500,8
W,19,80,3,log,20,150,4
S,19,80,886,1400
W,20,80,1,ctrl,30,300,1
D,20,80,12,5,53
W,20,80,2,ai,64,500,8
W,20,80,3,log,16,150,4
S,20,80,803,1158
W,21,80,1,ctrl,23,300,2
D,21,80,10,1,6
W,21,80,2,ai,63,500,8
W,21,80,3,log,17,150,4
S,21,80,724,1412
W,22,80,1,ctrl,26,300,1
D,22,80,11,3,27
W,22,80,2,ai,57,500,8
W,22,80,3,log,21,150,4
S,22,80,860,1260
W,23,80,1,ctrl,28,300,2
D,23,80,10,2,7
W,23,80,2,ai,62,500,8
W,23,80,3,log,14,150,4
S,23,80,853,1171
W,24,80,1,ctrl,30,300,1
D,24,80,12,5,44
W,24,80,2,ai,67,500,8
W,24,80,3,log,12,150,4
S,24,80,883,1427
W,25,80,1,ctrl,23,300,2
D,25,80,10,1,6
W,25,80,2,ai,59,500,8
W,25,80,3,log,19,150,4
S,25,80,865,1387
W,26,80,1,ctrl,32,300,2
D,26,80,12,6,75
W,26,80,2,ai,72,500,8
W,26,80,3,log,16,150,4
S,26,80,852,1184
W,27,80,1,ctrl,33,300,2
D,27,80,13,11,167
W,27,80,2,ai,74,500,8
W,27,80,3,log,21,150,4
S,27,80,745,1225
W,28,80,1,ctrl,30,300,2
D,28,80,12,8,109
W,28,80,2,ai,68,500,8
W,28,80,3,log,15,150,4
S,28,80,857,1189
W,29,80,1,ctrl,24,300,2
D,29,80,10,2,7
W,29,80,2,ai,65,500,8
W,29,80,3,log,14,150,4
S,29,80,798,1351
W,30,80,1,ctrl,30,300,2
D,30,80,12,7,84
W,30,80,2,ai,58,500,8
W,30,80,3,log,21,150,4
S,30,80,764,1145
W,31,80,1,ctrl,16,300,1
D,31,80,6,4,44
W,31,80,2,ai,31,100,1
W,31,80,3,log,5,50,1
S,31,80,693,2169
J,1,ctrl,1,360,159,1780,35,4589,88503,2,45
# done
# RUN config=light alpha=80 rep=1/3
# prev_baseline_reset ngroups=3
# schedlab win=100 total=3600 groups=3
W,1,80,1,ctrl,46,300,2
D,1,80,18,2,6
W,1,80,2,ai,106,500,8
W,1,80,3,log,33,150,4
S,1,80,849,1270
W,2,80,1,ctrl,23,300,2
D,2,80,11,3,26
W,2,80,2,ai,69,500,8
W,2,80,3,log,16,150,4
S,2,80,719,1485
W,3,80,1,ctrl,29,300,2
D,3,80,12,7,71
W,3,80,2,ai,58,500,8
W,3,80,3,log,20,150,4
S,3,80,870,1162
W,4,80,1,ctrl,27,300,2
D,4,80,11,2,6
W,4,80,2,ai,74,500,8
W,4,80,3,log,12,150,4
S,4,80,876,1481
W,5,80,1,ctrl,26,300,2
D,5,80,11,4,20
W,5,80,2,ai,68,500,8
W,5,80,3,log,12,150,4
S,5,80,871,1389
W,6,80,1,ctrl,30,300,1
D,6,80,13,7,97
W,6,80,2,ai,68,500,8
W,6,80,3,log,16,150,4
S,6,80,815,1197
W,7,80,1,ctrl,29,300,2
D,7,80,12,6,63
W,7,80,2,ai,75,500,8
W,7,80,3,log,20,150,4
S,7,80,699,1351
W,8,80,1,ctrl,33,300,2
D,8,80,13,8,156
W,8,80,2,ai,76,500,8
W,8,80,3,log,19,150,4
S,8,80,754,1225
W,9,80,1,ctrl,34,300,2
D,9,80,12,11,147
W,9,80,2,ai,65,500,8
W,9,80,3,log,19,150,4
S,9,80,763,1093
W,10,80,1,ctrl,30,300,2
D,10,80,12,7,90
W,10,80,2,ai,65,500,8
W,10,80,3,log,20,150,4
S,10,80,839,1211
W,11,80,1,ctrl,33,300,2
D,11,80,13,7,77
W,11,80,2,ai,76,500,8
W,11,80,3,log,17,150,4
S,11,80,843,1206
W,12,80,1,ctrl,27,300,2
D,12,80,12,6,68
W,12,80,2,ai,68,500,8
W,12,80,3,log,17,150,4
S,12,80,715,1307
W,13,80,1,ctrl,31,300,2
D,13,80,11,7,54
W,13,80,2,ai,62,500,8
W,13,80,3,log,13,150,4
S,13,80,876,1286
W,14,80,1,ctrl,24,300,2
D,14,80,11,2,7
W,14,80,2,ai,65,500,8
W,14,80,3,log,15,150,4
S,14,80,752,1369
W,15,80,1,ctrl,26,300,2
D,15,80,10,4,21
W,15,80,2,ai,66,500,8
W,15,80,3,log,14,150,4
S,15,80,824,1285
W,16,80,1,ctrl,32,300,2
D,16,80,12,11,166
W,16,80,2,ai,63,500,8
W,16,80,3,log,16,150,4
S,16,80,848,1093
W,17,80,1,ctrl,26,300,2
D,17,80,11,2,11
W,17,80,2,ai,72,500,8
W,17,80,3,log,15,150,4
S,17,80,807,1369
W,18,80,1,ctrl,30,300,2
D,18,80,11,8,108
W,18,80,2,ai,64,500,8
W,18,80,3,log,14,150,4
S,18,80,882,1217
W,19,80,1,ctrl,33,300,2
D,19,80,13,10,207
W,19,80,2,ai,70,500,8
W,19,80,3,log,17,150,4
S,19,80,833,1145
W,20,80,1,ctrl,26,300,2
D,20,80,11,4,41
W,20,80,2,ai,67,500,8
W,20,80,3,log,16,150,4
S,20,80,748,1323
W,21,80,1,ctrl,35,300,2
D,21,80,13,10,129
W,21,80,2,ai,71,500,8
W,21,80,3,log,16,150,4
S,21,80,888,1198
W,22,80,1,ctrl,31,300,2
D,22,80,12,7,59
W,22,80,2,ai,78,500,8
W,22,80,3,log,18,150,4
S,22,80,782,1290
W,23,80,1,ctrl,33,300,2
D,23,80,13,9,133
W,23,80,2,ai,68,500,8
W,23,80,3,log,19,150,4
S,23,80,683,1145
W,24,80,1,ctrl,30,300,2
D,24,80,12,6,80
W,24,80,2,ai,68,500,8
W,24,80,3,log,16,150,4
S,24,80,815,1197
W,25,80,1,ctrl,32,300,2
D,25,80,13,8,91
W,25,80,2,ai,77,500,8
W,25,80,3,log,15,150,4
S,25,80,875,1308
W,26,80,1,ctrl,25,300,2
D,26,80,11,4,29
W,26,80,2,ai,62,500,8
W,26,80,3,log,16,150,4
S,26,80,684,1301
W,27,80,1,ctrl,30,300,2
D,27,80,12,6,74
W,27,80,2,ai,77,500,8
W,27,80,3,log,17,150,4
S,27,80,800,1307
W,28,80,1,ctrl,24,300,2
D,28,80,10,3,25
W,28,80,2,ai,64,500,8
W,28,80,3,log,11,150,4
S,28,80,871,1414
W,29,80,1,ctrl,29,300,2
D,29,80,12,8,118
W,29,80,2,ai,69,500,8
W,29,80,3,log,11,150,4
S,29,80,884,1570
W,30,80,1,ctrl,30,300,1
D,30,80,11,8,130
W,30,80,2,ai,55,100,1
W,30,80,3,log,17,50,1
S,30,80,762,2265
J,1,ctrl,1,359,187,2310,42,5254,115028,1,52
# done
# RUN config=light alpha=80 rep=2/3
# prev_baseline_reset ngroups=3
# schedlab win=100 total=3600 groups=3
W,1,80,1,ctrl,45,300,1
D,1,80,18,0,0
W,1,80,2,ai,94,500,8
W,1,80,3,log,39,150,4
S,1,80,687,1250
W,2,80,1,ctrl,26,300,2
D,2,80,10,0,0
W,2,80,2,ai,59,500,8
W,2,80,3,log,15,150,4
S,2,80,738,1211
W,3,80,1,ctrl,21,300,2
D,3,80,10,1,1
W,3,80,2,ai,62,500,8
W,3,80,3,log,19,150,4
S,3,80,827,1536
W,4,80,1,ctrl,35,300,2
D,4,80,11,11,125
W,4,80,2,ai,62,500,8
W,4,80,3,log,19,150,4
S,4,80,882,1046
W,5,80,1,ctrl,28,300,2
D,5,80,12,5,58
W,5,80,2,ai,57,500,8
W,5,80,3,log,17,150,4
S,5,80,804,1149
W,6,80,1,ctrl,26,300,1
D,6,80,11,3,15
W,6,80,2,ai,64,500,8
W,6,80,3,log,14,150,4
S,6,80,823,1260
W,7,80,1,ctrl,34,300,2
D,7,80,12,10,84
W,7,80,2,ai,64,500,8
W,7,80,3,log,18,150,4
S,7,80,719,1075
W,8,80,1,ctrl,29,300,2
D,8,80,12,7,83
W,8,80,2,ai,69,500,8
W,8,80,3,log,18,150,4
S,8,80,686,1260
W,9,80,1,ctrl,31,300,2
D,9,80,12,6,39
W,9,80,2,ai,72,500,8
W,9,80,3,log,16,150,4
S,9,80,838,1211
W,10,80,1,ctrl,29,300,2
D,10,80,11,5,40
W,10,80,2,ai,55,500,8
W,10,80,3,log,16,150,4
S,10,80,744,1086
W,11,80,1,ctrl,30,300,2
D,11,80,12,8,106
W,11,80,2,ai,60,500,8
W,11,80,3,log,24,150,4
S,11,80,666,1197
W,12,80,1,ctrl,28,300,2
D,12,80,10,5,21
W,12,80,2,ai,67,500,8
W,12,80,3,log,15,150,4
S,12,80,821,1240
W,13,80,1,ctrl,29,300,2
D,13,80,12,5,58
W,13,80,2,ai,64,500,8
W,13,80,3,log,16,150,4
S,13,80,781,1184
W,14,80,1,ctrl,29,300,2
D,14,80,12,7,97
W,14,80,2,ai,66,500,8
W,14,80,3,log,14,150,4
S,14,80,866,1226
W,15,80,1,ctrl,31,300,2
D,15,80,12,9,115
W,15,80,2,ai,72,500,8
W,15,80,3,log,20,150,4
S,15,80,719,1250
W,16,80,1,ctrl,29,300,2
D,16,80,11,7,95
W,16,80,2,ai,63,500,8
W,16,80,3,log,17,150,4
S,16,80,692,1184
W,17,80,1,ctrl,35,300,2
D,17,80,12,12,183
W,17,80,2,ai,63,500,8
W,17,80,3,log,20,150,4
S,17,80,868,1064
W,18,80,1,ctrl,32,300,2
D,18,80,14,9,128
W,18,80,2,ai,69,500,8
W,18,80,3,log,24,150,4
S,18,80,891,1230
W,19,80,1,ctrl,30,300,2
D,19,80,12,7,106
W,19,80,2,ai,61,500,8
W,19,80,3,log,24,150,4
S,19,80,714,1211
W,20,80,1,ctrl,25,300,2
D,20,80,11,4,53
W,20,80,2,ai,65,500,8
W,20,80,3,log,18,150,4
S,20,80,737,1363
W,21,80,1,ctrl,31,300,1
D,21,80,12,5,48
W,21,80,2,ai,61,500,8
W,21,80,3,log,17,150,4
S,21,80,706,1109
W,22,80,1,ctrl,29,300,2
D,22,80,12,6,66
W,22,80,2,ai,74,500,8
W,22,80,3,log,17,150,4
S,22,80,780,1307
W,23,80,1,ctrl,27,300,2
D,23,80,12,8,130
W,23,80,2,ai,61,500,8
W,23,80,3,log,25,150,4
S,23,80,775,1323
W,24,80,1,ctrl,31,300,2
D,24,80,12,5,53
W,24,80,2,ai,75,500,8
W,24,80,3,log,15,150,4
S,24,80,867,1276
W,25,80,1,ctrl,30,300,2
D,25,80,12,10,135
W,25,80,2,ai,62,500,8
W,25,80,3,log,19,150,4
S,25,80,850,1166
W,26,80,1,ctrl,30,300,2
D,26,80,12,6,89
W,26,80,2,ai,71,500,8
W,26,80,3,log,20,150,4
S,26,80,743,1275
W,27,80,1,ctrl,32,300,2
D,27,80,12,7,84
W,27,80,2,ai,60,500,8
W,27,80,3,log,20,150,4
S,27,80,843,1105
W,28,80,1,ctrl,24,300,1
D,28,80,11,1,2
W,28,80,2,ai,59,500,8
W,28,80,3,log,18,150,4
S,28,80,830,1329
W,29,80,1,ctrl,29,300,2
D,29,80,12,6,65
W,29,80,2,ai,75,500,8
W,29,80,3,log,19,150,4
S,29,80,690,1340
W,30,80,1,ctrl,29,300,2
D,30,80,12,8,101
W,30,80,2,ai,72,500,8
W,30,80,3,log,19,150,4
S,30,80,675,1307
W,31,80,1,ctrl,7,300,1
D,31,80,1,1,26
W,31,80,2,ai,13,100,1
W,31,80,3,log,4,50,1
S,31,80,761,2288
J,1,ctrl,1,357,184,2206,30,5071,107315,2,40
# done
# RUN config=light alpha=80 rep=3/3
# prev_baseline_reset ngroups=3
# schedlab win=100 total=3600 groups=3
W,1,80,1,ctrl,43,300,2
D,1,80,18,1,3
W,1,80,2,ai,89,500,8
W,1,80,3,log,47,150,4
S,1,80,832,1312
W,2,80,1,ctrl,27,300,2
D,2,80,11,4,18
W,2,80,2,ai,64,500,8
W,2,80,3,log,16,150,4
S,2,80,739,1250
W,3,80,1,ctrl,30,300,2
D,3,80,12,6,43
W,3,80,2,ai,78,500,8
W,3,80,3,log,16,150,4
S,3,80,830,1307
W,4,80,1,ctrl,35,300,2
D,4,80,13,10,132
W,4,80,2,ai,65,500,8
W,4,80,3,log,17,150,4
S,4,80,872,1082
W,5,80,1,ctrl,21,300,2
D,5,80,10,2,8
W,5,80,2,ai,61,500,8
W,5,80,3,log,20,150,4
S,5,80,865,1536
W,6,80,1,ctrl,25,300,2
D,6,80,11,2,2
W,6,80,2,ai,62,500,8
W,6,80,3,log,19,150,4
S,6,80,832,1340
W,7,80,1,ctrl,25,300,2
D,7,80,11,2,8
W,7,80,2,ai,65,500,8
W,7,80,3,log,15,150,4
S,7,80,770,1323
W,8,80,1,ctrl,29,300,2
D,8,80,12,6,84
W,8,80,2,ai,73,500,8
W,8,80,3,log,19,150,4
S,8,80,666,1317
W,9,80,1,ctrl,33,300,2
D,9,80,12,11,254
W,9,80,2,ai,71,500,8
W,9,80,3,log,19,150,4
S,9,80,705,1175
W,10,80,1,ctrl,33,300,2
D,10,80,14,11,215
W,10,80,2,ai,73,500,8
W,10,80,3,log,18,150,4
S,10,80,789,1184
W,11,80,1,ctrl,23,300,2
D,11,80,11,3,10
W,11,80,2,ai,67,500,8
W,11,80,3,log,16,150,4
S,11,80,710,1458
W,12,80,1,ctrl,26,300,2
D,12,80,12,5,67
W,12,80,2,ai,74,500,8
W,12,80,3,log,14,150,4
S,12,80,836,1381
W,13,80,1,ctrl,29,300,2
D,13,80,12,5,58
W,13,80,2,ai,76,500,8
W,13,80,3,log,15,150,4
S,13,80,842,1307
W,14,80,1,ctrl,32,300,2
D,14,80,12,7,104
W,14,80,2,ai,69,500,8
W,14,80,3,log,11,150,4
S,14,80,855,1602
W,15,80,1,ctrl,31,300,2
D,15,80,12,8,87
W,15,80,2,ai,65,500,8
W,15,80,3,log,20,150,4
S,15,80,851,1179
W,16,80,1,ctrl,29,300,2
D,16,80,12,8,86
W,16,80,2,ai,65,500,8
W,16,80,3,log,18,150,4
S,16,80,701,1220
W,17,80,1,ctrl,28,300,2
D,17,80,11,6,56
W,17,80,2,ai,65,500,8
W,17,80,3,log,19,150,4
S,17,80,785,1260
W,18,80,1,ctrl,28,300,2
D,18,80,12,6,72
W,18,80,2,ai,70,500,8
W,18,80,3,log,18,150,4
S,18,80,683,1307
W,19,80,1,ctrl,24,300,2
D,19,80,10,4,30
W,19,80,2,ai,64,500,8
W,19,80,3,log,13,150,4
S,19,80,830,1329
W,20,80,1,ctrl,32,300,2
D,20,80,13,7,103
W,20,80,2,ai,67,500,8
W,20,80,3,log,18,150,4
S,20,80,724,1153
W,21,80,1,ctrl,25,300,2
D,21,80,12,5,49
W,21,80,2,ai,67,500,8
W,21,80,3,log,15,150,4
S,21,80,775,1351
W,22,80,1,ctrl,26,300,2
D,22,80,10,3,9
W,22,80,2,ai,65,500,8
W,22,80,3,log,20,150,4
S,22,80,837,1346
W,23,80,1,ctrl,28,300,2
D,23,80,12,5,48
W,23,80,2,ai,62,500,8
W,23,80,3,log,14,150,4
S,23,80,853,1171
W,24,80,1,ctrl,32,300,2
D,24,80,12,9,131
W,24,80,2,ai,71,500,8
W,24,80,3,log,18,150,4
S,24,80,764,1193
W,25,80,1,ctrl,32,300,2
D,25,80,13,7,91
W,25,80,2,ai,65,500,8
W,25,80,3,log,18,150,4
S,25,80,683,1133
W,26,80,1,ctrl,31,300,2
D,26,80,12,5,47
W,26,80,2,ai,68,500,8
W,26,80,3,log,19,150,4
S,26,80,716,1202
W,27,80,1,ctrl,24,300,2
D,27,80,11,2,8
W,27,80,2,ai,66,500,8
W,27,80,3,log,19,150,4
S,27,80,781,1431
W,28,80,1,ctrl,31,300,2
D,28,80,12,8,129
W,28,80,2,ai,70,500,8
W,28,80,3,log,10,150,4
S,28,80,860,1744
W,29,80,1,ctrl,27,300,2
D,29,80,11,5,26
W,29,80,2,ai,68,500,8
W,29,80,3,log,18,150,4
S,29,80,683,1323
W,30,80,1,ctrl,28,300,2
D,30,80,11,7,58
W,30,80,2,ai,60,500,8
W,30,80,3,log,11,150,4
S,30,80,877,1414
W,31,80,1,ctrl,11,300,1
D,31,80,2,2,13
W,31,80,2,ai,6,100,1
W,31,80,3,log,4,50,1
S,31,80,883,1273
J,1,ctrl,1,359,172,2049,41,4621,101451,2,51
# done
# WARMUP config=light alpha=90
# prev_baseline_reset ngroups=3
# schedlab win=100 total=3600 groups=3
W,1,90,1,ctrl,42,300,2
D,1,90,18,1,1
W,1,90,2,ai,109,600,8
W,1,90,3,log,35,150,4
S,1,90,821,1266
W,2,90,1,ctrl,27,300,2
D,2,90,11,5,50
W,2,90,2,ai,68,600,8
W,2,90,3,log,14,150,4
S,2,90,829,1153
W,3,90,1,ctrl,31,300,2
D,3,90,13,10,177
W,3,90,2,ai,71,600,8
W,3,90,3,log,19,150,4
S,3,90,898,1113
W,4,90,1,ctrl,30,300,2
D,4,90,12,10,105
W,4,90,2,ai,79,600,8
W,4,90,3,log,15,150,4
S,4,90,857,1183
W,5,90,1,ctrl,27,300,2
D,5,90,11,8,66
W,5,90,2,ai,60,600,8
W,5,90,3,log,15,150,4
S,5,90,816,1079
W,6,90,1,ctrl,31,300,1
D,6,90,13,10,118
W,6,90,2,ai,75,600,8
W,6,90,3,log,16,150,4
S,6,90,821,1122
W,7,90,1,ctrl,20,300,2
D,7,90,10,2,6
W,7,90,2,ai,64,600,8
W,7,90,3,log,19,150,4
S,7,90,889,1469
W,8,90,1,ctrl,23,300,1
D,8,90,11,3,16
W,8,90,2,ai,69,600,8
W,8,90,3,log,10,150,4
S,8,90,879,1448
W,9,90,1,ctrl,22,300,2
D,9,90,10,3,16
W,9,90,2,ai,68,600,8
W,9,90,3,log,9,150,4
S,9,90,886,1577
W,10,90,1,ctrl,30,300,2
D,10,90,10,10,191
W,10,90,2,ai,69,600,8
W,10,90,3,log,20,150,4
S,10,90,818,1130
W,11,90,1,ctrl,25,300,2
D,11,90,13,6,86
W,11,90,2,ai,68,600,8
W,11,90,3,log,14,150,4
S,11,90,786,1223
W,12,90,1,ctrl,26,300,2
D,12,90,12,7,120
W,12,90,2,ai,74,600,8
W,12,90,3,log,15,150,4
S,12,90,773,1261
W,13,90,1,ctrl,27,300,2
D,13,90,11,5,33
W,13,90,2,ai,67,600,8
W,13,90,3,log,15,150,4
S,13,90,743,1153
W,14,90,1,ctrl,28,300,2
D,14,90,12,8,125
W,14,90,2,ai,75,600,8
W,14,90,3,log,13,150,4
S,14,90,874,1267
W,15,90,1,ctrl,26,300,2
D,15,90,10,4,24
W,15,90,2,ai,68,600,8
W,15,90,3,log,18,150,4
S,15,90,861,1228
W,16,90,1,ctrl,34,300,2
D,16,90,15,12,296
W,16,90,2,ai,78,600,8
W,16,90,3,log,14,150,4
S,16,90,854,1279
W,17,90,1,ctrl,27,300,2
D,17,90,12,9,113
W,17,90,2,ai,71,600,8
W,17,90,3,log,15,150,4
S,17,90,779,1197
W,18,90,1,ctrl,25,300,2
D,18,90,11,5,32
W,18,90,2,ai,75,600,8
W,18,90,3,log,13,150,4
S,18,90,840,1289
W,19,90,1,ctrl,36,300,2
D,19,90,13,12,206
W,19,90,2,ai,76,600,8
W,19,90,3,log,15,150,4
S,19,90,715,1203
W,20,90,1,ctrl,31,300,2
D,20,90,13,11,145
W,20,90,2,ai,71,600,8
W,20,90,3,log,18,150,4
S,20,90,845,1104
W,21,90,1,ctrl,31,300,2
D,21,90,12,8,141
W,21,90,2,ai,71,600,8
W,21,90,3,log,14,150,4
S,21,90,878,1183
W,22,90,1,ctrl,26,300,1
D,22,90,11,7,35
W,22,90,2,ai,66,600,8
W,22,90,3,log,11,150,4
S,22,90,888,1339
W,23,90,1,ctrl,30,300,2
D,23,90,12,9,110
W,23,90,2,ai,69,600,8
W,23,90,3,log,22,150,4
S,23,90,683,1153
W,24,90,1,ctrl,33,300,2
D,24,90,11,9,98
W,24,90,2,ai,68,600,8
W,24,90,3,log,11,150,4
S,24,90,796,1448
W,25,90,1,ctrl,34,300,2
D,25,90,14,12,177
W,25,90,2,ai,79,600,8
W,25,90,3,log,20,150,4
S,25,90,828,1117
W,26,90,1,ctrl,29,300,2
D,26,90,13,8,138
W,26,90,2,ai,78,600,8
W,26,90,3,log,19,150,4
S,26,90,761,1239
W,27,90,1,ctrl,24,300,2
D,27,90,11,5,43
W,27,90,2,ai,64,600,8
W,27,90,3,log,15,150,4
S,27,90,704,1223
W,28,90,1,ctrl,28,300,2
D,28,90,12,6,84
W,28,90,2,ai,77,600,8
W,28,90,3,log,14,150,4
S,28,90,853,1213
W,29,90,1,ctrl,27,300,2
D,29,90,11,5,63
W,29,90,2,ai,66,600,8
W,29,90,3,log,13,150,4
S,29,90,875,1163
W,30,90,1,ctrl,28,300,1
D,30,90,11,9,153
W,30,90,2,ai,68,100,1
W,30,90,3,log,11,50,1
S,30,90,681,2551
J,1,ctrl,1,359,219,2968,45,5988,145572,2,55
# done
# RUN config=light alpha=90 rep=1/3
# prev_baseline_reset ngroups=3
# schedlab win=100 total=3600 groups=3
W,1,90,1,ctrl,44,300,2
D,1,90,17,4,26
W,1,90,2,ai,95,600,8
W,1,90,3,log,33,150,4
S,1,90,874,1117
W,2,90,1,ctrl,30,300,2
D,2,90,12,9,145
W,2,90,2,ai,78,600,8
W,2,90,3,log,13,150,4
S,2,90,888,1327
W,3,90,1,ctrl,33,300,2
D,3,90,13,11,179
W,3,90,2,ai,77,600,8
W,3,90,3,log,13,150,4
S,3,90,845,1352
W,4,90,1,ctrl,31,300,2
D,4,90,13,11,174
W,4,90,2,ai,75,600,8
W,4,90,3,log,17,150,4
S,4,90,735,1130
W,5,90,1,ctrl,33,300,2
D,5,90,12,9,152
W,5,90,2,ai,75,600,8
W,5,90,3,log,12,150,4
S,5,90,783,1420
W,6,90,1,ctrl,26,300,2
D,6,90,11,8,42
W,6,90,2,ai,65,600,8
W,6,90,3,log,10,150,4
S,6,90,871,1434
W,7,90,1,ctrl,23,300,2
D,7,90,11,3,8
W,7,90,2,ai,76,600,8
W,7,90,3,log,10,150,4
S,7,90,876,1560
W,8,90,1,ctrl,23,300,2
D,8,90,10,3,10
W,8,90,2,ai,68,600,8
W,8,90,3,log,11,150,4
S,8,90,868,1327
W,9,90,1,ctrl,28,300,2
D,9,90,12,9,144
W,9,90,2,ai,74,600,8
W,9,90,3,log,13,150,4
S,9,90,875,1256
W,10,90,1,ctrl,31,300,2
D,10,90,13,11,156
W,10,90,2,ai,72,600,8
W,10,90,3,log,18,150,4
S,10,90,798,1113
W,11,90,1,ctrl,30,300,2
D,11,90,12,10,96
W,11,90,2,ai,78,600,8
W,11,90,3,log,15,150,4
S,11,90,857,1173
W,12,90,1,ctrl,27,300,2
D,12,90,12,9,140
W,12,90,2,ai,74,600,8
W,12,90,3,log,13,150,4
S,12,90,863,1245
W,13,90,1,ctrl,27,300,2
D,13,90,12,9,141
W,13,90,2,ai,73,600,8
W,13,90,3,log,14,150,4
S,13,90,839,1207
W,14,90,1,ctrl,27,300,2
D,14,90,11,6,36
W,14,90,2,ai,70,600,8
W,14,90,3,log,12,150,4
S,14,90,882,1290
W,15,90,1,ctrl,30,300,2
D,15,90,13,11,175
W,15,90,2,ai,71,600,8
W,15,90,3,log,19,150,4
S,15,90,893,1140
W,16,90,1,ctrl,29,300,2
D,16,90,11,9,121
W,16,90,2,ai,79,600,8
W,16,90,3,log,16,150,4
S,16,90,791,1223
W,17,90,1,ctrl,32,300,2
D,17,90,14,12,233
W,17,90,2,ai,75,600,8
W,17,90,3,log,17,150,4
S,17,90,764,1104
W,18,90,1,ctrl,30,300,2
D,18,90,12,9,123
W,18,90,2,ai,76,600,8
W,18,90,3,log,14,150,4
S,18,90,877,1224
W,19,90,1,ctrl,33,300,2
D,19,90,13,12,162
W,19,90,2,ai,76,600,8
W,19,90,3,log,16,150,4
S,19,90,861,1109
W,20,90,1,ctrl,28,300,2
D,20,90,12,9,141
W,20,90,2,ai,77,600,8
W,20,90,3,log,13,150,4
S,20,90,873,1290
W,21,90,1,ctrl,33,300,2
D,21,90,13,11,177
W,21,90,2,ai,77,600,8
W,21,90,3,log,16,150,4
S,21,90,877,1126
W,22,90,1,ctrl,33,300,2
D,22,90,13,12,200
W,22,90,2,ai,75,600,8
W,22,90,3,log,15,150,4
S,22,90,885,1173
W,23,90,1,ctrl,33,300,2
D,23,90,13,12,185
W,23,90,2,ai,77,600,8
W,23,90,3,log,16,150,4
S,23,90,877,1126
W,24,90,1,ctrl,30,300,2
D,24,90,13,11,153
W,24,90,2,ai,74,600,8
W,24,90,3,log,16,150,4
S,24,90,792,1140
W,25,90,1,ctrl,31,300,2
D,25,90,12,9,134
W,25,90,2,ai,74,600,8
W,25,90,3,log,13,150,4
S,25,90,875,1290
W,26,90,1,ctrl,22,300,2
D,26,90,10,4,14
W,26,90,2,ai,68,600,8
W,26,90,3,log,9,150,4
S,26,90,886,1577
W,27,90,1,ctrl,34,300,2
D,27,90,13,12,214
W,27,90,2,ai,76,600,8
W,27,90,3,log,15,150,4
S,27,90,854,1183
W,28,90,1,ctrl,37,300,2
D,28,90,12,12,238
W,28,90,2,ai,76,600,8
W,28,90,3,log,18,150,4
S,28,90,837,1036
W,29,90,1,ctrl,36,300,2
D,29,90,15,14,293
W,29,90,2,ai,67,400,5
W,29,90,3,log,14,50,2
S,29,90,878,1302
J,1,ctrl,1,360,271,4012,45,7176,194146,2,55
# done
# RUN config=light alpha=90 rep=2/3
# prev_baseline_reset ngroups=3
# schedlab win=100 total=3600 groups=3
W,1,90,1,ctrl,52,600,3
D,1,90,22,7,172
W,1,90,2,ai,89,600,8
W,1,90,3,log,45,150,4
S,1,90,796,1591
W,2,90,1,ctrl,26,600,3
D,2,90,10,6,45
W,2,90,2,ai,63,600,8
W,2,90,3,log,20,150,4
S,2,90,862,1865
W,3,90,1,ctrl,28,600,3
D,3,90,12,7,65
W,3,90,2,ai,62,600,8
W,3,90,3,log,20,150,4
S,3,90,868,1748
W,4,90,1,ctrl,27,600,3
D,4,90,11,5,46
W,4,90,2,ai,64,600,8
W,4,90,3,log,20,150,4
S,4,90,860,1827
W,5,90,1,ctrl,23,600,3
D,5,90,11,4,16
W,5,90,2,ai,73,600,8
W,5,90,3,log,9,150,4
S,5,90,734,2027
W,6,90,1,ctrl,28,600,3
D,6,90,12,7,57
W,6,90,2,ai,65,600,8
W,6,90,3,log,20,150,4
S,6,90,855,1797
W,7,90,1,ctrl,26,600,3
D,7,90,11,4,28
W,7,90,2,ai,76,600,8
W,7,90,3,log,8,150,4
S,7,90,769,1881
W,8,90,1,ctrl,25,600,3
D,8,90,12,7,61
W,8,90,2,ai,73,600,8
W,8,90,3,log,13,150,4
S,8,90,684,1973
W,9,90,1,ctrl,27,600,3
D,9,90,11,5,25
W,9,90,2,ai,60,600,8
W,9,90,3,log,20,150,4
S,9,90,874,1761
W,10,90,1,ctrl,25,600,3
D,10,90,11,5,20
W,10,90,2,ai,72,600,8
W,10,90,3,log,8,150,4
S,10,90,761,1865
W,11,90,1,ctrl,28,600,3
D,11,90,12,5,47
W,11,90,2,ai,76,600,8
W,11,90,3,log,14,150,4
S,11,90,689,1873
W,12,90,1,ctrl,29,600,3
D,12,90,12,8,71
W,12,90,2,ai,72,600,8
W,12,90,3,log,13,150,4
S,12,90,677,1748
W,13,90,1,ctrl,26,600,3
D,13,90,12,7,65
W,13,90,2,ai,72,600,8
W,13,90,3,log,13,150,4
S,13,90,685,1897
W,14,90,1,ctrl,27,600,3
D,14,90,11,4,24
W,14,90,2,ai,62,600,8
W,14,90,3,log,20,150,4
S,14,90,867,1797
W,15,90,1,ctrl,29,600,3
D,15,90,12,7,64
W,15,90,2,ai,64,600,8
W,15,90,3,log,19,150,4
S,15,90,848,1720
W,16,90,1,ctrl,24,600,3
D,16,90,9,2,10
W,16,90,2,ai,63,600,8
W,16,90,3,log,15,150,4
S,16,90,777,1889
W,17,90,1,ctrl,28,600,3
D,17,90,12,8,69
W,17,90,2,ai,64,600,8
W,17,90,3,log,20,150,4
S,17,90,861,1776
W,18,90,1,ctrl,36,600,3
D,18,90,14,14,14503
W,18,90,2,ai,67,600,8
W,18,90,3,log,15,150,4
S,18,90,742,1455
W,19,90,1,ctrl,32,600,3
D,19,90,15,15,15069
W,19,90,2,ai,62,600,8
W,19,90,3,log,15,150,4
S,19,90,777,1515
W,20,90,1,ctrl,36,600,3
D,20,90,15,15,15772
W,20,90,2,ai,67,600,8
W,20,90,3,log,19,150,4
S,20,90,841,1505
W,21,90,1,ctrl,36,600,3
D,21,90,14,14,18385
W,21,90,2,ai,66,600,8
W,21,90,3,log,15,150,4
S,21,90,747,1446
W,22,90,1,ctrl,36,600,3
D,22,90,14,14,15127
W,22,90,2,ai,66,600,8
W,22,90,3,log,19,150,4
S,22,90,849,1494
W,23,90,1,ctrl,34,600,3
D,23,90,15,15,17937
W,23,90,2,ai,61,600,8
W,23,90,3,log,15,150,4
S,23,90,785,1436
W,24,90,1,ctrl,35,600,3
D,24,90,14,14,18384
W,24,90,2,ai,70,600,8
W,24,90,3,log,19,150,4
S,24,90,825,1574
W,25,90,1,ctrl,34,600,3
D,25,90,14,14,18983
W,25,90,2,ai,61,600,8
W,25,90,3,log,15,150,4
S,25,90,785,1436
W,26,90,1,ctrl,36,600,3
D,26,90,14,14,17659
W,26,90,2,ai,68,600,8
W,26,90,3,log,15,150,4
S,26,90,736,1470
W,27,90,1,ctrl,34,600,3
D,27,90,16,16,23089
W,27,90,2,ai,65,600,8
W,27,90,3,log,16,150,4
S,27,90,786,1505
W,28,90,1,ctrl,32,600,3
D,28,90,14,14,20762
W,28,90,2,ai,60,600,8
W,28,90,3,log,15,150,4
S,28,90,793,1484
W,29,90,1,ctrl,35,600,3
D,29,90,14,14,21393
W,29,90,2,ai,66,600,8
W,29,90,3,log,15,150,4
S,29,90,748,1475
W,30,90,1,ctrl,34,600,3
D,30,90,14,14,22021
W,30,90,2,ai,61,600,8
W,30,90,3,log,20,150,4
S,30,90,879,1505
W,31,90,1,ctrl,21,300,1
D,31,90,8,8,12916
W,31,90,2,ai,25,100,1
W,31,90,3,log,6,50,1
S,31,90,676,1652
J,1,ctrl,1,398,293,252885,2655,256523,535561133,1,2665
# done
# RUN config=light alpha=90 rep=3/3
# prev_baseline_reset ngroups=3
# schedlab win=100 total=3600 groups=3
W,1,90,1,ctrl,42,300,1
D,1,90,18,2,2
W,1,90,2,ai,100,600,8
W,1,90,3,log,34,150,4
S,1,90,705,1197
W,2,90,1,ctrl,23,300,2
D,2,90,10,1,5
W,2,90,2,ai,67,600,8
W,2,90,3,log,12,150,4
S,2,90,841,1266
W,3,90,1,ctrl,30,300,1
D,3,90,13,8,106
W,3,90,2,ai,74,600,8
W,3,90,3,log,17,150,4
S,3,90,699,1153
W,4,90,1,ctrl,23,300,2
D,4,90,10,1,5
W,4,90,2,ai,62,600,8
W,4,90,3,log,16,150,4
S,4,90,833,1255
W,5,90,1,ctrl,32,300,2
D,5,90,11,9,131
W,5,90,2,ai,71,600,8
W,5,90,3,log,13,150,4
S,5,90,815,1267
W,6,90,1,ctrl,32,300,1
D,6,90,14,11,170
W,6,90,2,ai,76,600,8
W,6,90,3,log,16,150,4
S,6,90,848,1104
W,7,90,1,ctrl,32,300,2
D,7,90,11,9,108
W,7,90,2,ai,73,600,8
W,7,90,3,log,17,150,4
S,7,90,739,1087
W,8,90,1,ctrl,31,300,1
D,8,90,14,11,168
W,8,90,2,ai,74,600,8
W,8,90,3,log,16,150,4
S,8,90,818,1113
W,9,90,1,ctrl,29,300,2
D,9,90,12,8,75
W,9,90,2,ai,75,600,8
W,9,90,3,log,18,150,4
S,9,90,735,1202
W,10,90,1,ctrl,29,300,2
D,10,90,12,6,85
W,10,90,2,ai,76,600,8
W,10,90,3,log,13,150,4
S,10,90,881,1290
W,11,90,1,ctrl,34,300,2
D,11,90,13,12,175
W,11,90,2,ai,77,600,8
W,11,90,3,log,16,150,4
S,11,90,888,1136
W,12,90,1,ctrl,24,300,2
D,12,90,11,5,30
W,12,90,2,ai,69,600,8
W,12,90,3,log,16,150,4
S,12,90,707,1295
W,13,90,1,ctrl,24,300,2
D,13,90,11,4,22
W,13,90,2,ai,60,600,8
W,13,90,3,log,18,150,4
S,13,90,861,1212
W,14,90,1,ctrl,23,300,1
D,14,90,11,7,42
W,14,90,2,ai,68,600,8
W,14,90,3,log,12,150,4
S,14,90,839,1278
W,15,90,1,ctrl,30,300,2
D,15,90,12,7,84
W,15,90,2,ai,79,600,8
W,15,90,3,log,18,150,4
S,15,90,679,1207
W,16,90,1,ctrl,34,300,2
D,16,90,13,12,216
W,16,90,2,ai,78,600,8
W,16,90,3,log,18,150,4
S,16,90,755,1091
W,17,90,1,ctrl,28,300,2
D,17,90,12,6,56
W,17,90,2,ai,72,600,8
W,17,90,3,log,14,150,4
S,17,90,857,1163
W,18,90,1,ctrl,28,300,2
D,18,90,11,5,47
W,18,90,2,ai,66,600,8
W,18,90,3,log,12,150,4
S,18,90,875,1256
W,19,90,1,ctrl,31,300,2
D,19,90,13,8,123
W,19,90,2,ai,73,600,8
W,19,90,3,log,15,150,4
S,19,90,868,1126
W,20,90,1,ctrl,32,300,1
D,20,90,13,10,135
W,20,90,2,ai,73,600,8
W,20,90,3,log,18,150,4
S,20,90,770,1096
W,21,90,1,ctrl,24,300,2
D,21,90,10,6,22
W,21,90,2,ai,69,600,8
W,21,90,3,log,13,150,4
S,21,90,822,1261
W,22,90,1,ctrl,32,300,2
D,22,90,13,11,138
W,22,90,2,ai,77,600,8
W,22,90,3,log,17,150,4
S,22,90,793,1126
W,23,90,1,ctrl,25,300,2
D,23,90,11,6,46
W,23,90,2,ai,60,600,8
W,23,90,3,log,16,150,4
S,23,90,886,1153
W,24,90,1,ctrl,26,300,1
D,24,90,11,4,17
W,24,90,2,ai,70,600,8
W,24,90,3,log,7,150,4
S,24,90,846,2119
W,25,90,1,ctrl,27,300,2
D,25,90,11,5,19
W,25,90,2,ai,77,600,8
W,25,90,3,log,7,150,4
S,25,90,859,2253
W,26,90,1,ctrl,26,300,2
D,26,90,12,7,100
W,26,90,2,ai,71,600,8
W,26,90,3,log,19,150,4
S,26,90,863,1272
W,27,90,1,ctrl,29,300,2
D,27,90,12,7,104
W,27,90,2,ai,73,600,8
W,27,90,3,log,14,150,4
S,27,90,868,1183
W,28,90,1,ctrl,25,300,2
D,28,90,10,4,22
W,28,90,2,ai,69,600,8
W,28,90,3,log,16,150,4
S,28,90,701,1255
W,29,90,1,ctrl,33,300,1
D,29,90,14,11,210
W,29,90,2,ai,73,600,8
W,29,90,3,log,12,150,4
S,29,90,750,1405
W,30,90,1,ctrl,26,300,1
D,30,90,11,5,23
W,30,90,2,ai,69,500,7
W,30,90,3,log,8,150,4
S,30,90,884,2038
J,1,ctrl,1,360,208,2486,36,5461,122411,1,46
# done
# WARMUP config=light alpha=100
# prev_baseline_reset ngroups=3
# schedlab win=100 total=3600 groups=3
W,1,100,1,ctrl,46,600,2
D,1,100,18,10,147
W,1,100,2,ai,115,800,8
W,1,100,3,log,35,200,4
S,1,100,868,1602
W,2,100,1,ctrl,31,600,2
D,2,100,13,13,281
W,2,100,2,ai,78,800,8
W,2,100,3,log,19,200,4
S,2,100,777,1549
W,3,100,1,ctrl,28,600,2
D,3,100,12,11,120
W,3,100,2,ai,66,800,8
W,3,100,3,log,20,200,4
S,3,100,870,1530
W,4,100,1,ctrl,29,600,2
D,4,100,13,12,190
W,4,100,2,ai,72,800,8
W,4,100,3,log,20,200,4
S,4,100,840,1569
W,5,100,1,ctrl,33,600,2
D,5,100,11,11,176
W,5,100,2,ai,75,800,8
W,5,100,3,log,20,200,4
S,5,100,825,1459
W,6,100,1,ctrl,29,600,2
D,6,100,14,12,251
W,6,100,2,ai,77,800,8
W,6,100,3,log,20,200,4
S,6,100,808,1630
W,7,100,1,ctrl,27,600,2
D,7,100,10,10,380
W,7,100,2,ai,75,800,8
W,7,100,3,log,20,200,4
S,7,100,818,1696
W,8,100,1,ctrl,29,600,2
D,8,100,11,11,445
W,8,100,2,ai,75,800,8
W,8,100,3,log,20,200,4
S,8,100,821,1609
W,9,100,1,ctrl,28,600,2
D,9,100,11,11,586
W,9,100,2,ai,69,800,8
W,9,100,3,log,15,200,4
S,9,100,709,1500
W,10,100,1,ctrl,29,600,2
D,10,100,12,12,711
W,10,100,2,ai,68,800,8
W,10,100,3,log,20,200,4
S,10,100,861,1518
W,11,100,1,ctrl,32,600,2
D,11,100,11,11,781
W,11,100,2,ai,75,800,8
W,11,100,3,log,20,200,4
S,11,100,823,1494
W,12,100,1,ctrl,32,600,2
D,12,100,13,13,1015
W,12,100,2,ai,73,800,8
W,12,100,3,log,20,200,4
S,12,100,841,1464
W,13,100,1,ctrl,30,600,2
D,13,100,13,13,1030
W,13,100,2,ai,78,800,8
W,13,100,3,log,20,200,4
S,13,100,804,1602
W,14,100,1,ctrl,31,600,2
D,14,100,12,12,1010
W,14,100,2,ai,78,800,8
W,14,100,3,log,20,200,4
S,14,100,805,1562
W,15,100,1,ctrl,29,600,2
D,15,100,11,11,960
W,15,100,2,ai,70,800,8
W,15,100,3,log,20,200,4
S,15,100,853,1543
W,16,100,1,ctrl,31,600,2
D,16,100,12,12,1223
W,16,100,2,ai,78,800,8
W,16,100,3,log,20,200,4
S,16,100,805,1562
W,17,100,1,ctrl,30,600,2
D,17,100,12,12,1320
W,17,100,2,ai,78,800,8
W,17,100,3,log,20,200,4
S,17,100,804,1602
W,18,100,1,ctrl,30,600,2
D,18,100,13,13,1549
W,18,100,2,ai,77,800,8
W,18,100,3,log,20,200,4
S,18,100,809,1588
W,19,100,1,ctrl,31,600,2
D,19,100,12,12,1450
W,19,100,2,ai,76,800,8
W,19,100,3,log,20,200,4
S,19,100,817,1536
W,20,100,1,ctrl,31,600,2
D,20,100,13,13,1603
W,20,100,2,ai,76,800,8
W,20,100,3,log,19,200,4
S,20,100,789,1524
W,21,100,1,ctrl,33,600,2
D,21,100,12,12,1607
W,21,100,2,ai,77,800,8
W,21,100,3,log,20,200,4
S,21,100,808,1482
W,22,100,1,ctrl,32,600,2
D,22,100,13,13,1808
W,22,100,2,ai,75,800,8
W,22,100,3,log,20,200,4
S,22,100,823,1494
W,23,100,1,ctrl,29,600,2
D,23,100,11,11,1483
W,23,100,2,ai,65,800,8
W,23,100,3,log,15,200,4
S,23,100,738,1409
W,24,100,1,ctrl,31,600,2
D,24,100,14,14,1966
W,24,100,2,ai,78,800,8
W,24,100,3,log,19,200,4
S,24,100,777,1549
W,25,100,1,ctrl,30,600,2
D,25,100,12,12,1721
W,25,100,2,ai,77,800,8
W,25,100,3,log,19,200,4
S,25,100,783,1575
W,26,100,1,ctrl,30,600,2
D,26,100,12,12,1782
W,26,100,2,ai,88,800,8
W,26,100,3,log,23,200,4
S,26,100,811,1768
W,27,100,1,ctrl,31,600,2
D,27,100,12,12,1899
W,27,100,2,ai,66,800,8
W,27,100,3,log,15,200,4
S,27,100,719,1358
W,28,100,1,ctrl,29,600,2
D,28,100,12,12,1885
W,28,100,2,ai,58,400,4
W,28,100,3,log,15,150,3
S,28,100,714,1834
J,1,ctrl,1,345,333,29379,174,32779,4031257,2,184
# done
# RUN config=light alpha=100 rep=1/3
# prev_baseline_reset ngroups=3
# schedlab win=100 total=3600 groups=3
W,1,100,1,ctrl,45,600,2
D,1,100,17,3,9
W,1,100,2,ai,106,800,8
W,1,100,3,log,21,200,4
S,1,100,683,1436
W,2,100,1,ctrl,31,600,2
D,2,100,11,11,176
W,2,100,2,ai,79,800,8
W,2,100,3,log,18,200,4
S,2,100,740,1549
W,3,100,1,ctrl,33,600,2
D,3,100,12,12,299
W,3,100,2,ai,76,800,8
W,3,100,3,log,20,200,4
S,3,100,819,1470
W,4,100,1,ctrl,31,600,2
D,4,100,12,12,404
W,4,100,2,ai,77,800,8
W,4,100,3,log,20,200,4
S,4,100,811,1549
W,5,100,1,ctrl,27,600,2
D,5,100,12,12,419
W,5,100,2,ai,72,800,8
W,5,100,3,log,20,200,4
S,5,100,838,1659
W,6,100,1,ctrl,29,600,2
D,6,100,11,11,471
W,6,100,2,ai,69,800,8
W,6,100,3,log,15,200,4
S,6,100,705,1464
W,7,100,1,ctrl,28,600,2
D,7,100,13,13,508
W,7,100,2,ai,70,800,8
W,7,100,3,log,20,200,4
S,7,100,850,1582
W,8,100,1,ctrl,34,600,2
D,8,100,12,12,584
W,8,100,2,ai,74,800,8
W,8,100,3,log,20,200,4
S,8,100,835,1415
W,9,100,1,ctrl,31,600,2
D,9,100,11,11,659
W,9,100,2,ai,77,800,8
W,9,100,3,log,20,200,4
S,9,100,811,1549
W,10,100,1,ctrl,32,600,2
D,10,100,13,13,965
W,10,100,2,ai,74,800,8
W,10,100,3,log,20,200,4
S,10,100,829,1482
W,11,100,1,ctrl,29,600,2
D,11,100,10,10,887
W,11,100,2,ai,75,800,8
W,11,100,3,log,20,200,4
S,11,100,821,1609
W,12,100,1,ctrl,29,600,2
D,12,100,12,12,1243
W,12,100,2,ai,74,800,8
W,12,100,3,log,20,200,4
S,12,100,826,1595
W,13,100,1,ctrl,31,600,2
D,13,100,12,12,1297
W,13,100,2,ai,76,800,8
W,13,100,3,log,20,200,4
S,13,100,817,1536
W,14,100,1,ctrl,30,600,2
D,14,100,12,12,1491
W,14,100,2,ai,76,800,8
W,14,100,3,log,20,200,4
S,14,100,815,1575
W,15,100,1,ctrl,31,600,2
D,15,100,13,13,1602
W,15,100,2,ai,76,800,8
W,15,100,3,log,20,200,4
S,15,100,817,1536
W,16,100,1,ctrl,32,600,2
D,16,100,12,12,1493
W,16,100,2,ai,75,800,8
W,16,100,3,log,20,200,4
S,16,100,823,1494
W,17,100,1,ctrl,30,600,2
D,17,100,13,13,1772
W,17,100,2,ai,76,800,8
W,17,100,3,log,20,200,4
S,17,100,815,1575
W,18,100,1,ctrl,31,600,2
D,18,100,12,12,1706
W,18,100,2,ai,76,800,8
W,18,100,3,log,20,200,4
S,18,100,817,1536
W,19,100,1,ctrl,30,600,2
D,19,100,13,13,1903
W,19,100,2,ai,76,800,8
W,19,100,3,log,20,200,4
S,19,100,815,1575
W,20,100,1,ctrl,31,600,2
D,20,100,12,12,1799
W,20,100,2,ai,77,800,8
W,20,100,3,log,20,200,4
S,20,100,811,1549
W,21,100,1,ctrl,30,600,2
D,21,100,12,12,2012
W,21,100,2,ai,76,800,8
W,21,100,3,log,20,200,4
S,21,100,815,1575
W,22,100,1,ctrl,30,600,2
D,22,100,12,12,2018
W,22,100,2,ai,78,800,8
W,22,100,3,log,20,200,4
S,22,100,804,1602
W,23,100,1,ctrl,31,600,2
D,23,100,12,12,2186
W,23,100,2,ai,76,800,8
W,23,100,3,log,20,200,4
S,23,100,817,1536
W,24,100,1,ctrl,30,600,2
D,24,100,12,12,2254
W,24,100,2,ai,75,800,8
W,24,100,3,log,20,200,4
S,24,100,825,1562
W,25,100,1,ctrl,32,600,2
D,25,100,11,11,2252
W,25,100,2,ai,76,800,8
W,25,100,3,log,20,200,4
S,25,100,818,1500
W,26,100,1,ctrl,30,600,2
D,26,100,12,12,2613
W,26,100,2,ai,76,800,8
W,26,100,3,log,20,200,4
S,26,100,815,1575
W,27,100,1,ctrl,32,600,2
D,27,100,12,12,2733
W,27,100,2,ai,75,800,8
W,27,100,3,log,20,200,4
S,27,100,823,1494
W,28,100,1,ctrl,22,300,1
D,28,100,9,9,2098
W,28,100,2,ai,39,100,1
W,28,100,3,log,10,50,1
S,28,100,720,2155
J,1,ctrl,1,337,323,37853,245,41137,6614883,2,255
# done
# RUN config=light alpha=100 rep=2/3
# prev_baseline_reset ngroups=3
# schedlab win=100 total=3600 groups=3
W,1,100,1,ctrl,42,600,2
D,1,100,18,4,5
W,1,100,2,ai,116,800,8
W,1,100,3,log,32,200,4
S,1,100,834,1696
W,2,100,1,ctrl,27,600,2
D,2,100,12,11,144
W,2,100,2,ai,79,800,8
W,2,100,3,log,17,200,4
S,2,100,721,1712
W,3,100,1,ctrl,31,600,2
D,3,100,11,11,245
W,3,100,2,ai,78,800,8
W,3,100,3,log,18,200,4
S,3,100,746,1536
W,4,100,1,ctrl,33,600,2
D,4,100,12,12,471
W,4,100,2,ai,78,800,8
W,4,100,3,log,16,200,4
S,4,100,666,1447
W,5,100,1,ctrl,28,600,2
D,5,100,12,12,444
W,5,100,2,ai,72,800,8
W,5,100,3,log,20,200,4
S,5,100,838,1609
W,6,100,1,ctrl,32,600,2
D,6,100,11,11,533
W,6,100,2,ai,75,800,8
W,6,100,3,log,20,200,4
S,6,100,823,1494
W,7,100,1,ctrl,29,600,2
D,7,100,10,10,746
W,7,100,2,ai,78,800,8
W,7,100,3,log,20,200,4
S,7,100,803,1644
W,8,100,1,ctrl,29,600,2
D,8,100,13,13,1029
W,8,100,2,ai,69,800,8
W,8,100,3,log,19,200,4
S,8,100,837,1518
W,9,100,1,ctrl,32,600,2
D,9,100,10,10,1052
W,9,100,2,ai,76,800,8
W,9,100,3,log,20,200,4
S,9,100,818,1500
W,10,100,1,ctrl,31,600,2
D,10,100,12,12,1397
W,10,100,2,ai,75,800,8
W,10,100,3,log,15,200,4
S,10,100,677,1464
W,11,100,1,ctrl,31,600,2
D,11,100,11,11,1489
W,11,100,2,ai,77,800,8
W,11,100,3,log,24,200,4
S,11,100,873,1602
W,12,100,1,ctrl,31,600,2
D,12,100,13,13,1807
W,12,100,2,ai,74,800,8
W,12,100,3,log,15,200,4
S,12,100,666,1453
W,13,100,1,ctrl,32,600,2
D,13,100,10,10,1555
W,13,100,2,ai,77,800,8
W,13,100,3,log,19,200,4
S,13,100,784,1500
W,14,100,1,ctrl,29,600,2
D,14,100,13,13,2179
W,14,100,2,ai,77,800,8
W,14,100,3,log,19,200,4
S,14,100,787,1616
W,15,100,1,ctrl,30,600,2
D,15,100,13,13,2249
W,15,100,2,ai,76,800,8
W,15,100,3,log,20,200,4
S,15,100,815,1575
W,16,100,1,ctrl,30,600,2
D,16,100,12,12,2007
W,16,100,2,ai,75,800,8
W,16,100,3,log,19,200,4
S,16,100,797,1556
W,17,100,1,ctrl,30,600,2
D,17,100,13,13,2237
W,17,100,2,ai,77,800,8
W,17,100,3,log,17,200,4
S,17,100,725,1556
W,18,100,1,ctrl,30,600,2
D,18,100,13,13,2279
W,18,100,2,ai,78,800,8
W,18,100,3,log,18,200,4
S,18,100,747,1575
W,19,100,1,ctrl,31,600,2
D,19,100,12,12,2124
W,19,100,2,ai,77,800,8
W,19,100,3,log,17,200,4
S,19,100,723,1512
W,20,100,1,ctrl,32,600,2
D,20,100,10,10,1926
W,20,100,2,ai,76,800,8
W,20,100,3,log,17,200,4
S,20,100,727,1464
W,21,100,1,ctrl,29,600,2
D,21,100,13,13,2647
W,21,100,2,ai,73,800,8
W,21,100,3,log,20,200,4
S,21,100,831,1582
W,22,100,1,ctrl,30,600,2
D,22,100,12,12,2494
W,22,100,2,ai,76,800,8
W,22,100,3,log,20,200,4
S,22,100,815,1575
W,23,100,1,ctrl,28,600,2
D,23,100,12,12,2454
W,23,100,2,ai,65,800,8
W,23,100,3,log,15,200,4
S,23,100,740,1447
W,24,100,1,ctrl,31,600,2
D,24,100,11,11,2412
W,24,100,2,ai,78,800,8
W,24,100,3,log,20,200,4
S,24,100,805,1562
W,25,100,1,ctrl,31,600,2
D,25,100,13,13,3002
W,25,100,2,ai,76,800,8
W,25,100,3,log,18,200,4
S,25,100,763,1512
W,26,100,1,ctrl,31,600,2
D,26,100,13,13,3053
W,26,100,2,ai,78,800,8
W,26,100,3,log,19,200,4
S,26,100,777,1549
W,27,100,1,ctrl,28,600,2
D,27,100,12,12,2703
W,27,100,2,ai,74,800,8
W,27,100,3,log,16,200,4
S,27,100,714,1582
W,28,100,1,ctrl,25,300,1
D,28,100,9,9,2186
W,28,100,2,ai,55,100,1
W,28,100,3,log,13,50,1
S,28,100,713,2485
J,1,ctrl,1,336,321,46869,250,50121,9420365,2,260
# done
# RUN config=light alpha=100 rep=3/3
# prev_baseline_reset ngroups=3
# schedlab win=100 total=3600 groups=3
W,1,100,1,ctrl,42,300,1
D,1,100,18,3,5
W,1,100,2,ai,97,800,8
W,1,100,3,log,38,200,4
S,1,100,735,1122
W,2,100,1,ctrl,32,600,2
D,2,100,11,11,245
W,2,100,2,ai,85,800,8
W,2,100,3,log,25,200,4
S,2,100,858,1666
W,3,100,1,ctrl,32,600,2
D,3,100,11,11,462
W,3,100,2,ai,77,800,8
W,3,100,3,log,20,200,4
S,3,100,812,1512
W,4,100,1,ctrl,31,600,2
D,4,100,13,13,653
W,4,100,2,ai,77,800,8
W,4,100,3,log,20,200,4
S,4,100,811,1549
W,5,100,1,ctrl,30,600,2
D,5,100,11,11,577
W,5,100,2,ai,75,800,8
W,5,100,3,log,20,200,4
S,5,100,825,1562
W,6,100,1,ctrl,31,600,2
D,6,100,11,11,866
W,6,100,2,ai,76,800,8
W,6,100,3,log,19,200,4
S,6,100,789,1524
W,7,100,1,ctrl,28,600,2
D,7,100,11,11,964
W,7,100,2,ai,65,800,8
W,7,100,3,log,15,200,4
S,7,100,740,1447
W,8,100,1,ctrl,31,600,2
D,8,100,11,11,1152
W,8,100,2,ai,76,800,8
W,8,100,3,log,20,200,4
S,8,100,817,1536
W,9,100,1,ctrl,31,600,2
D,9,100,13,13,1550
W,9,100,2,ai,77,800,8
W,9,100,3,log,19,200,4
S,9,100,783,1536
W,10,100,1,ctrl,29,600,2
D,10,100,13,13,1343
W,10,100,2,ai,70,800,8
W,10,100,3,log,19,200,4
S,10,100,832,1530
W,11,100,1,ctrl,33,600,2
D,11,100,12,12,1284
W,11,100,2,ai,76,800,8
W,11,100,3,log,19,200,4
S,11,100,790,1459
W,12,100,1,ctrl,31,600,2
D,12,100,13,13,1393
W,12,100,2,ai,78,800,8
W,12,100,3,log,20,200,4
S,12,100,805,1562
W,13,100,1,ctrl,31,600,2
D,13,100,12,12,1405
W,13,100,2,ai,77,800,8
W,13,100,3,log,20,200,4
S,13,100,811,1549
W,14,100,1,ctrl,31,600,2
D,14,100,13,13,1629
W,14,100,2,ai,77,800,8
W,14,100,3,log,20,200,4
S,14,100,811,1549
W,15,100,1,ctrl,33,600,2
D,15,100,12,12,1562
W,15,100,2,ai,75,800,8
W,15,100,3,log,20,200,4
S,15,100,825,1459
W,16,100,1,ctrl,31,600,2
D,16,100,11,11,1563
W,16,100,2,ai,76,800,8
W,16,100,3,log,19,200,4
S,16,100,789,1524
W,17,100,1,ctrl,30,600,2
D,17,100,13,13,1975
W,17,100,2,ai,77,800,8
W,17,100,3,log,20,200,4
S,17,100,809,1588
W,18,100,1,ctrl,29,600,2
D,18,100,12,12,1923
W,18,100,2,ai,76,800,8
W,18,100,3,log,19,200,4
S,18,100,791,1609
W,19,100,1,ctrl,28,600,2
D,19,100,11,11,1771
W,19,100,2,ai,72,800,8
W,19,100,3,log,20,200,4
S,19,100,838,1609
W,20,100,1,ctrl,30,600,2
D,20,100,13,13,2187
W,20,100,2,ai,78,800,8
W,20,100,3,log,20,200,4
S,20,100,804,1602
W,21,100,1,ctrl,30,600,2
D,21,100,12,12,2098
W,21,100,2,ai,77,800,8
W,21,100,3,log,20,200,4
S,21,100,809,1588
W,22,100,1,ctrl,30,600,2
D,22,100,13,13,2319
W,22,100,2,ai,76,800,8
W,22,100,3,log,19,200,4
S,22,100,793,1562
W,23,100,1,ctrl,29,600,2
D,23,100,12,12,2157
W,23,100,2,ai,69,800,8
W,23,100,3,log,15,200,4
S,23,100,705,1464
W,24,100,1,ctrl,31,600,2
D,24,100,12,12,2297
W,24,100,2,ai,76,800,8
W,24,100,3,log,19,200,4
S,24,100,789,1524
W,25,100,1,ctrl,29,600,2
D,25,100,12,12,2356
W,25,100,2,ai,78,800,8
W,25,100,3,log,20,200,4
S,25,100,803,1644
W,26,100,1,ctrl,29,600,2
D,26,100,13,13,2538
W,26,100,2,ai,75,800,8
W,26,100,3,log,20,200,4
S,26,100,821,1609
W,27,100,1,ctrl,29,600,2
D,27,100,11,11,2146
W,27,100,2,ai,75,800,8
W,27,100,3,log,20,200,4
S,27,100,821,1609
W,28,100,1,ctrl,24,300,1
D,28,100,9,9,1947
W,28,100,2,ai,48,100,1
W,28,100,3,log,11,50,1
S,28,100,703,2304
J,1,ctrl,1,339,324,42367,230,45643,7332769,2,240
# done

# === CONFIG medlo ai=15 log=8 ===
# WARMUP config=medlo alpha=0
# prev_baseline_reset ngroups=3
# schedlab win=100 total=3600 groups=3
W,1,0,1,ctrl,46,300,2
D,1,0,18,0,0
W,1,0,2,ai,80,100,11
W,1,0,3,log,47,50,9
S,1,0,876,2513
W,2,0,1,ctrl,34,300,2
D,2,0,11,1,3
W,2,0,2,ai,46,100,16
W,2,0,3,log,21,50,9
S,2,0,839,1982
W,3,0,1,ctrl,31,300,1
D,3,0,11,1,2
W,3,0,2,ai,42,100,16
W,3,0,3,log,26,50,9
S,3,0,882,2127
W,4,0,1,ctrl,29,300,1
D,4,0,11,0,0
W,4,0,2,ai,47,100,16
W,4,0,3,log,20,50,9
S,4,0,828,2205
W,5,0,1,ctrl,32,300,1
D,5,0,11,0,0
W,5,0,2,ai,47,100,16
W,5,0,3,log,25,50,9
S,5,0,865,2169
W,6,0,1,ctrl,26,300,2
D,6,0,10,0,0
W,6,0,2,ai,42,100,16
W,6,0,3,log,27,50,9
S,6,0,884,2439
W,7,0,1,ctrl,34,300,2
D,7,0,11,1,6
W,7,0,2,ai,44,100,16
W,7,0,3,log,23,50,9
S,7,0,863,1982
W,8,0,1,ctrl,27,300,1
D,8,0,11,0,0
W,8,0,2,ai,46,100,16
W,8,0,3,log,22,50,9
S,8,0,849,2345
W,9,0,1,ctrl,29,300,2
D,9,0,10,0,0
W,9,0,2,ai,47,100,16
W,9,0,3,log,22,50,9
S,9,0,845,2257
W,10,0,1,ctrl,34,300,2
D,10,0,11,1,4
W,10,0,2,ai,42,100,16
W,10,0,3,log,25,50,9
S,10,0,879,1982
W,11,0,1,ctrl,31,300,2
D,11,0,11,1,3
W,11,0,2,ai,44,100,16
W,11,0,3,log,28,50,9
S,11,0,883,2220
W,12,0,1,ctrl,26,300,1
D,12,0,11,1,1
W,12,0,2,ai,42,100,16
W,12,0,3,log,25,50,9
S,12,0,877,2387
W,13,0,1,ctrl,25,300,2
D,13,0,10,0,0
W,13,0,2,ai,49,100,16
W,13,0,3,log,24,50,9
S,13,0,853,2611
W,14,0,1,ctrl,30,300,2
D,14,0,11,1,6
W,14,0,2,ai,42,100,16
W,14,0,3,log,27,50,9
S,14,0,885,2198
W,15,0,1,ctrl,33,300,2
D,15,0,11,1,5
W,15,0,2,ai,46,100,16
W,15,0,3,log,22,50,9
S,15,0,848,2042
W,16,0,1,ctrl,24,300,1
D,16,0,11,0,0
W,16,0,2,ai,41,100,16
W,16,0,3,log,26,50,9
S,16,0,882,2532
W,17,0,1,ctrl,30,300,2
D,17,0,10,0,0
W,17,0,2,ai,40,100,16
W,17,0,3,log,31,50,9
S,17,0,887,2242
W,18,0,1,ctrl,29,300,1
D,18,0,11,1,1
W,18,0,2,ai,38,100,16
W,18,0,3,log,28,50,9
S,18,0,888,2183
W,19,0,1,ctrl,30,300,1
D,19,0,11,0,0
W,19,0,2,ai,44,100,16
W,19,0,3,log,23,50,9
S,19,0,863,2155
W,20,0,1,ctrl,26,300,2
D,20,0,10,0,0
W,20,0,2,ai,43,100,16
W,20,0,3,log,26,50,9
S,20,0,879,2439
W,21,0,1,ctrl,28,300,1
D,21,0,11,0,0
W,21,0,2,ai,44,100,16
W,21,0,3,log,22,50,9
S,21,0,857,2242
W,22,0,1,ctrl,33,300,1
D,22,0,11,0,0
W,22,0,2,ai,44,100,16
W,22,0,3,log,23,50,9
S,22,0,864,2018
W,23,0,1,ctrl,30,300,1
D,23,0,11,0,0
W,23,0,2,ai,45,100,16
W,23,0,3,log,23,50,9
S,23,0,860,2176
W,24,0,1,ctrl,30,300,2
D,24,0,10,0,0
W,24,0,2,ai,40,100,16
W,24,0,3,log,26,50,9
S,24,0,885,2134
W,25,0,1,ctrl,32,300,2
D,25,0,11,1,3
W,25,0,2,ai,46,100,16
W,25,0,3,log,20,50,9
S,25,0,831,2042
W,26,0,1,ctrl,31,300,2
D,26,0,11,1,6
W,26,0,2,ai,47,100,16
W,26,0,3,log,23,50,9
S,26,0,852,2176
W,27,0,1,ctrl,32,300,1
D,27,0,11,1,3
W,27,0,2,ai,42,100,16
W,27,0,3,log,27,50,9
S,27,0,884,2107
W,28,0,1,ctrl,27,300,1
D,28,0,11,0,0
W,28,0,2,ai,46,100,16
W,28,0,3,log,24,50,9
S,28,0,863,2395
W,29,0,1,ctrl,29,300,2
D,29,0,10,0,0
W,29,0,2,ai,39,100,16
W,29,0,3,log,25,50,9
S,29,0,884,2141
W,30,0,1,ctrl,27,300,1
D,30,0,11,0,0
W,30,0,2,ai,46,100,16
W,30,0,3,log,23,50,9
S,30,0,856,2370
W,31,0,1,ctrl,31,300,1
D,31,0,11,0,0
W,31,0,2,ai,43,100,16
W,31,0,3,log,21,50,9
S,31,0,853,2042
W,32,0,1,ctrl,26,300,2
D,32,0,10,0,0
W,32,0,2,ai,46,100,16
W,32,0,3,log,28,50,9
S,32,0,881,2561
W,33,0,1,ctrl,27,300,1
D,33,0,9,1,3
W,33,0,2,ai,31,100,1
W,33,0,3,log,22,50,1
S,33,0,888,1976
J,1,ctrl,1,360,13,46,6,2288,15918,1,16
# done
# RUN config=medlo alpha=0 rep=1/3
# prev_baseline_reset ngroups=3
# schedlab win=100 total=3600 groups=3
W,1,0,1,ctrl,42,300,1
D,1,0,18,1,3
W,1,0,2,ai,75,100,11
W,1,0,3,log,45,50,9
S,1,0,878,2571
W,2,0,1,ctrl,28,300,2
D,2,0,10,0,0
W,2,0,2,ai,45,100,16
W,2,0,3,log,23,50,9
S,2,0,859,2288
W,3,0,1,ctrl,29,300,2
D,3,0,11,0,0
W,3,0,2,ai,42,100,16
W,3,0,3,log,28,50,9
S,3,0,886,2280
W,4,0,1,ctrl,31,300,2
D,4,0,11,0,0
W,4,0,2,ai,47,100,16
W,4,0,3,log,22,50,9
S,4,0,846,2148
W,5,0,1,ctrl,28,300,1
D,5,0,11,0,0
W,5,0,2,ai,45,100,16
W,5,0,3,log,23,50,9
S,5,0,859,2288
W,6,0,1,ctrl,35,300,1
D,6,0,11,0,0
W,6,0,2,ai,39,100,16
W,6,0,3,log,26,50,9
S,6,0,888,1902
W,7,0,1,ctrl,27,300,1
D,7,0,11,0,0
W,7,0,2,ai,49,100,16
W,7,0,3,log,23,50,9
S,7,0,846,2448
W,8,0,1,ctrl,24,300,2
D,8,0,10,0,0
W,8,0,2,ai,48,100,16
W,8,0,3,log,27,50,9
S,8,0,871,2752
W,9,0,1,ctrl,31,300,2
D,9,0,11,1,2
W,9,0,2,ai,40,100,16
W,9,0,3,log,26,50,9
S,9,0,886,2087
W,10,0,1,ctrl,29,300,2
D,10,0,11,1,1
W,10,0,2,ai,46,100,16
W,10,0,3,log,22,50,9
S,10,0,848,2234
W,11,0,1,ctrl,25,300,1
D,11,0,11,0,0
W,11,0,2,ai,42,100,16
W,11,0,3,log,27,50,9
S,11,0,883,2513
W,12,0,1,ctrl,29,300,1
D,12,0,11,0,0
W,12,0,2,ai,43,100,16
W,12,0,3,log,22,50,9
S,12,0,860,2162
W,13,0,1,ctrl,24,300,2
D,13,0,10,0,0
W,13,0,2,ai,47,100,16
W,13,0,3,log,26,50,9
S,13,0,870,2696
W,14,0,1,ctrl,32,300,2
D,14,0,11,0,0
W,14,0,2,ai,44,100,16
W,14,0,3,log,26,50,9
S,14,0,877,2127
W,15,0,1,ctrl,29,300,2
D,15,0,11,0,0
W,15,0,2,ai,43,100,16
W,15,0,3,log,26,50,9
S,15,0,879,2257
W,16,0,1,ctrl,30,300,2
D,16,0,11,1,2
W,16,0,2,ai,47,100,16
W,16,0,3,log,24,50,9
S,16,0,860,2242
W,17,0,1,ctrl,30,300,2
D,17,0,10,0,0
W,17,0,2,ai,42,100,16
W,17,0,3,log,24,50,9
S,17,0,875,2134
W,18,0,1,ctrl,33,300,1
D,18,0,12,1,5
W,18,0,2,ai,43,100,16
W,18,0,3,log,23,50,9
S,18,0,867,2000
W,19,0,1,ctrl,26,300,2
D,19,0,10,0,0
W,19,0,2,ai,46,100,16
W,19,0,3,log,25,50,9
S,19,0,868,2485
W,20,0,1,ctrl,33,300,2
D,20,0,11,1,3
W,20,0,2,ai,46,100,16
W,20,0,3,log,23,50,9
S,20,0,856,2061
W,21,0,1,ctrl,33,300,2
D,21,0,11,1,1
W,21,0,2,ai,44,100,16
W,21,0,3,log,26,50,9
S,21,0,878,2081
W,22,0,1,ctrl,32,300,2
D,22,0,11,0,0
W,22,0,2,ai,44,100,16
W,22,0,3,log,27,50,9
S,22,0,882,2148
W,23,0,1,ctrl,32,300,2
D,23,0,11,1,3
W,23,0,2,ai,43,100,16
W,23,0,3,log,22,50,9
S,23,0,859,2024
W,24,0,1,ctrl,35,300,2
D,24,0,11,1,2
W,24,0,2,ai,44,100,16
W,24,0,3,log,19,50,9
S,24,0,827,1865
W,25,0,1,ctrl,31,300,2
D,25,0,11,0,0
W,25,0,2,ai,44,100,16
W,25,0,3,log,27,50,9
S,25,0,881,2198
W,26,0,1,ctrl,31,300,1
D,26,0,11,0,0
W,26,0,2,ai,41,100,16
W,26,0,3,log,23,50,9
S,26,0,873,2042
W,27,0,1,ctrl,23,300,2
D,27,0,10,0,0
W,27,0,2,ai,45,100,16
W,27,0,3,log,29,50,9
S,27,0,883,2810
W,28,0,1,ctrl,30,300,1
D,28,0,11,0,0
W,28,0,2,ai,45,100,16
W,28,0,3,log,21,50,9
S,28,0,844,2134
W,29,0,1,ctrl,27,300,2
D,29,0,10,0,0
W,29,0,2,ai,43,100,16
W,29,0,3,log,28,50,9
S,29,0,884,2421
W,30,0,1,ctrl,30,300,2
D,30,0,11,1,2
W,30,0,2,ai,44,100,16
W,30,0,3,log,24,50,9
S,30,0,868,2176
W,31,0,1,ctrl,32,300,2
D,31,0,11,0,0
W,31,0,2,ai,44,100,16
W,31,0,3,log,26,50,9
S,31,0,877,2127
W,32,0,1,ctrl,33,300,2
D,32,0,11,0,0
W,32,0,2,ai,46,100,16
W,32,0,3,log,24,50,9
S,32,0,863,2081
W,33,0,1,ctrl,23,300,1
D,33,0,7,0,0
W,33,0,2,ai,24,100,1
W,33,0,3,log,13,50,1
S,33,0,869,1738
J,1,ctrl,1,360,10,24,5,1372,6690,1,15
# done
# RUN config=medlo alpha=0 rep=2/3
# prev_baseline_reset ngroups=3
# schedlab win=100 total=3600 groups=3
W,1,0,1,ctrl,41,300,1
D,1,0,18,0,0
W,1,0,2,ai,76,100,10
W,1,0,3,log,47,50,9
S,1,0,881,2664
W,2,0,1,ctrl,31,300,1
D,2,0,11,1,1
W,2,0,2,ai,43,100,14
W,2,0,3,log,23,50,9
S,2,0,867,2087
W,3,0,1,ctrl,27,300,2
D,3,0,10,0,0
W,3,0,2,ai,44,100,16
W,3,0,3,log,25,50,9
S,3,0,874,2370
W,4,0,1,ctrl,27,300,1
D,4,0,11,0,0
W,4,0,2,ai,43,100,16
W,4,0,3,log,24,50,9
S,4,0,872,2320
W,5,0,1,ctrl,24,300,2
D,5,0,10,0,0
W,5,0,2,ai,46,100,16
W,5,0,3,log,24,50,9
S,5,0,863,2611
W,6,0,1,ctrl,35,300,2
D,6,0,11,2,8
W,6,0,2,ai,41,100,16
W,6,0,3,log,19,50,9
S,6,0,843,1809
W,7,0,1,ctrl,44,300,2
D,7,0,11,2,9
W,7,0,2,ai,32,100,16
W,7,0,3,log,21,50,9
S,7,0,887,1470
W,8,0,1,ctrl,27,300,1
D,8,0,11,1,2
W,8,0,2,ai,40,100,16
W,8,0,3,log,26,50,9
S,8,0,885,2296
W,9,0,1,ctrl,28,300,2
D,9,0,10,0,0
W,9,0,2,ai,38,100,16
W,9,0,3,log,26,50,9
S,9,0,887,2190
W,10,0,1,ctrl,32,300,2
D,10,0,11,1,6
W,10,0,2,ai,41,100,16
W,10,0,3,log,25,50,9
S,10,0,882,2042
W,11,0,1,ctrl,29,300,2
D,11,0,11,1,2
W,11,0,2,ai,45,100,16
W,11,0,3,log,27,50,9
S,11,0,879,2320
W,12,0,1,ctrl,29,300,1
D,12,0,11,1,1
W,12,0,2,ai,44,100,16
W,12,0,3,log,23,50,9
S,12,0,863,2205
W,13,0,1,ctrl,31,300,2
D,13,0,10,1,1
W,13,0,2,ai,40,100,16
W,13,0,3,log,25,50,9
S,13,0,882,2068
W,14,0,1,ctrl,27,300,2
D,14,0,11,1,2
W,14,0,2,ai,44,100,16
W,14,0,3,log,29,50,9
S,14,0,886,2466
W,15,0,1,ctrl,32,300,2
D,15,0,11,1,3
W,15,0,2,ai,46,100,16
W,15,0,3,log,24,50,9
S,15,0,863,2127
W,16,0,1,ctrl,33,300,2
D,16,0,11,1,5
W,16,0,2,ai,42,100,16
W,16,0,3,log,26,50,9
S,16,0,882,2042
W,17,0,1,ctrl,28,300,1
D,17,0,11,0,0
W,17,0,2,ai,41,100,16
W,17,0,3,log,22,50,9
S,17,0,866,2169
W,18,0,1,ctrl,27,300,2
D,18,0,10,0,0
W,18,0,2,ai,45,100,16
W,18,0,3,log,22,50,9
S,18,0,853,2320
W,19,0,1,ctrl,29,300,2
D,19,0,11,1,3
W,19,0,2,ai,51,100,16
W,19,0,3,log,20,50,9
S,19,0,813,2296
W,20,0,1,ctrl,27,300,1
D,20,0,11,0,0
W,20,0,2,ai,47,100,16
W,20,0,3,log,23,50,9
S,20,0,853,2395
W,21,0,1,ctrl,31,300,1
D,21,0,11,1,1
W,21,0,2,ai,42,100,16
W,21,0,3,log,26,50,9
S,21,0,882,2127
W,22,0,1,ctrl,35,300,1
D,22,0,11,1,1
W,22,0,2,ai,47,100,16
W,22,0,3,log,16,50,9
S,22,0,775,1865
W,23,0,1,ctrl,27,300,2
D,23,0,10,0,0
W,23,0,2,ai,45,100,16
W,23,0,3,log,23,50,9
S,23,0,860,2345
W,24,0,1,ctrl,32,300,2
D,24,0,11,1,6
W,24,0,2,ai,39,100,16
W,24,0,3,log,25,50,9
S,24,0,885,2000
W,25,0,1,ctrl,33,300,2
D,25,0,11,1,5
W,25,0,2,ai,39,100,16
W,25,0,3,log,23,50,9
S,25,0,879,1919
W,26,0,1,ctrl,30,300,2
D,26,0,11,1,3
W,26,0,2,ai,49,100,16
W,26,0,3,log,21,50,9
S,26,0,830,2220
W,27,0,1,ctrl,32,300,2
D,27,0,11,1,5
W,27,0,2,ai,44,100,16
W,27,0,3,log,22,50,9
S,27,0,856,2042
W,28,0,1,ctrl,33,300,2
D,28,0,11,1,4
W,28,0,2,ai,40,100,16
W,28,0,3,log,26,50,9
S,28,0,886,2000
W,29,0,1,ctrl,29,300,1
D,29,0,11,0,0
W,29,0,2,ai,45,100,16
W,29,0,3,log,23,50,9
S,29,0,860,2234
W,30,0,1,ctrl,28,300,2
D,30,0,10,0,0
W,30,0,2,ai,43,100,16
W,30,0,3,log,26,50,9
S,30,0,880,2312
W,31,0,1,ctrl,29,300,2
D,31,0,11,1,4
W,31,0,2,ai,43,100,16
W,31,0,3,log,26,50,9
S,31,0,879,2257
W,32,0,1,ctrl,29,300,2
D,32,0,11,1,5
W,32,0,2,ai,46,100,16
W,32,0,3,log,26,50,9
S,32,0,873,2320
W,33,0,1,ctrl,26,300,1
D,33,0,8,1,1
W,33,0,2,ai,28,100,1
W,33,0,3,log,16,50,1
S,33,0,876,1795
J,1,ctrl,1,360,24,78,7,2362,17316,2,17
# done
# RUN config=medlo alpha=0 rep=3/3
# prev_baseline_reset ngroups=3
# schedlab win=100 total=3600 groups=3
W,1,0,1,ctrl,47,300,1
D,1,0,18,0,0
W,1,0,2,ai,77,100,13
W,1,0,3,log,41,50,8
S,1,0,865,2345
W,2,0,1,ctrl,31,300,1
D,2,0,11,0,0
W,2,0,2,ai,45,100,16
W,2,0,3,log,21,50,9
S,2,0,844,2087
W,3,0,1,ctrl,28,300,1
D,3,0,11,0,0
W,3,0,2,ai,47,100,16
W,3,0,3,log,23,50,9
S,3,0,852,2336
W,4,0,1,ctrl,29,300,2
D,4,0,10,0,0
W,4,0,2,ai,48,100,16
W,4,0,3,log,23,50,9
S,4,0,850,2296
W,5,0,1,ctrl,27,300,1
D,5,0,11,0,0
W,5,0,2,ai,46,100,16
W,5,0,3,log,22,50,9
S,5,0,849,2345
W,6,0,1,ctrl,32,300,1
D,6,0,11,0,0
W,6,0,2,ai,44,100,16
W,6,0,3,log,20,50,9
S,6,0,840,2000
W,7,0,1,ctrl,28,300,1
D,7,0,10,0,0
W,7,0,2,ai,39,100,16
W,7,0,3,log,27,50,9
S,7,0,887,2242
W,8,0,1,ctrl,32,300,1
D,8,0,11,0,0
W,8,0,2,ai,49,100,16
W,8,0,3,log,21,50,9
S,8,0,828,2127
W,9,0,1,ctrl,29,300,1
D,9,0,11,0,0
W,9,0,2,ai,42,100,16
W,9,0,3,log,22,50,9
S,9,0,863,2141
W,10,0,1,ctrl,29,300,1
D,10,0,11,0,0
W,10,0,2,ai,44,100,16
W,10,0,3,log,21,50,9
S,10,0,849,2162
W,11,0,1,ctrl,33,300,1
D,11,0,11,0,0
W,11,0,2,ai,47,100,16
W,11,0,3,log,18,50,9
S,11,0,803,1982
W,12,0,1,ctrl,27,300,1
D,12,0,10,0,0
W,12,0,2,ai,44,100,16
W,12,0,3,log,25,50,9
S,12,0,874,2370
W,13,0,1,ctrl,30,300,1
D,13,0,11,0,0
W,13,0,2,ai,41,100,16
W,13,0,3,log,24,50,9
S,13,0,877,2114
W,14,0,1,ctrl,32,300,1
D,14,0,11,0,0
W,14,0,2,ai,44,100,16
W,14,0,3,log,24,50,9
S,14,0,870,2081
W,15,0,1,ctrl,29,300,2
D,15,0,10,0,0
W,15,0,2,ai,43,100,16
W,15,0,3,log,25,50,9
S,15,0,875,2234
W,16,0,1,ctrl,29,300,2
D,16,0,11,0,0
W,16,0,2,ai,44,100,16
W,16,0,3,log,26,50,9
S,16,0,877,2280
W,17,0,1,ctrl,33,300,1
D,17,0,12,1,4
W,17,0,2,ai,44,100,16
W,17,0,3,log,20,50,9
S,17,0,840,1958
W,18,0,1,ctrl,32,300,2
D,18,0,10,0,0
W,18,0,2,ai,47,100,16
W,18,0,3,log,24,50,9
S,18,0,860,2148
W,19,0,1,ctrl,36,300,1
D,19,0,11,1,1
W,19,0,2,ai,37,100,16
W,19,0,3,log,23,50,9
S,19,0,884,1776
W,20,0,1,ctrl,29,300,1
D,20,0,11,0,0
W,20,0,2,ai,43,100,16
W,20,0,3,log,18,50,9
S,20,0,824,2068
W,21,0,1,ctrl,31,300,1
D,21,0,11,0,0
W,21,0,2,ai,49,100,16
W,21,0,3,log,20,50,9
S,21,0,820,2148
W,22,0,1,ctrl,29,300,2
D,22,0,10,0,0
W,22,0,2,ai,46,100,16
W,22,0,3,log,22,50,9
S,22,0,848,2234
W,23,0,1,ctrl,35,300,2
D,23,0,11,1,3
W,23,0,2,ai,44,100,16
W,23,0,3,log,20,50,9
S,23,0,839,1886
W,24,0,1,ctrl,33,300,2
D,24,0,11,1,2
W,24,0,2,ai,45,100,16
W,24,0,3,log,23,50,9
S,24,0,859,2042
W,25,0,1,ctrl,26,300,2
D,25,0,11,0,0
W,25,0,2,ai,46,100,16
W,25,0,3,log,21,50,9
S,25,0,841,2387
W,26,0,1,ctrl,30,300,2
D,26,0,11,0,0
W,26,0,2,ai,45,100,16
W,26,0,3,log,26,50,9
S,26,0,876,2242
W,27,0,1,ctrl,33,300,2
D,27,0,11,0,0
W,27,0,2,ai,49,100,16
W,27,0,3,log,19,50,9
S,27,0,808,2042
W,28,0,1,ctrl,29,300,2
D,28,0,11,0,0
W,28,0,2,ai,44,100,16
W,28,0,3,log,25,50,9
S,28,0,873,2257
W,29,0,1,ctrl,31,300,2
D,29,0,11,0,0
W,29,0,2,ai,50,100,16
W,29,0,3,log,20,50,9
S,29,0,816,2176
W,30,0,1,ctrl,30,300,2
D,30,0,11,1,1
W,30,0,2,ai,44,100,16
W,30,0,3,log,23,50,9
S,30,0,863,2155
W,31,0,1,ctrl,27,300,1
D,31,0,11,0,0
W,31,0,2,ai,46,100,16
W,31,0,3,log,16,50,9
S,31,0,786,2198
W,32,0,1,ctrl,29,300,1
D,32,0,11,0,0
W,32,0,2,ai,49,100,16
W,32,0,3,log,20,50,9
S,32,0,820,2257
W,33,0,1,ctrl,18,300,1
D,33,0,6,0,0
W,33,0,2,ai,20,100,1
W,33,0,3,log,19,50,1
S,33,0,867,2114
J,1,ctrl,1,360,5,11,4,1100,4864,1,14
# done
# WARMUP config=medlo alpha=10
# prev_baseline_reset ngroups=3
# schedlab win=100 total=3600 groups=3
W,1,10,1,ctrl,46,300,1
D,1,10,18,0,0
W,1,10,2,ai,79,100,11
W,1,10,3,log,39,50,9
S,1,10,854,2378
W,2,10,1,ctrl,27,300,2
D,2,10,10,0,0
W,2,10,2,ai,50,100,13
W,2,10,3,log,22,50,9
S,2,10,835,2448
W,3,10,1,ctrl,31,300,2
D,3,10,11,1,5
W,3,10,2,ai,46,100,16
W,3,10,3,log,21,50,9
S,3,10,841,2107
W,4,10,1,ctrl,27,300,2
D,4,10,11,1,2
W,4,10,2,ai,48,100,16
W,4,10,3,log,23,50,9
S,4,10,849,2421
W,5,10,1,ctrl,30,300,1
D,5,10,11,1,2
W,5,10,2,ai,45,100,16
W,5,10,3,log,19,50,9
S,5,10,826,2087
W,6,10,1,ctrl,30,300,1
D,6,10,11,0,0
W,6,10,2,ai,46,100,16
W,6,10,3,log,26,50,9
S,6,10,872,2265
W,7,10,1,ctrl,23,300,2
D,7,10,10,0,0
W,7,10,2,ai,47,100,16
W,7,10,3,log,23,50,9
S,7,10,853,2696
W,8,10,1,ctrl,33,300,1
D,8,10,11,1,4
W,8,10,2,ai,32,100,16
W,8,10,3,log,19,50,9
S,8,10,880,1698
W,9,10,1,ctrl,28,300,2
D,9,10,10,0,0
W,9,10,2,ai,45,100,16
W,9,10,3,log,24,50,9
S,9,10,865,2312
W,10,10,1,ctrl,30,300,2
D,10,10,11,1,2
W,10,10,2,ai,47,100,16
W,10,10,3,log,22,50,9
S,10,10,846,2198
W,11,10,1,ctrl,31,300,2
D,11,10,11,1,5
W,11,10,2,ai,41,100,16
W,11,10,3,log,24,50,9
S,11,10,878,2068
W,12,10,1,ctrl,30,300,2
D,12,10,11,2,7
W,12,10,2,ai,48,100,16
W,12,10,3,log,17,50,9
S,12,10,788,2114
W,13,10,1,ctrl,33,300,1
D,13,10,11,1,2
W,13,10,2,ai,44,100,16
W,13,10,3,log,23,50,9
S,13,10,864,2018
W,14,10,1,ctrl,30,300,2
D,14,10,11,1,3
W,14,10,2,ai,44,100,16
W,14,10,3,log,26,50,9
S,14,10,879,2220
W,15,10,1,ctrl,30,300,2
D,15,10,11,1,3
W,15,10,2,ai,49,100,16
W,15,10,3,log,21,50,9
S,15,10,830,2220
W,16,10,1,ctrl,29,300,1
D,16,10,11,1,1
W,16,10,2,ai,48,100,16
W,16,10,3,log,19,50,9
S,16,10,813,2205
W,17,10,1,ctrl,29,300,1
D,17,10,11,1,1
W,17,10,2,ai,45,100,16
W,17,10,3,log,24,50,9
S,17,10,865,2257
W,18,10,1,ctrl,26,300,2
D,18,10,10,0,0
W,18,10,2,ai,46,100,16
W,18,10,3,log,22,50,9
S,18,10,850,2413
W,19,10,1,ctrl,29,300,2
D,19,10,11,1,3
W,19,10,2,ai,49,100,16
W,19,10,3,log,21,50,9
S,19,10,830,2280
W,20,10,1,ctrl,31,300,2
D,20,10,11,1,4
W,20,10,2,ai,50,100,16
W,20,10,3,log,21,50,9
S,20,10,824,2198
W,21,10,1,ctrl,27,300,2
D,21,10,11,1,4
W,21,10,2,ai,47,100,16
W,21,10,3,log,25,50,9
S,21,10,865,2448
W,22,10,1,ctrl,24,300,1
D,22,10,11,0,0
W,22,10,2,ai,45,100,16
W,22,10,3,log,24,50,9
S,22,10,866,2581
W,23,10,1,ctrl,35,300,1
D,23,10,11,0,0
W,23,10,2,ai,47,100,16
W,23,10,3,log,16,50,9
S,23,10,775,1865
W,24,10,1,ctrl,28,300,2
D,24,10,10,0,0
W,24,10,2,ai,44,100,16
W,24,10,3,log,25,50,9
S,24,10,873,2312
W,25,10,1,ctrl,29,300,2
D,25,10,11,1,4
W,25,10,2,ai,47,100,16
W,25,10,3,log,25,50,9
S,25,10,865,2320
W,26,10,1,ctrl,23,300,1
D,26,10,11,0,0
W,26,10,2,ai,53,100,16
W,26,10,3,log,17,50,9
S,26,10,775,2696
W,27,10,1,ctrl,27,300,2
D,27,10,10,0,0
W,27,10,2,ai,43,100,16
W,27,10,3,log,25,50,9
S,27,10,876,2345
W,28,10,1,ctrl,30,300,2
D,28,10,11,1,4
W,28,10,2,ai,51,100,16
W,28,10,3,log,21,50,9
S,28,10,821,2265
W,29,10,1,ctrl,33,300,1
D,29,10,11,0,0
W,29,10,2,ai,40,100,16
W,29,10,3,log,19,50,9
S,29,10,847,1860
W,30,10,1,ctrl,25,300,2
D,30,10,10,0,0
W,30,10,2,ai,49,100,16
W,30,10,3,log,26,50,9
S,30,10,866,2664
W,31,10,1,ctrl,33,300,2
D,31,10,11,1,2
W,31,10,2,ai,38,100,16
W,31,10,3,log,22,50,9
S,31,10,876,1881
W,32,10,1,ctrl,32,300,2
D,32,10,11,1,4
W,32,10,2,ai,44,100,16
W,32,10,3,log,18,50,9
S,32,10,818,1958
W,33,10,1,ctrl,25,300,1
D,33,10,7,1,3
W,33,10,2,ai,23,100,1
W,33,10,3,log,13,50,1
S,33,10,876,1628
J,1,ctrl,1,359,21,65,6,2327,16551,2,16
# done
# RUN config=medlo alpha=10 rep=1/3
# prev_baseline_reset ngroups=3
# schedlab win=100 total=3600 groups=3
W,1,10,1,ctrl,45,300,2
D,1,10,18,0,0
W,1,10,2,ai,76,100,13
W,1,10,3,log,50,50,9
S,1,10,885,2532
W,2,10,1,ctrl,28,300,2
D,2,10,11,1,2
W,2,10,2,ai,48,100,14
W,2,10,3,log,21,50,9
S,2,10,833,2312
W,3,10,1,ctrl,28,300,2
D,3,10,11,1,1
W,3,10,2,ai,44,100,16
W,3,10,3,log,24,50,9
S,3,10,869,2288
W,4,10,1,ctrl,33,300,2
D,4,10,11,1,2
W,4,10,2,ai,44,100,16
W,4,10,3,log,19,50,9
S,4,10,828,1941
W,5,10,1,ctrl,32,300,2
D,5,10,11,1,3
W,5,10,2,ai,38,100,16
W,5,10,3,log,16,50,9
S,5,10,823,1790
W,6,10,1,ctrl,38,300,1
D,6,10,11,1,2
W,6,10,2,ai,32,100,16
W,6,10,3,log,13,50,9
S,6,10,801,1457
W,7,10,1,ctrl,40,300,1
D,7,10,11,1,1
W,7,10,2,ai,34,100,16
W,7,10,3,log,15,50,9
S,7,10,826,1483
W,8,10,1,ctrl,31,300,1
D,8,10,11,0,0
W,8,10,2,ai,40,100,16
W,8,10,3,log,22,50,9
S,8,10,870,2000
W,9,10,1,ctrl,22,300,2
D,9,10,10,0,0
W,9,10,2,ai,51,100,16
W,9,10,3,log,22,50,9
S,9,10,832,2883
W,10,10,1,ctrl,28,300,2
D,10,10,11,0,0
W,10,10,2,ai,48,100,16
W,10,10,3,log,26,50,9
S,10,10,867,2430
W,11,10,1,ctrl,31,300,1
D,11,10,11,0,0
W,11,10,2,ai,37,100,16
W,11,10,3,log,24,50,9
S,11,10,885,1982
W,12,10,1,ctrl,30,300,2
D,12,10,10,0,0
W,12,10,2,ai,41,100,16
W,12,10,3,log,18,50,9
S,12,10,833,1976
W,13,10,1,ctrl,38,300,2
D,13,10,11,1,4
W,13,10,2,ai,40,100,16
W,13,10,3,log,12,50,9
S,13,10,726,1578
W,14,10,1,ctrl,32,300,1
D,14,10,11,1,1
W,14,10,2,ai,36,100,16
W,14,10,3,log,22,50,9
S,14,10,882,1876
W,15,10,1,ctrl,33,300,1
D,15,10,11,0,0
W,15,10,2,ai,42,100,16
W,15,10,3,log,15,50,9
S,15,10,783,1819
W,16,10,1,ctrl,26,300,2
D,16,10,10,0,0
W,16,10,2,ai,45,100,16
W,16,10,3,log,26,50,9
S,16,10,875,2485
W,17,10,1,ctrl,33,300,2
D,17,10,11,1,4
W,17,10,2,ai,45,100,16
W,17,10,3,log,24,50,9
S,17,10,866,2061
W,18,10,1,ctrl,33,300,2
D,18,10,11,1,3
W,18,10,2,ai,45,100,16
W,18,10,3,log,25,50,9
S,18,10,871,2081
W,19,10,1,ctrl,30,300,2
D,19,10,11,1,2
W,19,10,2,ai,42,100,16
W,19,10,3,log,29,50,9
S,19,10,888,2242
W,20,10,1,ctrl,30,300,2
D,20,10,11,1,2
W,20,10,2,ai,47,100,16
W,20,10,3,log,24,50,9
S,20,10,860,2242
W,21,10,1,ctrl,24,300,2
D,21,10,11,1,3
W,21,10,2,ai,47,100,16
W,21,10,3,log,28,50,9
S,21,10,877,2752
W,22,10,1,ctrl,28,300,2
D,22,10,11,0,0
W,22,10,2,ai,45,100,16
W,22,10,3,log,21,50,9
S,22,10,845,2242
W,23,10,1,ctrl,34,300,2
D,23,10,11,1,1
W,23,10,2,ai,33,100,16
W,23,10,3,log,24,50,9
S,23,10,887,1785
W,24,10,1,ctrl,32,300,2
D,24,10,11,1,2
W,24,10,2,ai,45,100,16
W,24,10,3,log,20,50,9
S,24,10,835,2024
W,25,10,1,ctrl,33,300,2
D,25,10,11,1,2
W,25,10,2,ai,41,100,16
W,25,10,3,log,22,50,9
S,25,10,867,1941
W,26,10,1,ctrl,31,300,2
D,26,10,11,1,2
W,26,10,2,ai,44,100,16
W,26,10,3,log,24,50,9
S,26,10,869,2127
W,27,10,1,ctrl,24,300,2
D,27,10,11,1,2
W,27,10,2,ai,45,100,16
W,27,10,3,log,25,50,9
S,27,10,870,2611
W,28,10,1,ctrl,29,300,2
D,28,10,11,1,1
W,28,10,2,ai,42,100,16
W,28,10,3,log,27,50,9
S,28,10,884,2257
W,29,10,1,ctrl,30,300,2
D,29,10,11,1,2
W,29,10,2,ai,47,100,16
W,29,10,3,log,23,50,9
S,29,10,854,2220
W,30,10,1,ctrl,31,300,2
D,30,10,11,1,3
W,30,10,2,ai,44,100,16
W,30,10,3,log,21,50,9
S,30,10,848,2068
W,31,10,1,ctrl,29,300,2
D,31,10,11,1,3
W,31,10,2,ai,46,100,16
W,31,10,3,log,27,50,9
S,31,10,876,2345
W,32,10,1,ctrl,31,300,2
D,32,10,11,1,2
W,32,10,2,ai,43,100,16
W,32,10,3,log,25,50,9
S,32,10,877,2127
W,33,10,1,ctrl,13,300,1
D,33,10,4,0,0
W,33,10,2,ai,14,100,1
W,33,10,3,log,5,50,1
S,33,10,778,1640
J,1,ctrl,1,360,23,50,4,2135,14059,1,14
# done
# RUN config=medlo alpha=10 rep=2/3
# prev_baseline_reset ngroups=3
# schedlab win=100 total=3600 groups=3
W,1,10,1,ctrl,44,300,1
D,1,10,18,1,2
W,1,10,2,ai,81,100,14
W,1,10,3,log,38,50,6
S,1,10,846,2475
W,2,10,1,ctrl,26,300,2
D,2,10,10,0,0
W,2,10,2,ai,46,100,15
W,2,10,3,log,26,50,7
S,2,10,873,2513
W,3,10,1,ctrl,31,300,2
D,3,10,11,1,3
W,3,10,2,ai,44,100,16
W,3,10,3,log,21,50,9
S,3,10,848,2068
W,4,10,1,ctrl,33,300,2
D,4,10,11,1,1
W,4,10,2,ai,42,100,16
W,4,10,3,log,26,50,9
S,4,10,882,2042
W,5,10,1,ctrl,30,300,2
D,5,10,11,0,0
W,5,10,2,ai,44,100,16
W,5,10,3,log,22,50,9
S,5,10,857,2134
W,6,10,1,ctrl,31,300,2
D,6,10,11,1,2
W,6,10,2,ai,40,100,16
W,6,10,3,log,26,50,9
S,6,10,886,2087
W,7,10,1,ctrl,30,300,1
D,7,10,11,0,0
W,7,10,2,ai,43,100,16
W,7,10,3,log,15,50,9
S,7,10,782,1958
W,8,10,1,ctrl,25,300,2
D,8,10,10,0,0
W,8,10,2,ai,44,100,16
W,8,10,3,log,26,50,9
S,8,10,877,2532
W,9,10,1,ctrl,29,300,1
D,9,10,11,0,0
W,9,10,2,ai,40,100,16
W,9,10,3,log,28,50,9
S,9,10,887,2234
W,10,10,1,ctrl,29,300,1
D,10,10,11,0,0
W,10,10,2,ai,46,100,16
W,10,10,3,log,21,50,9
S,10,10,841,2205
W,11,10,1,ctrl,26,300,2
D,11,10,10,0,0
W,11,10,2,ai,49,100,16
W,11,10,3,log,25,50,9
S,11,10,860,2561
W,12,10,1,ctrl,30,300,2
D,12,10,11,1,3
W,12,10,2,ai,48,100,16
W,12,10,3,log,20,50,9
S,12,10,824,2176
W,13,10,1,ctrl,32,300,2
D,13,10,11,1,2
W,13,10,2,ai,44,100,16
W,13,10,3,log,23,50,9
S,13,10,863,2061
W,14,10,1,ctrl,32,300,2
D,14,10,11,1,1
W,14,10,2,ai,46,100,16
W,14,10,3,log,22,50,9
S,14,10,850,2081
W,15,10,1,ctrl,36,300,1
D,15,10,11,0,0
W,15,10,2,ai,34,100,16
W,15,10,3,log,22,50,9
S,15,10,887,1703
W,16,10,1,ctrl,29,300,1
D,16,10,11,0,0
W,16,10,2,ai,45,100,16
W,16,10,3,log,23,50,9
S,16,10,860,2234
W,17,10,1,ctrl,30,300,1
D,17,10,11,0,0
W,17,10,2,ai,44,100,16
W,17,10,3,log,23,50,9
S,17,10,863,2155
W,18,10,1,ctrl,28,300,2
D,18,10,10,0,0
W,18,10,2,ai,39,100,16
W,18,10,3,log,25,50,9
S,18,10,884,2190
W,19,10,1,ctrl,32,300,2
D,19,10,11,1,1
W,19,10,2,ai,39,100,16
W,19,10,3,log,24,50,9
S,19,10,882,1982
W,20,10,1,ctrl,28,300,2
D,20,10,11,0,0
W,20,10,2,ai,44,100,16
W,20,10,3,log,27,50,9
S,20,10,880,2361
W,21,10,1,ctrl,30,300,1
D,21,10,11,0,0
W,21,10,2,ai,43,100,16
W,21,10,3,log,22,50,9
S,21,10,859,2114
W,22,10,1,ctrl,37,300,1
D,22,10,11,0,0
W,22,10,2,ai,38,100,16
W,22,10,3,log,22,50,9
S,22,10,877,1748
W,23,10,1,ctrl,31,300,1
D,23,10,11,0,0
W,23,10,2,ai,45,100,16
W,23,10,3,log,23,50,9
S,23,10,860,2127
W,24,10,1,ctrl,26,300,2
D,24,10,10,0,0
W,24,10,2,ai,45,100,16
W,24,10,3,log,28,50,9
S,24,10,881,2541
W,25,10,1,ctrl,29,300,2
D,25,10,11,0,0
W,25,10,2,ai,44,100,16
W,25,10,3,log,24,50,9
S,25,10,868,2234
W,26,10,1,ctrl,33,300,2
D,26,10,11,0,0
W,26,10,2,ai,41,100,16
W,26,10,3,log,27,50,9
S,26,10,886,2042
W,27,10,1,ctrl,35,300,2
D,27,10,11,0,0
W,27,10,2,ai,44,100,16
W,27,10,3,log,22,50,9
S,27,10,855,1924
W,28,10,1,ctrl,28,300,2
D,28,10,11,0,0
W,28,10,2,ai,44,100,16
W,28,10,3,log,27,50,9
S,28,10,880,2361
W,29,10,1,ctrl,29,300,2
D,29,10,11,0,0
W,29,10,2,ai,42,100,16
W,29,10,3,log,28,50,9
S,29,10,886,2280
W,30,10,1,ctrl,31,300,2
D,30,10,11,0,0
W,30,10,2,ai,49,100,16
W,30,10,3,log,19,50,9
S,30,10,808,2127
W,31,10,1,ctrl,27,300,2
D,31,10,11,1,2
W,31,10,2,ai,45,100,16
W,31,10,3,log,23,50,9
S,31,10,860,2345
W,32,10,1,ctrl,28,300,2
D,32,10,11,0,0
W,32,10,2,ai,46,100,16
W,32,10,3,log,27,50,9
S,32,10,877,2404
W,33,10,1,ctrl,19,300,1
D,33,10,6,0,0
W,33,10,2,ai,19,100,1
W,33,10,3,log,11,50,1
S,33,10,877,1720
J,1,ctrl,1,360,9,17,3,1416,6850,2,13
# done
# RUN config=medlo alpha=10 rep=3/3
# prev_baseline_reset ngroups=3
# schedlab win=100 total=3600 groups=3
W,1,10,1,ctrl,43,300,1
D,1,10,18,0,0
W,1,10,2,ai,72,100,12
W,1,10,3,log,47,50,7
S,1,10,885,2513
W,2,10,1,ctrl,23,300,2
D,2,10,10,0,0
W,2,10,2,ai,49,100,16
W,2,10,3,log,23,50,8
S,2,10,847,2752
W,3,10,1,ctrl,26,300,1
D,3,10,11,0,0
W,3,10,2,ai,44,100,16
W,3,10,3,log,23,50,9
S,3,10,863,2387
W,4,10,1,ctrl,26,300,2
D,4,10,10,0,0
W,4,10,2,ai,46,100,16
W,4,10,3,log,26,50,9
S,4,10,873,2513
W,5,10,1,ctrl,36,300,2
D,5,10,11,1,6
W,5,10,2,ai,38,100,16
W,5,10,3,log,24,50,9
S,5,10,884,1814
W,6,10,1,ctrl,25,300,2
D,6,10,11,1,2
W,6,10,2,ai,46,100,16
W,6,10,3,log,22,50,9
S,6,10,849,2485
W,7,10,1,ctrl,27,300,1
D,7,10,11,1,1
W,7,10,2,ai,41,100,16
W,7,10,3,log,28,50,9
S,7,10,887,2370
W,8,10,1,ctrl,25,300,2
D,8,10,10,0,0
W,8,10,2,ai,44,100,16
W,8,10,3,log,24,50,9
S,8,10,869,2485
W,9,10,1,ctrl,32,300,1
D,9,10,11,1,2
W,9,10,2,ai,33,100,16
W,9,10,3,log,25,50,9
S,9,10,886,1876
W,10,10,1,ctrl,24,300,2
D,10,10,10,0,0
W,10,10,2,ai,43,100,16
W,10,10,3,log,28,50,9
S,10,10,884,2642
W,11,10,1,ctrl,30,300,1
D,11,10,11,1,1
W,11,10,2,ai,43,100,16
W,11,10,3,log,24,50,9
S,11,10,872,2155
W,12,10,1,ctrl,28,300,1
D,12,10,11,0,0
W,12,10,2,ai,42,100,16
W,12,10,3,log,28,50,9
S,12,10,886,2336
W,13,10,1,ctrl,26,300,2
D,13,10,10,0,0
W,13,10,2,ai,45,100,16
W,13,10,3,log,23,50,9
S,13,10,859,2413
W,14,10,1,ctrl,31,300,2
D,14,10,11,1,3
W,14,10,2,ai,42,100,16
W,14,10,3,log,28,50,9
S,14,10,886,2176
W,15,10,1,ctrl,31,300,2
D,15,10,11,1,1
W,15,10,2,ai,45,100,16
W,15,10,3,log,25,50,9
S,15,10,871,2176
W,16,10,1,ctrl,29,300,2
D,16,10,11,1,3
W,16,10,2,ai,43,100,16
W,16,10,3,log,26,50,9
S,16,10,879,2257
W,17,10,1,ctrl,33,300,2
D,17,10,11,1,3
W,17,10,2,ai,41,100,16
W,17,10,3,log,23,50,9
S,17,10,873,1958
W,18,10,1,ctrl,29,300,2
D,18,10,11,1,3
W,18,10,2,ai,45,100,16
W,18,10,3,log,26,50,9
S,18,10,876,2296
W,19,10,1,ctrl,31,300,2
D,19,10,11,1,3
W,19,10,2,ai,45,100,16
W,19,10,3,log,24,50,9
S,19,10,867,2148
W,20,10,1,ctrl,30,300,2
D,20,10,11,1,3
W,20,10,2,ai,43,100,16
W,20,10,3,log,27,50,9
S,20,10,884,2220
W,21,10,1,ctrl,26,300,1
D,21,10,11,1,1
W,21,10,2,ai,47,100,16
W,21,10,3,log,23,50,9
S,21,10,853,2466
W,22,10,1,ctrl,28,300,2
D,22,10,10,0,0
W,22,10,2,ai,42,100,16
W,22,10,3,log,29,50,9
S,22,10,887,2361
W,23,10,1,ctrl,33,300,2
D,23,10,11,1,5
W,23,10,2,ai,46,100,16
W,23,10,3,log,21,50,9
S,23,10,841,2018
W,24,10,1,ctrl,28,300,2
D,24,10,11,1,2
W,24,10,2,ai,45,100,16
W,24,10,3,log,26,50,9
S,24,10,875,2361
W,25,10,1,ctrl,27,300,1
D,25,10,11,1,1
W,25,10,2,ai,48,100,16
W,25,10,3,log,22,50,9
S,25,10,842,2395
W,26,10,1,ctrl,31,300,1
D,26,10,11,0,0
W,26,10,2,ai,45,100,16
W,26,10,3,log,22,50,9
S,26,10,853,2107
W,27,10,1,ctrl,25,300,2
D,27,10,10,0,0
W,27,10,2,ai,47,100,16
W,27,10,3,log,25,50,9
S,27,10,864,2591
W,28,10,1,ctrl,29,300,2
D,28,10,11,1,3
W,28,10,2,ai,44,100,16
W,28,10,3,log,27,50,9
S,28,10,882,2296
W,29,10,1,ctrl,29,300,2
D,29,10,11,1,4
W,29,10,2,ai,46,100,16
W,29,10,3,log,23,50,9
S,29,10,856,2257
W,30,10,1,ctrl,33,300,2
D,30,10,11,1,3
W,30,10,2,ai,42,100,16
W,30,10,3,log,28,50,9
S,30,10,886,2081
W,31,10,1,ctrl,34,300,2
D,31,10,11,1,5
W,31,10,2,ai,38,100,16
W,31,10,3,log,24,50,9
S,31,10,885,1881
W,32,10,1,ctrl,31,300,2
D,32,10,11,1,4
W,32,10,2,ai,45,100,16
W,32,10,3,log,22,50,9
S,32,10,853,2107
W,33,10,1,ctrl,24,300,1
D,33,10,8,1,6
W,33,10,2,ai,27,100,1
W,33,10,3,log,14,50,1
S,33,10,863,1804
J,1,ctrl,1,360,22,65,6,2357,16843,2,16
# done
# WARMUP config=medlo alpha=20
# prev_baseline_reset ngroups=3
# schedlab win=100 total=3600 groups=3
W,1,20,1,ctrl,40,300,1
D,1,20,18,0,0
W,1,20,2,ai,77,100,10
W,1,20,3,log,46,50,8
S,1,20,878,2718
W,2,20,1,ctrl,30,300,1
D,2,20,11,0,0
W,2,20,2,ai,41,100,15
W,2,20,3,log,24,50,8
S,2,20,877,2114
W,3,20,1,ctrl,24,300,1
D,3,20,11,0,0
W,3,20,2,ai,49,100,16
W,3,20,3,log,20,50,9
S,3,20,822,2581
W,4,20,1,ctrl,28,300,2
D,4,20,10,0,0
W,4,20,2,ai,46,100,16
W,4,20,3,log,26,50,9
S,4,20,874,2378
W,5,20,1,ctrl,36,300,2
D,5,20,11,1,5
W,5,20,2,ai,40,100,16
W,5,20,3,log,22,50,9
S,5,20,871,1814
W,6,20,1,ctrl,29,300,2
D,6,20,11,1,3
W,6,20,2,ai,46,100,16
W,6,20,3,log,24,50,9
S,6,20,862,2280
W,7,20,1,ctrl,27,300,2
D,7,20,11,1,2
W,7,20,2,ai,46,100,16
W,7,20,3,log,26,50,9
S,7,20,872,2448
W,8,20,1,ctrl,31,300,2
D,8,20,11,1,3
W,8,20,2,ai,41,100,16
W,8,20,3,log,26,50,9
S,8,20,884,2107
W,9,20,1,ctrl,29,300,2
D,9,20,11,0,0
W,9,20,2,ai,47,100,16
W,9,20,3,log,25,50,9
S,9,20,865,2320
W,10,20,1,ctrl,30,300,1
D,10,20,11,0,0
W,10,20,2,ai,42,100,16
W,10,20,3,log,21,50,9
S,10,20,856,2068
W,11,20,1,ctrl,32,300,1
D,11,20,11,0,0
W,11,20,2,ai,46,100,16
W,11,20,3,log,23,50,9
S,11,20,856,2107
W,12,20,1,ctrl,26,300,2
D,12,20,10,0,0
W,12,20,2,ai,43,100,16
W,12,20,3,log,27,50,9
S,12,20,882,2466
W,13,20,1,ctrl,25,300,1
D,13,20,11,0,0
W,13,20,2,ai,44,100,16
W,13,20,3,log,21,50,9
S,13,20,849,2404
W,14,20,1,ctrl,24,300,2
D,14,20,10,0,0
W,14,20,2,ai,46,100,16
W,14,20,3,log,26,50,9
S,14,20,872,2664
W,15,20,1,ctrl,32,300,2
D,15,20,11,1,2
W,15,20,2,ai,44,100,16
W,15,20,3,log,22,50,9
S,15,20,856,2042
W,16,20,1,ctrl,34,300,2
D,16,20,11,1,6
W,16,20,2,ai,40,100,16
W,16,20,3,log,22,50,9
S,16,20,871,1881
W,17,20,1,ctrl,34,300,2
D,17,20,11,1,2
W,17,20,2,ai,44,100,16
W,17,20,3,log,19,50,9
S,17,20,828,1902
W,18,20,1,ctrl,26,300,1
D,18,20,11,0,0
W,18,20,2,ai,46,100,16
W,18,20,3,log,23,50,9
S,18,20,857,2439
W,19,20,1,ctrl,31,300,1
D,19,20,11,0,0
W,19,20,2,ai,39,100,16
W,19,20,3,log,26,50,9
S,19,20,886,2068
W,20,20,1,ctrl,27,300,2
D,20,20,10,0,0
W,20,20,2,ai,47,100,16
W,20,20,3,log,21,50,9
S,20,20,838,2345
W,21,20,1,ctrl,34,300,2
D,21,20,11,1,4
W,21,20,2,ai,37,100,16
W,21,20,3,log,25,50,9
S,21,20,888,1881
W,22,20,1,ctrl,32,300,2
D,22,20,11,1,1
W,22,20,2,ai,44,100,16
W,22,20,3,log,28,50,9
S,22,20,884,2169
W,23,20,1,ctrl,32,300,2
D,23,20,11,1,4
W,23,20,2,ai,47,100,16
W,23,20,3,log,22,50,9
S,23,20,844,2107
W,24,20,1,ctrl,30,300,1
D,24,20,11,1,1
W,24,20,2,ai,37,100,16
W,24,20,3,log,24,50,9
S,24,20,885,2024
W,25,20,1,ctrl,28,300,1
D,25,20,11,0,0
W,25,20,2,ai,48,100,16
W,25,20,3,log,20,50,9
S,25,20,824,2288
W,26,20,1,ctrl,28,300,2
D,26,20,10,0,0
W,26,20,2,ai,43,100,16
W,26,20,3,log,28,50,9
S,26,20,884,2361
W,27,20,1,ctrl,29,300,2
D,27,20,11,1,1
W,27,20,2,ai,48,100,16
W,27,20,3,log,23,50,9
S,27,20,850,2296
W,28,20,1,ctrl,30,300,2
D,28,20,11,1,3
W,28,20,2,ai,44,100,16
W,28,20,3,log,23,50,9
S,28,20,863,2155
W,29,20,1,ctrl,30,300,2
D,29,20,11,1,2
W,29,20,2,ai,43,100,16
W,29,20,3,log,25,50,9
S,29,20,877,2176
W,30,20,1,ctrl,28,300,1
D,30,20,11,0,0
W,30,20,2,ai,43,100,16
W,30,20,3,log,21,50,9
S,30,20,853,2190
W,31,20,1,ctrl,32,300,2
D,31,20,10,0,0
W,31,20,2,ai,47,100,16
W,31,20,3,log,14,50,9
S,31,20,746,1936
W,32,20,1,ctrl,27,300,1
D,32,20,11,0,0
W,32,20,2,ai,47,100,16
W,32,20,3,log,22,50,9
S,32,20,846,2370
W,33,20,1,ctrl,17,300,1
D,33,20,7,0,0
W,33,20,2,ai,31,100,1
W,33,20,3,log,15,50,1
S,33,20,852,2475
J,1,ctrl,1,360,14,39,6,2055,12953,1,16
# done
# RUN config=medlo alpha=20 rep=1/3
# prev_baseline_reset ngroups=3
# schedlab win=100 total=3600 groups=3
W,1,20,1,ctrl,45,300,1
D,1,20,18,0,0
W,1,20,2,ai,75,100,14
W,1,20,3,log,49,50,9
S,1,20,884,2503
W,2,20,1,ctrl,24,300,2
D,2,20,10,0,0
W,2,20,2,ai,43,100,16
W,2,20,3,log,26,50,9
S,2,20,879,2581
W,3,20,1,ctrl,27,300,1
D,3,20,11,0,0
W,3,20,2,ai,44,100,16
W,3,20,3,log,23,50,9
S,3,20,863,2320
W,4,20,1,ctrl,26,300,2
D,4,20,10,0,0
W,4,20,2,ai,48,100,16
W,4,20,3,log,21,50,9
S,4,20,834,2439
W,5,20,1,ctrl,29,300,1
D,5,20,11,0,0
W,5,20,2,ai,45,100,16
W,5,20,3,log,24,50,9
S,5,20,865,2257
W,6,20,1,ctrl,28,300,2
D,6,20,10,0,0
W,6,20,2,ai,41,100,16
W,6,20,3,log,26,50,9
S,6,20,883,2265
W,7,20,1,ctrl,27,300,2
D,7,20,11,1,2
W,7,20,2,ai,48,100,16
W,7,20,3,log,22,50,9
S,7,20,842,2395
W,8,20,1,ctrl,26,300,1
D,8,20,11,0,0
W,8,20,2,ai,47,100,16
W,8,20,3,log,18,50,9
S,8,20,807,2336
W,9,20,1,ctrl,30,300,1
D,9,20,11,0,0
W,9,20,2,ai,41,100,16
W,9,20,3,log,26,50,9
S,9,20,884,2155
W,10,20,1,ctrl,23,300,2
D,10,20,10,0,0
W,10,20,2,ai,50,100,16
W,10,20,3,log,22,50,9
S,10,20,836,2752
W,11,20,1,ctrl,27,300,1
D,11,20,11,0,0
W,11,20,2,ai,40,100,16
W,11,20,3,log,25,50,9
S,11,20,882,2273
W,12,20,1,ctrl,29,300,1
D,12,20,11,0,0
W,12,20,2,ai,40,100,16
W,12,20,3,log,25,50,9
S,12,20,882,2162
W,13,20,1,ctrl,29,300,2
D,13,20,10,0,0
W,13,20,2,ai,44,100,16
W,13,20,3,log,21,50,9
S,13,20,849,2162
W,14,20,1,ctrl,29,300,1
D,14,20,11,0,0
W,14,20,2,ai,40,100,16
W,14,20,3,log,27,50,9
S,14,20,887,2205
W,15,20,1,ctrl,27,300,1
D,15,20,11,0,0
W,15,20,2,ai,46,100,16
W,15,20,3,log,22,50,9
S,15,20,849,2345
W,16,20,1,ctrl,31,300,1
D,16,20,11,0,0
W,16,20,2,ai,46,100,16
W,16,20,3,log,24,50,9
S,16,20,862,2176
W,17,20,1,ctrl,27,300,2
D,17,20,10,0,0
W,17,20,2,ai,46,100,16
W,17,20,3,log,26,50,9
S,17,20,872,2448
W,18,20,1,ctrl,29,300,1
D,18,20,11,0,0
W,18,20,2,ai,40,100,16
W,18,20,3,log,27,50,9
S,18,20,887,2205
W,19,20,1,ctrl,28,300,1
D,19,20,11,0,0
W,19,20,2,ai,43,100,16
W,19,20,3,log,23,50,9
S,19,20,865,2242
W,20,20,1,ctrl,27,300,2
D,20,20,10,0,0
W,20,20,2,ai,43,100,16
W,20,20,3,log,22,50,9
S,20,20,860,2273
W,21,20,1,ctrl,26,300,2
D,21,20,11,1,1
W,21,20,2,ai,46,100,16
W,21,20,3,log,29,50,9
S,21,20,883,2591
W,22,20,1,ctrl,34,300,1
D,22,20,12,1,7
W,22,20,2,ai,41,100,16
W,22,20,3,log,19,50,9
S,22,20,843,1844
W,23,20,1,ctrl,31,300,1
D,23,20,11,0,0
W,23,20,2,ai,41,100,16
W,23,20,3,log,27,50,9
S,23,20,886,2127
W,24,20,1,ctrl,25,300,2
D,24,20,10,0,0
W,24,20,2,ai,45,100,16
W,24,20,3,log,21,50,9
S,24,20,845,2430
W,25,20,1,ctrl,27,300,2
D,25,20,11,1,1
W,25,20,2,ai,46,100,16
W,25,20,3,log,28,50,9
S,25,20,880,2494
W,26,20,1,ctrl,32,300,2
D,26,20,11,1,4
W,26,20,2,ai,43,100,16
W,26,20,3,log,20,50,9
S,26,20,843,1982
W,27,20,1,ctrl,29,300,2
D,27,20,11,1,2
W,27,20,2,ai,43,100,16
W,27,20,3,log,26,50,9
S,27,20,879,2257
W,28,20,1,ctrl,33,300,2
D,28,20,11,1,2
W,28,20,2,ai,46,100,16
W,28,20,3,log,22,50,9
S,28,20,848,2042
W,29,20,1,ctrl,26,300,2
D,29,20,11,1,2
W,29,20,2,ai,43,100,16
W,29,20,3,log,27,50,9
S,29,20,882,2466
W,30,20,1,ctrl,31,300,2
D,30,20,11,1,4
W,30,20,2,ai,41,100,16
W,30,20,3,log,22,50,9
S,30,20,867,2024
W,31,20,1,ctrl,26,300,2
D,31,20,11,1,2
W,31,20,2,ai,47,100,16
W,31,20,3,log,25,50,9
S,31,20,865,2513
W,32,20,1,ctrl,30,300,1
D,32,20,11,1,2
W,32,20,2,ai,41,100,16
W,32,20,3,log,23,50,9
S,32,20,873,2087
W,33,20,1,ctrl,23,300,1
D,33,20,8,0,0
W,33,20,2,ai,30,100,1
W,33,20,3,log,17,50,1
S,33,20,873,2030
J,1,ctrl,1,360,11,29,7,2027,12445,2,17
# done
# RUN config=medlo alpha=20 rep=2/3
# prev_baseline_reset ngroups=3
# schedlab win=100 total=3600 groups=3
W,1,20,1,ctrl,45,300,1
D,1,20,18,1,3
W,1,20,2,ai,76,100,9
W,1,20,3,log,42,50,8
S,1,20,870,2413
W,2,20,1,ctrl,27,300,1
D,2,20,11,0,0
W,2,20,2,ai,48,100,13
W,2,20,3,log,22,50,9
S,2,20,842,2395
W,3,20,1,ctrl,29,300,2
D,3,20,10,0,0
W,3,20,2,ai,44,100,16
W,3,20,3,log,26,50,9
S,3,20,877,2280
W,4,20,1,ctrl,30,300,2
D,4,20,11,1,4
W,4,20,2,ai,45,100,16
W,4,20,3,log,20,50,9
S,4,20,835,2114
W,5,20,1,ctrl,27,300,2
D,5,20,11,1,2
W,5,20,2,ai,42,100,16
W,5,20,3,log,28,50,9
S,5,20,885,2395
W,6,20,1,ctrl,29,300,2
D,6,20,11,1,2
W,6,20,2,ai,48,100,16
W,6,20,3,log,23,50,9
S,6,20,850,2296
W,7,20,1,ctrl,26,300,2
D,7,20,11,1,2
W,7,20,2,ai,45,100,16
W,7,20,3,log,24,50,9
S,7,20,865,2439
W,8,20,1,ctrl,27,300,1
D,8,20,11,0,0
W,8,20,2,ai,46,100,16
W,8,20,3,log,22,50,9
S,8,20,849,2345
W,9,20,1,ctrl,33,300,1
D,9,20,11,0,0
W,9,20,2,ai,40,100,16
W,9,20,3,log,22,50,9
S,9,20,871,1919
W,10,20,1,ctrl,33,300,1
D,10,20,11,0,0
W,10,20,2,ai,38,100,16
W,10,20,3,log,25,50,9
S,10,20,886,1941
W,11,20,1,ctrl,25,300,2
D,11,20,10,0,0
W,11,20,2,ai,46,100,16
W,11,20,3,log,25,50,9
S,11,20,868,2561
W,12,20,1,ctrl,33,300,2
D,12,20,11,1,2
W,12,20,2,ai,41,100,16
W,12,20,3,log,24,50,9
S,12,20,877,1982
W,13,20,1,ctrl,33,300,2
D,13,20,11,1,2
W,13,20,2,ai,41,100,16
W,13,20,3,log,25,50,9
S,13,20,881,2000
W,14,20,1,ctrl,28,300,2
D,14,20,11,1,3
W,14,20,2,ai,48,100,16
W,14,20,3,log,21,50,9
S,14,20,833,2312
W,15,20,1,ctrl,26,300,2
D,15,20,11,1,2
W,15,20,2,ai,48,100,16
W,15,20,3,log,25,50,9
S,15,20,862,2541
W,16,20,1,ctrl,28,300,1
D,16,20,11,0,0
W,16,20,2,ai,40,100,16
W,16,20,3,log,24,50,9
S,16,20,879,2190
W,17,20,1,ctrl,26,300,2
D,17,20,10,0,0
W,17,20,2,ai,41,100,16
W,17,20,3,log,24,50,9
S,17,20,876,2336
W,18,20,1,ctrl,28,300,2
D,18,20,11,1,2
W,18,20,2,ai,47,100,16
W,18,20,3,log,26,50,9
S,18,20,870,2404
W,19,20,1,ctrl,23,300,2
D,19,20,11,0,0
W,19,20,2,ai,45,100,16
W,19,20,3,log,24,50,9
S,19,20,865,2664
W,20,20,1,ctrl,24,300,1
D,20,20,11,0,0
W,20,20,2,ai,42,100,16
W,20,20,3,log,24,50,9
S,20,20,873,2503
W,21,20,1,ctrl,30,300,2
D,21,20,10,0,0
W,21,20,2,ai,44,100,16
W,21,20,3,log,21,50,9
S,21,20,849,2114
W,22,20,1,ctrl,28,300,2
D,22,20,11,1,2
W,22,20,2,ai,44,100,16
W,22,20,3,log,22,50,9
S,22,20,857,2242
W,23,20,1,ctrl,29,300,2
D,23,20,11,1,4
W,23,20,2,ai,41,100,16
W,23,20,3,log,26,50,9
S,23,20,884,2205
W,24,20,1,ctrl,31,300,1
D,24,20,11,0,0
W,24,20,2,ai,44,100,16
W,24,20,3,log,22,50,9
S,24,20,856,2087
W,25,20,1,ctrl,33,300,1
D,25,20,11,0,0
W,25,20,2,ai,44,100,16
W,25,20,3,log,20,50,9
S,25,20,840,1958
W,26,20,1,ctrl,34,300,1
D,26,20,11,0,0
W,26,20,2,ai,37,100,16
W,26,20,3,log,24,50,9
S,26,20,885,1865
W,27,20,1,ctrl,32,300,1
D,27,20,11,0,0
W,27,20,2,ai,46,100,16
W,27,20,3,log,24,50,9
S,27,20,863,2127
W,28,20,1,ctrl,29,300,1
D,28,20,11,0,0
W,28,20,2,ai,47,100,16
W,28,20,3,log,20,50,9
S,28,20,828,2205
W,29,20,1,ctrl,33,300,1
D,29,20,11,0,0
W,29,20,2,ai,39,100,16
W,29,20,3,log,25,50,9
S,29,20,885,1958
W,30,20,1,ctrl,31,300,1
D,30,20,11,0,0
W,30,20,2,ai,45,100,16
W,30,20,3,log,22,50,9
S,30,20,853,2107
W,31,20,1,ctrl,27,300,2
D,31,20,10,0,0
W,31,20,2,ai,47,100,16
W,31,20,3,log,25,50,9
S,31,20,865,2448
W,32,20,1,ctrl,33,300,2
D,32,20,11,1,5
W,32,20,2,ai,37,100,16
W,32,20,3,log,24,50,9
S,32,20,886,1897
W,33,20,1,ctrl,17,300,1
D,33,20,6,1,1
W,33,20,2,ai,24,100,1
W,33,20,3,log,10,50,1
S,33,20,823,2000
J,1,ctrl,1,360,14,36,5,2067,12957,2,15
# done
# RUN config=medlo alpha=20 rep=3/3
# prev_baseline_reset ngroups=3
# schedlab win=100 total=3600 groups=3
W,1,20,1,ctrl,47,300,1
D,1,20,18,1,2
W,1,20,2,ai,72,100,11
W,1,20,3,log,42,50,6
S,1,20,876,2288
W,2,20,1,ctrl,31,300,1
D,2,20,10,0,0
W,2,20,2,ai,42,100,12
W,2,20,3,log,20,50,9
S,2,20,849,2000
W,3,20,1,ctrl,27,300,1
D,3,20,11,0,0
W,3,20,2,ai,44,100,16
W,3,20,3,log,22,50,9
S,3,20,856,2296
W,4,20,1,ctrl,29,300,2
D,4,20,10,0,0
W,4,20,2,ai,44,100,16
W,4,20,3,log,25,50,9
S,4,20,873,2257
W,5,20,1,ctrl,24,300,1
D,5,20,11,0,0
W,5,20,2,ai,43,100,16
W,5,20,3,log,24,50,9
S,5,20,870,2532
W,6,20,1,ctrl,22,300,2
D,6,20,10,0,0
W,6,20,2,ai,46,100,16
W,6,20,3,log,21,50,9
S,6,20,841,2696
W,7,20,1,ctrl,31,300,1
D,7,20,11,0,0
W,7,20,2,ai,43,100,16
W,7,20,3,log,19,50,9
S,7,20,834,2000
W,8,20,1,ctrl,33,300,2
D,8,20,11,1,2
W,8,20,2,ai,43,100,16
W,8,20,3,log,22,50,9
S,8,20,860,1982
W,9,20,1,ctrl,28,300,2
D,9,20,11,1,1
W,9,20,2,ai,43,100,16
W,9,20,3,log,28,50,9
S,9,20,884,2361
W,10,20,1,ctrl,27,300,2
D,10,20,11,0,0
W,10,20,2,ai,48,100,16
W,10,20,3,log,20,50,9
S,10,20,825,2345
W,11,20,1,ctrl,29,300,2
D,11,20,11,1,1
W,11,20,2,ai,42,100,16
W,11,20,3,log,27,50,9
S,11,20,884,2257
W,12,20,1,ctrl,30,300,2
D,12,20,11,0,0
W,12,20,2,ai,49,100,16
W,12,20,3,log,22,50,9
S,12,20,838,2242
W,13,20,1,ctrl,24,300,2
D,13,20,11,0,0
W,13,20,2,ai,44,100,16
W,13,20,3,log,26,50,9
S,13,20,877,2611
W,14,20,1,ctrl,32,300,2
D,14,20,11,1,2
W,14,20,2,ai,47,100,16
W,14,20,3,log,22,50,9
S,14,20,844,2107
W,15,20,1,ctrl,27,300,1
D,15,20,11,0,0
W,15,20,2,ai,39,100,16
W,15,20,3,log,24,50,9
S,15,20,882,2220
W,16,20,1,ctrl,27,300,1
D,16,20,11,0,0
W,16,20,2,ai,41,100,16
W,16,20,3,log,28,50,9
S,16,20,887,2370
W,17,20,1,ctrl,24,300,2
D,17,20,10,0,0
W,17,20,2,ai,48,100,16
W,17,20,3,log,23,50,9
S,17,20,850,2642
W,18,20,1,ctrl,26,300,2
D,18,20,11,1,1
W,18,20,2,ai,47,100,16
W,18,20,3,log,24,50,9
S,18,20,860,2485
W,19,20,1,ctrl,29,300,2
D,19,20,11,1,2
W,19,20,2,ai,45,100,16
W,19,20,3,log,21,50,9
S,19,20,845,2183
W,20,20,1,ctrl,28,300,2
D,20,20,11,0,0
W,20,20,2,ai,41,100,16
W,20,20,3,log,28,50,9
S,20,20,887,2312
W,21,20,1,ctrl,31,300,2
D,21,20,11,0,0
W,21,20,2,ai,45,100,16
W,21,20,3,log,20,50,9
S,21,20,835,2068
W,22,20,1,ctrl,29,300,2
D,22,20,11,0,0
W,22,20,2,ai,48,100,16
W,22,20,3,log,21,50,9
S,22,20,833,2257
W,23,20,1,ctrl,35,300,2
D,23,20,11,1,1
W,23,20,2,ai,41,100,16
W,23,20,3,log,24,50,9
S,23,20,879,1902
W,24,20,1,ctrl,29,300,2
D,24,20,11,0,0
W,24,20,2,ai,45,100,16
W,24,20,3,log,25,50,9
S,24,20,870,2280
W,25,20,1,ctrl,26,300,2
D,25,20,11,0,0
W,25,20,2,ai,41,100,16
W,25,20,3,log,27,50,9
S,25,20,886,2413
W,26,20,1,ctrl,28,300,2
D,26,20,10,0,0
W,26,20,2,ai,44,100,16
W,26,20,3,log,23,50,9
S,26,20,863,2265
W,27,20,1,ctrl,24,300,2
D,27,20,11,0,0
W,27,20,2,ai,41,100,16
W,27,20,3,log,26,50,9
S,27,20,882,2532
W,28,20,1,ctrl,31,300,2
D,28,20,11,1,3
W,28,20,2,ai,37,100,16
W,28,20,3,log,25,50,9
S,28,20,887,2000
W,29,20,1,ctrl,29,300,2
D,29,20,11,1,3
W,29,20,2,ai,43,100,16
W,29,20,3,log,21,50,9
S,29,20,852,2141
W,30,20,1,ctrl,24,300,1
D,30,20,11,0,0
W,30,20,2,ai,46,100,16
W,30,20,3,log,21,50,9
S,30,20,841,2532
W,31,20,1,ctrl,32,300,1
D,31,20,11,0,0
W,31,20,2,ai,39,100,16
W,31,20,3,log,24,50,9
S,31,20,882,1982
W,32,20,1,ctrl,28,300,1
D,32,20,11,0,0
W,32,20,2,ai,44,100,16
W,32,20,3,log,21,50,9
S,32,20,849,2212
W,33,20,1,ctrl,16,300,1
D,33,20,5,0,0
W,33,20,2,ai,21,100,1
W,33,20,3,log,13,50,1
S,33,20,883,2081
J,1,ctrl,1,359,10,18,3,1401,6711,2,13
# done
# WARMUP config=medlo alpha=30
# prev_baseline_reset ngroups=3
# schedlab win=100 total=3600 groups=3
W,1,30,1,ctrl,43,300,1
D,1,30,18,0,0
W,1,30,2,ai,66,100,10
W,1,30,3,log,41,50,7
S,1,30,882,2328
W,2,30,1,ctrl,23,300,2
D,2,30,10,0,0
W,2,30,2,ai,58,200,16
W,2,30,3,log,16,50,9
S,2,30,815,2299
W,3,30,1,ctrl,22,300,1
D,3,30,11,0,0
W,3,30,2,ai,57,200,16
W,3,30,3,log,14,50,9
S,3,30,790,2309
W,4,30,1,ctrl,25,300,2
D,4,30,10,0,0
W,4,30,2,ai,57,200,16
W,4,30,3,log,13,50,9
S,4,30,772,2072
W,5,30,1,ctrl,19,300,1
D,5,30,11,0,0
W,5,30,2,ai,54,200,16
W,5,30,3,log,16,50,9
S,5,30,829,2558
W,6,30,1,ctrl,26,300,1
D,6,30,11,0,0
W,6,30,2,ai,55,200,16
W,6,30,3,log,15,50,9
S,6,30,815,2018
W,7,30,1,ctrl,31,300,1
D,7,30,11,0,0
W,7,30,2,ai,56,200,16
W,7,30,3,log,12,50,9
S,7,30,754,1741
W,8,30,1,ctrl,24,300,2
D,8,30,10,0,0
W,8,30,2,ai,55,200,16
W,8,30,3,log,16,50,9
S,8,30,828,2162
W,9,30,1,ctrl,24,300,1
D,9,30,11,0,0
W,9,30,2,ai,52,200,16
W,9,30,3,log,13,50,9
S,9,30,795,2026
W,10,30,1,ctrl,27,300,1
D,10,30,11,0,0
W,10,30,2,ai,56,200,16
W,10,30,3,log,12,50,9
S,10,30,756,1919
W,11,30,1,ctrl,28,300,2
D,11,30,10,0,0
W,11,30,2,ai,52,200,16
W,11,30,3,log,15,50,9
S,11,30,828,1853
W,12,30,1,ctrl,28,300,2
D,12,30,11,1,3
W,12,30,2,ai,56,200,16
W,12,30,3,log,16,50,9
S,12,30,828,1946
W,13,30,1,ctrl,27,300,2
D,13,30,11,1,2
W,13,30,2,ai,56,200,16
W,13,30,3,log,15,50,9
S,13,30,812,1981
W,14,30,1,ctrl,29,300,2
D,14,30,11,1,2
W,14,30,2,ai,57,200,16
W,14,30,3,log,15,50,9
S,14,30,807,1898
W,15,30,1,ctrl,25,300,2
D,15,30,11,1,1
W,15,30,2,ai,58,200,16
W,15,30,3,log,15,50,9
S,15,30,803,2137
W,16,30,1,ctrl,28,300,2
D,16,30,11,1,2
W,16,30,2,ai,48,200,16
W,16,30,3,log,17,50,9
S,16,30,871,1810
W,17,30,1,ctrl,29,300,2
D,17,30,11,1,2
W,17,30,2,ai,56,200,16
W,17,30,3,log,13,50,9
S,17,30,774,1847
W,18,30,1,ctrl,24,300,2
D,18,30,11,1,2
W,18,30,2,ai,56,200,16
W,18,30,3,log,14,50,9
S,18,30,793,2137
W,19,30,1,ctrl,29,300,2
D,19,30,11,1,2
W,19,30,2,ai,54,200,16
W,19,30,3,log,14,50,9
S,19,30,804,1828
W,20,30,1,ctrl,30,300,2
D,20,30,11,1,2
W,20,30,2,ai,55,200,16
W,20,30,3,log,12,50,9
S,20,30,757,1763
W,21,30,1,ctrl,28,300,2
D,21,30,11,1,3
W,21,30,2,ai,57,200,16
W,21,30,3,log,14,50,9
S,21,30,790,1932
W,22,30,1,ctrl,32,300,1
D,22,30,12,2,10
W,22,30,2,ai,49,200,16
W,22,30,3,log,17,50,9
S,22,30,872,1671
W,23,30,1,ctrl,25,300,2
D,23,30,10,0,0
W,23,30,2,ai,54,200,16
W,23,30,3,log,15,50,9
S,23,30,818,2056
W,24,30,1,ctrl,32,300,2
D,24,30,11,1,3
W,24,30,2,ai,56,200,16
W,24,30,3,log,15,50,9
S,24,30,812,1758
W,25,30,1,ctrl,34,300,1
D,25,30,12,1,7
W,25,30,2,ai,56,200,16
W,25,30,3,log,9,50,9
S,25,30,666,1588
W,26,30,1,ctrl,33,300,1
D,26,30,11,0,0
W,26,30,2,ai,53,200,16
W,26,30,3,log,14,50,9
S,26,30,811,1651
W,27,30,1,ctrl,23,300,1
D,27,30,11,0,0
W,27,30,2,ai,54,200,16
W,27,30,3,log,14,50,9
S,27,30,802,2162
W,28,30,1,ctrl,27,300,2
D,28,30,10,0,0
W,28,30,2,ai,58,200,16
W,28,30,3,log,13,50,9
S,28,30,767,1981
W,29,30,1,ctrl,28,300,2
D,29,30,11,1,4
W,29,30,2,ai,56,200,16
W,29,30,3,log,14,50,9
S,29,30,793,1912
W,30,30,1,ctrl,32,300,2
D,30,30,11,1,4
W,30,30,2,ai,48,200,16
W,30,30,3,log,15,50,9
S,30,30,852,1622
W,31,30,1,ctrl,25,300,1
D,31,30,11,0,0
W,31,30,2,ai,54,200,16
W,31,30,3,log,15,50,9
S,31,30,818,2056
W,32,30,1,ctrl,34,300,1
D,32,30,11,0,0
W,32,30,2,ai,56,200,16
W,32,30,3,log,8,50,9
S,32,30,695,1575
W,33,30,1,ctrl,12,300,1
D,33,30,4,0,0
W,33,30,2,ai,20,100,1
W,33,30,3,log,8,50,1
S,33,30,817,2220
J,1,ctrl,1,359,16,49,9,2065,13227,1,19
# done
# RUN config=medlo alpha=30 rep=1/3
# prev_baseline_reset ngroups=3
# schedlab win=100 total=3600 groups=3
W,1,30,1,ctrl,38,300,1
D,1,30,18,0,0
W,1,30,2,ai,84,200,11
W,1,30,3,log,33,50,5
S,1,30,878,2224
W,2,30,1,ctrl,27,300,1
D,2,30,11,0,0
W,2,30,2,ai,54,200,16
W,2,30,3,log,12,50,9
S,2,30,765,1879
W,3,30,1,ctrl,30,300,2
D,3,30,10,0,0
W,3,30,2,ai,55,200,16
W,3,30,3,log,11,50,9
S,3,30,734,1746
W,4,30,1,ctrl,24,300,1
D,4,30,11,1,1
W,4,30,2,ai,50,200,16
W,4,30,3,log,17,50,9
S,4,30,859,2072
W,5,30,1,ctrl,30,300,2
D,5,30,10,0,0
W,5,30,2,ai,44,200,16
W,5,30,3,log,12,50,9
S,5,30,819,1566
W,6,30,1,ctrl,25,300,1
D,6,30,11,0,0
W,6,30,2,ai,50,200,16
W,6,30,3,log,17,50,9
S,6,30,860,2011
W,7,30,1,ctrl,27,300,1
D,7,30,11,0,0
W,7,30,2,ai,55,200,16
W,7,30,3,log,14,50,9
S,7,30,798,1939
W,8,30,1,ctrl,25,300,2
D,8,30,10,0,0
W,8,30,2,ai,56,200,16
W,8,30,3,log,14,50,9
S,8,30,794,2072
W,9,30,1,ctrl,28,300,1
D,9,30,11,0,0
W,9,30,2,ai,47,200,16
W,9,30,3,log,17,50,9
S,9,30,874,1792
W,10,30,1,ctrl,27,300,1
D,10,30,11,1,1
W,10,30,2,ai,50,200,16
W,10,30,3,log,11,50,9
S,10,30,761,1781
W,11,30,1,ctrl,32,300,2
D,11,30,10,0,0
W,11,30,2,ai,54,200,16
W,11,30,3,log,13,50,9
S,11,30,784,1687
W,12,30,1,ctrl,26,300,1
D,12,30,11,0,0
W,12,30,2,ai,49,200,16
W,12,30,3,log,14,50,9
S,12,30,828,1866
W,13,30,1,ctrl,25,300,2
D,13,30,10,0,0
W,13,30,2,ai,54,200,16
W,13,30,3,log,14,50,9
S,13,30,802,2033
W,14,30,1,ctrl,31,300,1
D,14,30,12,1,7
W,14,30,2,ai,52,200,16
W,14,30,3,log,13,50,9
S,14,30,794,1692
W,15,30,1,ctrl,23,300,2
D,15,30,10,0,0
W,15,30,2,ai,53,200,16
W,15,30,3,log,16,50,9
S,15,30,835,2180
W,16,30,1,ctrl,23,300,1
D,16,30,11,0,0
W,16,30,2,ai,55,200,16
W,16,30,3,log,12,50,9
S,16,30,763,2137
W,17,30,1,ctrl,23,300,2
D,17,30,10,0,0
W,17,30,2,ai,54,200,16
W,17,30,3,log,13,50,9
S,17,30,785,2137
W,18,30,1,ctrl,32,300,2
D,18,30,11,1,4
W,18,30,2,ai,49,200,16
W,18,30,3,log,17,50,9
S,18,30,872,1671
W,19,30,1,ctrl,28,300,2
D,19,30,11,1,1
W,19,30,2,ai,57,200,16
W,19,30,3,log,14,50,9
S,19,30,790,1932
W,20,30,1,ctrl,26,300,1
D,20,30,11,1,2
W,20,30,2,ai,53,200,16
W,20,30,3,log,14,50,9
S,20,30,807,1953
W,21,30,1,ctrl,23,300,1
D,21,30,11,0,0
W,21,30,2,ai,54,200,16
W,21,30,3,log,15,50,9
S,21,30,819,2180
W,22,30,1,ctrl,25,300,1
D,22,30,11,0,0
W,22,30,2,ai,53,200,16
W,22,30,3,log,15,50,9
S,22,30,823,2033
W,23,30,1,ctrl,28,300,2
D,23,30,10,0,0
W,23,30,2,ai,57,200,16
W,23,30,3,log,11,50,9
S,23,30,729,1872
W,24,30,1,ctrl,30,300,2
D,24,30,11,1,4
W,24,30,2,ai,51,200,16
W,24,30,3,log,12,50,9
S,24,30,779,1692
W,25,30,1,ctrl,24,300,2
D,25,30,11,1,4
W,25,30,2,ai,55,200,16
W,25,30,3,log,14,50,9
S,25,30,798,2112
W,26,30,1,ctrl,25,300,1
D,26,30,11,0,0
W,26,30,2,ai,54,200,16
W,26,30,3,log,15,50,9
S,26,30,818,2056
W,27,30,1,ctrl,24,300,1
D,27,30,11,0,0
W,27,30,2,ai,54,200,16
W,27,30,3,log,14,50,9
S,27,30,803,2096
W,28,30,1,ctrl,27,300,2
D,28,30,10,0,0
W,28,30,2,ai,54,200,16
W,28,30,3,log,15,50,9
S,28,30,820,1939
W,29,30,1,ctrl,27,300,2
D,29,30,11,1,2
W,29,30,2,ai,53,200,16
W,29,30,3,log,14,50,9
S,29,30,807,1898
W,30,30,1,ctrl,28,300,2
D,30,30,11,1,3
W,30,30,2,ai,56,200,16
W,30,30,3,log,16,50,9
S,30,30,828,1946
W,31,30,1,ctrl,32,300,2
D,31,30,11,1,2
W,31,30,2,ai,51,200,16
W,31,30,3,log,15,50,9
S,31,30,838,1671
W,32,30,1,ctrl,27,300,2
D,32,30,11,1,1
W,32,30,2,ai,59,200,16
W,32,30,3,log,12,50,9
S,32,30,744,1981
W,33,30,1,ctrl,23,300,1
D,33,30,9,0,0
W,33,30,2,ai,40,100,1
W,33,30,3,log,11,50,1
S,33,30,735,2148
J,1,ctrl,1,360,12,32,7,2090,13180,2,17
# done
# RUN config=medlo alpha=30 rep=2/3
# prev_baseline_reset ngroups=3
# schedlab win=100 total=3600 groups=3
W,1,30,1,ctrl,38,300,1
D,1,30,18,0,0
W,1,30,2,ai,89,200,15
W,1,30,3,log,32,50,6
S,1,30,866,2289
W,2,30,1,ctrl,22,300,2
D,2,30,10,0,0
W,2,30,2,ai,56,200,16
W,2,30,3,log,14,50,9
S,2,30,795,2280
W,3,30,1,ctrl,27,300,2
D,3,30,11,1,5
W,3,30,2,ai,54,200,16
W,3,30,3,log,14,50,9
S,3,30,804,1919
W,4,30,1,ctrl,20,300,2
D,4,30,11,1,3
W,4,30,2,ai,58,200,16
W,4,30,3,log,14,50,9
S,4,30,787,2511
W,5,30,1,ctrl,22,300,1
D,5,30,11,0,0
W,5,30,2,ai,52,200,16
W,5,30,3,log,14,50,9
S,5,30,812,2180
W,6,30,1,ctrl,27,300,1
D,6,30,11,0,0
W,6,30,2,ai,50,200,16
W,6,30,3,log,17,50,9
S,6,30,862,1898
W,7,30,1,ctrl,23,300,2
D,7,30,10,0,0
W,7,30,2,ai,53,200,16
W,7,30,3,log,12,50,9
S,7,30,771,2088
W,8,30,1,ctrl,28,300,2
D,8,30,11,1,2
W,8,30,2,ai,54,200,16
W,8,30,3,log,14,50,9
S,8,30,802,1872
W,9,30,1,ctrl,26,300,2
D,9,30,11,1,2
W,9,30,2,ai,57,200,16
W,9,30,3,log,14,50,9
S,9,30,790,2033
W,10,30,1,ctrl,27,300,2
D,10,30,11,1,5
W,10,30,2,ai,53,200,16
W,10,30,3,log,13,50,9
S,10,30,789,1879
W,11,30,1,ctrl,29,300,2
D,11,30,11,1,2
W,11,30,2,ai,58,200,16
W,11,30,3,log,13,50,9
S,11,30,768,1879
W,12,30,1,ctrl,27,300,2
D,12,30,11,1,2
W,12,30,2,ai,51,200,16
W,12,30,3,log,17,50,9
S,12,30,858,1919
W,13,30,1,ctrl,31,300,2
D,13,30,11,1,4
W,13,30,2,ai,51,200,16
W,13,30,3,log,13,50,9
S,13,30,799,1671
W,14,30,1,ctrl,23,300,2
D,14,30,11,1,1
W,14,30,2,ai,59,200,16
W,14,30,3,log,13,50,9
S,14,30,765,2252
W,15,30,1,ctrl,21,300,1
D,15,30,11,1,1
W,15,30,2,ai,54,200,16
W,15,30,3,log,13,50,9
S,15,30,785,2289
W,16,30,1,ctrl,28,300,1
D,16,30,11,0,0
W,16,30,2,ai,57,200,16
W,16,30,3,log,11,50,9
S,16,30,729,1872
W,17,30,1,ctrl,25,300,1
D,17,30,11,0,0
W,17,30,2,ai,50,200,16
W,17,30,3,log,17,50,9
S,17,30,860,2011
W,18,30,1,ctrl,28,300,2
D,18,30,10,0,0
W,18,30,2,ai,54,200,16
W,18,30,3,log,13,50,9
S,18,30,784,1853
W,19,30,1,ctrl,25,300,2
D,19,30,11,1,2
W,19,30,2,ai,58,200,16
W,19,30,3,log,13,50,9
S,19,30,768,2096
W,20,30,1,ctrl,27,300,2
D,20,30,11,1,3
W,20,30,2,ai,55,200,16
W,20,30,3,log,13,50,9
S,20,30,779,1919
W,21,30,1,ctrl,32,300,2
D,21,30,11,1,2
W,21,30,2,ai,53,200,16
W,21,30,3,log,12,50,9
S,21,30,765,1656
W,22,30,1,ctrl,25,300,1
D,22,30,11,0,0
W,22,30,2,ai,53,200,16
W,22,30,3,log,12,50,9
S,22,30,770,1967
W,23,30,1,ctrl,22,300,2
D,23,30,10,0,0
W,23,30,2,ai,55,200,16
W,23,30,3,log,14,50,9
S,23,30,797,2261
W,24,30,1,ctrl,24,300,1
D,24,30,11,0,0
W,24,30,2,ai,50,200,16
W,24,30,3,log,13,50,9
S,24,30,803,1981
W,25,30,1,ctrl,27,300,1
D,25,30,11,0,0
W,25,30,2,ai,52,200,16
W,25,30,3,log,14,50,9
S,25,30,813,1879
W,26,30,1,ctrl,28,300,1
D,26,30,11,0,0
W,26,30,2,ai,59,200,16
W,26,30,3,log,12,50,9
S,26,30,744,1932
W,27,30,1,ctrl,24,300,1
D,27,30,11,0,0
W,27,30,2,ai,56,200,16
W,27,30,3,log,12,50,9
S,27,30,758,2096
W,28,30,1,ctrl,26,300,1
D,28,30,11,0,0
W,28,30,2,ai,54,200,16
W,28,30,3,log,14,50,9
S,28,30,802,1974
W,29,30,1,ctrl,25,300,2
D,29,30,10,0,0
W,29,30,2,ai,54,200,16
W,29,30,3,log,13,50,9
S,29,30,785,2011
W,30,30,1,ctrl,27,300,1
D,30,30,11,0,0
W,30,30,2,ai,48,200,16
W,30,30,3,log,15,50,9
S,30,30,848,1816
W,31,30,1,ctrl,30,300,1
D,31,30,11,0,0
W,31,30,2,ai,48,200,16
W,31,30,3,log,15,50,9
S,31,30,851,1692
W,32,30,1,ctrl,23,300,2
D,32,30,10,0,0
W,32,30,2,ai,56,200,16
W,32,30,3,log,11,50,9
S,32,30,739,2137
W,33,30,1,ctrl,18,300,1
D,33,30,7,0,0
W,33,30,2,ai,33,100,1
W,33,30,3,log,6,50,1
S,33,30,677,2114
J,1,ctrl,1,360,13,34,5,2079,13041,1,15
# done
# RUN config=medlo alpha=30 rep=3/3
# prev_baseline_reset ngroups=3
# schedlab win=100 total=3600 groups=3
W,1,30,1,ctrl,36,300,1
D,1,30,18,0,0
W,1,30,2,ai,79,100,9
W,1,30,3,log,42,50,7
S,1,30,865,2908
W,2,30,1,ctrl,26,300,2
D,2,30,10,0,0
W,2,30,2,ai,47,200,12
W,2,30,3,log,18,50,9
S,2,30,879,1912
W,3,30,1,ctrl,28,300,1
D,3,30,11,0,0
W,3,30,2,ai,50,200,13
W,3,30,3,log,12,50,9
S,3,30,784,1752
W,4,30,1,ctrl,24,300,2
D,4,30,10,0,0
W,4,30,2,ai,56,200,16
W,4,30,3,log,14,50,9
S,4,30,793,2137
W,5,30,1,ctrl,26,300,2
D,5,30,11,1,3
W,5,30,2,ai,50,200,16
W,5,30,3,log,17,50,9
S,5,30,861,1953
W,6,30,1,ctrl,30,300,1
D,6,30,11,0,0
W,6,30,2,ai,52,200,16
W,6,30,3,log,14,50,9
S,6,30,813,1746
W,7,30,1,ctrl,26,300,1
D,7,30,11,0,0
W,7,30,2,ai,55,200,16
W,7,30,3,log,14,50,9
S,7,30,799,1996
W,8,30,1,ctrl,21,300,2
D,8,30,10,0,0
W,8,30,2,ai,58,200,16
W,8,30,3,log,9,50,9
S,8,30,692,2289
W,9,30,1,ctrl,22,300,1
D,9,30,11,1,1
W,9,30,2,ai,51,200,16
W,9,30,3,log,17,50,9
S,9,30,854,2233
W,10,30,1,ctrl,26,300,1
D,10,30,11,0,0
W,10,30,2,ai,59,200,16
W,10,30,3,log,9,50,9
S,10,30,679,1974
W,11,30,1,ctrl,24,300,2
D,11,30,10,0,0
W,11,30,2,ai,56,200,16
W,11,30,3,log,14,50,9
S,11,30,793,2137
W,12,30,1,ctrl,24,300,2
D,12,30,11,1,4
W,12,30,2,ai,52,200,16
W,12,30,3,log,17,50,9
S,12,30,852,2112
W,13,30,1,ctrl,28,300,1
D,13,30,11,1,1
W,13,30,2,ai,54,200,16
W,13,30,3,log,15,50,9
S,13,30,820,1892
W,14,30,1,ctrl,20,300,2
D,14,30,10,0,0
W,14,30,2,ai,56,200,16
W,14,30,3,log,15,50,9
S,14,30,808,2488
W,15,30,1,ctrl,32,300,2
D,15,30,11,1,6
W,15,30,2,ai,46,200,16
W,15,30,3,log,16,50,9
S,15,30,875,1602
W,16,30,1,ctrl,20,300,2
D,16,30,11,1,3
W,16,30,2,ai,57,200,16
W,16,30,3,log,14,50,9
S,16,30,789,2488
W,17,30,1,ctrl,27,300,2
D,17,30,11,1,3
W,17,30,2,ai,61,200,16
W,17,30,3,log,9,50,9
S,17,30,671,1960
W,18,30,1,ctrl,27,300,2
D,18,30,11,1,3
W,18,30,2,ai,54,200,16
W,18,30,3,log,15,50,9
S,18,30,820,1939
W,19,30,1,ctrl,23,300,2
D,19,30,11,1,5
W,19,30,2,ai,57,200,16
W,19,30,3,log,13,50,9
S,19,30,772,2206
W,20,30,1,ctrl,23,300,2
D,20,30,11,1,3
W,20,30,2,ai,56,200,16
W,20,30,3,log,15,50,9
S,20,30,809,2233
W,21,30,1,ctrl,26,300,2
D,21,30,11,1,3
W,21,30,2,ai,56,200,16
W,21,30,3,log,11,50,9
S,21,30,736,1953
W,22,30,1,ctrl,25,300,2
D,22,30,11,1,4
W,22,30,2,ai,54,200,16
W,22,30,3,log,13,50,9
S,22,30,785,2011
W,23,30,1,ctrl,20,300,1
D,23,30,11,0,0
W,23,30,2,ai,53,200,16
W,23,30,3,log,17,50,9
S,23,30,845,2454
W,24,30,1,ctrl,25,300,1
D,24,30,11,0,0
W,24,30,2,ai,54,200,16
W,24,30,3,log,13,50,9
S,24,30,785,2011
W,25,30,1,ctrl,19,300,2
D,25,30,10,0,0
W,25,30,2,ai,57,200,16
W,25,30,3,log,14,50,9
S,25,30,790,2582
W,26,30,1,ctrl,25,300,2
D,26,30,11,1,3
W,26,30,2,ai,53,200,16
W,26,30,3,log,14,50,9
S,26,30,808,2011
W,27,30,1,ctrl,29,300,1
D,27,30,12,1,6
W,27,30,2,ai,49,200,16
W,27,30,3,log,12,50,9
S,27,30,789,1692
W,28,30,1,ctrl,23,300,2
D,28,30,10,0,0
W,28,30,2,ai,60,200,16
W,28,30,3,log,13,50,9
S,28,30,762,2280
W,29,30,1,ctrl,43,300,1
D,29,30,12,2,10
W,29,30,2,ai,44,200,16
W,29,30,3,log,11,50,9
S,29,30,796,1244
W,30,30,1,ctrl,21,300,2
D,30,30,10,0,0
W,30,30,2,ai,58,200,16
W,30,30,3,log,13,50,9
S,30,30,770,2390
W,31,30,1,ctrl,30,300,2
D,31,30,11,1,6
W,31,30,2,ai,52,200,16
W,31,30,3,log,13,50,9
S,31,30,793,1730
W,32,30,1,ctrl,23,300,2
D,32,30,11,1,2
W,32,30,2,ai,55,200,16
W,32,30,3,log,15,50,9
S,32,30,814,2206
W,33,30,1,ctrl,18,300,1
D,33,30,6,1,3
W,33,30,2,ai,27,100,1
W,33,30,3,log,9,50,1
S,33,30,773,2000
J,1,ctrl,1,359,19,69,8,2411,17725,1,18
# done
# WARMUP config=medlo alpha=40
# prev_baseline_reset ngroups=3
# schedlab win=100 total=3600 groups=3
W,1,40,1,ctrl,31,300,1
D,1,40,18,0,0
W,1,40,2,ai,88,200,13
W,1,40,3,log,34,100,7
S,1,40,786,2475
W,2,40,1,ctrl,21,300,2
D,2,40,10,0,0
W,2,40,2,ai,52,300,16
W,2,40,3,log,19,100,9
S,2,40,852,1877
W,3,40,1,ctrl,28,300,1
D,3,40,11,1,1
W,3,40,2,ai,52,300,16
W,3,40,3,log,11,100,9
S,3,40,766,1394
W,4,40,1,ctrl,18,300,2
D,4,40,10,0,0
W,4,40,2,ai,44,300,16
W,4,40,3,log,25,100,9
S,4,40,861,2077
W,5,40,1,ctrl,19,300,1
D,5,40,11,0,0
W,5,40,2,ai,56,300,16
W,5,40,3,log,13,100,9
S,5,40,682,1990
W,6,40,1,ctrl,22,300,1
D,6,40,11,0,0
W,6,40,2,ai,42,300,16
W,6,40,3,log,25,100,9
S,6,40,814,1732
W,7,40,1,ctrl,28,300,1
D,7,40,11,0,0
W,7,40,2,ai,41,300,16
W,7,40,3,log,20,100,9
S,7,40,835,1363
W,8,40,1,ctrl,31,300,2
D,8,40,10,1,4
W,8,40,2,ai,44,300,16
W,8,40,3,log,21,100,9
S,8,40,836,1329
W,9,40,1,ctrl,25,300,2
D,9,40,11,1,4
W,9,40,2,ai,45,300,16
W,9,40,3,log,22,100,9
S,9,40,875,1579
W,10,40,1,ctrl,28,300,2
D,10,40,11,1,2
W,10,40,2,ai,61,300,16
W,10,40,3,log,10,100,9
S,10,40,803,1517
W,11,40,1,ctrl,28,300,2
D,11,40,11,1,6
W,11,40,2,ai,45,300,16
W,11,40,3,log,22,100,9
S,11,40,858,1455
W,12,40,1,ctrl,20,300,2
D,12,40,11,1,4
W,12,40,2,ai,47,300,16
W,12,40,3,log,25,100,9
S,12,40,874,1972
W,13,40,1,ctrl,21,300,2
D,13,40,11,1,2
W,13,40,2,ai,47,300,16
W,13,40,3,log,25,100,9
S,13,40,871,1902
W,14,40,1,ctrl,19,300,2
D,14,40,11,1,4
W,14,40,2,ai,47,300,16
W,14,40,3,log,25,100,9
S,14,40,877,2057
W,15,40,1,ctrl,24,300,2
D,15,40,11,1,4
W,15,40,2,ai,45,300,16
W,15,40,3,log,25,100,9
S,15,40,839,1678
W,16,40,1,ctrl,24,300,2
D,16,40,11,1,2
W,16,40,2,ai,45,300,16
W,16,40,3,log,25,100,9
S,16,40,839,1678
W,17,40,1,ctrl,28,300,2
D,17,40,11,1,5
W,17,40,2,ai,60,300,16
W,17,40,3,log,8,100,9
S,17,40,843,1710
W,18,40,1,ctrl,26,300,2
D,18,40,11,1,5
W,18,40,2,ai,44,300,16
W,18,40,3,log,25,100,9
S,18,40,808,1567
W,19,40,1,ctrl,24,300,2
D,19,40,11,1,3
W,19,40,2,ai,50,300,16
W,19,40,3,log,20,100,9
S,19,40,878,1678
W,20,40,1,ctrl,33,300,2
D,20,40,11,1,6
W,20,40,2,ai,42,300,16
W,20,40,3,log,20,100,9
S,20,40,778,1233
W,21,40,1,ctrl,27,300,2
D,21,40,11,1,4
W,21,40,2,ai,45,300,16
W,21,40,3,log,25,100,9
S,21,40,811,1539
W,22,40,1,ctrl,27,300,2
D,22,40,11,2,6
W,22,40,2,ai,40,300,16
W,22,40,3,log,25,100,9
S,22,40,696,1460
W,23,40,1,ctrl,26,300,1
D,23,40,11,1,1
W,23,40,2,ai,45,300,16
W,23,40,3,log,20,100,9
S,23,40,887,1501
W,24,40,1,ctrl,26,300,1
D,24,40,11,0,0
W,24,40,2,ai,41,300,16
W,24,40,3,log,25,100,9
S,24,40,743,1517
W,25,40,1,ctrl,21,300,2
D,25,40,10,0,0
W,25,40,2,ai,45,300,16
W,25,40,3,log,25,100,9
S,25,40,857,1860
W,26,40,1,ctrl,27,300,2
D,26,40,11,1,4
W,26,40,2,ai,44,300,16
W,26,40,3,log,25,100,9
S,26,40,796,1523
W,27,40,1,ctrl,27,300,2
D,27,40,11,1,3
W,27,40,2,ai,46,300,16
W,27,40,3,log,25,100,9
S,27,40,829,1556
W,28,40,1,ctrl,26,300,2
D,28,40,11,1,3
W,28,40,2,ai,52,300,16
W,28,40,3,log,13,100,9
S,28,40,666,1501
W,29,40,1,ctrl,27,300,2
D,29,40,11,1,4
W,29,40,2,ai,58,300,16
W,29,40,3,log,11,100,9
S,29,40,769,1523
W,30,40,1,ctrl,22,300,2
D,30,40,11,1,3
W,30,40,2,ai,61,300,16
W,30,40,3,log,10,100,9
S,30,40,766,1813
W,31,40,1,ctrl,22,300,1
D,31,40,11,1,1
W,31,40,2,ai,42,300,16
W,31,40,3,log,25,100,9
S,31,40,814,1732
W,32,40,1,ctrl,21,300,1
D,32,40,11,0,0
W,32,40,2,ai,43,300,16
W,32,40,3,log,25,100,9
S,32,40,837,1821
W,33,40,1,ctrl,16,300,1
D,33,40,4,0,0
W,33,40,2,ai,15,100,1
W,33,40,3,log,9,50,1
S,33,40,883,1665
J,1,ctrl,1,359,24,81,6,2439,18107,1,16
# done
# RUN config=medlo alpha=40 rep=1/3
# prev_baseline_reset ngroups=3
# schedlab win=100 total=3600 groups=3
W,1,40,1,ctrl,41,300,1
D,1,40,18,0,0
W,1,40,2,ai,87,200,11
W,1,40,3,log,32,100,6
S,1,40,757,1953
W,2,40,1,ctrl,26,300,2
D,2,40,10,0,0
W,2,40,2,ai,47,200,15
W,2,40,3,log,17,100,8
S,2,40,734,1736
W,3,40,1,ctrl,24,300,1
D,3,40,11,1,2
W,3,40,2,ai,42,300,16
W,3,40,3,log,24,100,8
S,3,40,812,1609
W,4,40,1,ctrl,29,300,1
D,4,40,11,0,0
W,4,40,2,ai,42,300,16
W,4,40,3,log,21,100,9
S,4,40,819,1358
W,5,40,1,ctrl,18,300,2
D,5,40,10,0,0
W,5,40,2,ai,43,300,16
W,5,40,3,log,25,100,9
S,5,40,855,2047
W,6,40,1,ctrl,30,300,1
D,6,40,12,1,8
W,6,40,2,ai,59,300,16
W,6,40,3,log,9,100,9
S,6,40,840,1560
W,7,40,1,ctrl,21,300,2
D,7,40,10,0,0
W,7,40,2,ai,57,300,16
W,7,40,3,log,8,100,9
S,7,40,798,1754
W,8,40,1,ctrl,24,300,2
D,8,40,11,1,3
W,8,40,2,ai,59,300,16
W,8,40,3,log,11,100,9
S,8,40,748,1678
W,9,40,1,ctrl,32,300,2
D,9,40,11,1,5
W,9,40,2,ai,58,300,16
W,9,40,3,log,7,100,9
S,9,40,880,1972
W,10,40,1,ctrl,25,300,2
D,10,40,11,1,7
W,10,40,2,ai,48,300,16
W,10,40,3,log,22,100,9
S,10,40,889,1627
W,11,40,1,ctrl,29,300,2
D,11,40,11,1,5
W,11,40,2,ai,53,300,16
W,11,40,3,log,12,100,9
S,11,40,739,1389
W,12,40,1,ctrl,31,300,2
D,12,40,11,1,5
W,12,40,2,ai,46,300,16
W,12,40,3,log,20,100,9
S,12,40,883,1341
W,13,40,1,ctrl,27,300,2
D,13,40,11,1,2
W,13,40,2,ai,44,300,16
W,13,40,3,log,24,100,9
S,13,40,817,1507
W,14,40,1,ctrl,24,300,1
D,14,40,11,0,0
W,14,40,2,ai,46,300,16
W,14,40,3,log,22,100,9
S,14,40,884,1646
W,15,40,1,ctrl,28,300,1
D,15,40,11,0,0
W,15,40,2,ai,47,300,16
W,15,40,3,log,17,100,9
S,15,40,859,1407
W,16,40,1,ctrl,23,300,1
D,16,40,11,0,0
W,16,40,2,ai,42,300,16
W,16,40,3,log,25,100,9
S,16,40,804,1678
W,17,40,1,ctrl,27,300,2
D,17,40,10,0,0
W,17,40,2,ai,61,300,16
W,17,40,3,log,6,100,9
S,17,40,865,2253
W,18,40,1,ctrl,32,300,2
D,18,40,11,1,4
W,18,40,2,ai,48,300,16
W,18,40,3,log,17,100,9
S,18,40,857,1300
W,19,40,1,ctrl,26,300,2
D,19,40,11,1,3
W,19,40,2,ai,44,300,16
W,19,40,3,log,25,100,9
S,19,40,808,1567
W,20,40,1,ctrl,23,300,1
D,20,40,11,1,1
W,20,40,2,ai,59,300,16
W,20,40,3,log,10,100,9
S,20,40,769,1712
W,21,40,1,ctrl,22,300,1
D,21,40,11,0,0
W,21,40,2,ai,43,300,16
W,21,40,3,log,25,100,9
S,21,40,828,1754
W,22,40,1,ctrl,25,300,1
D,22,40,11,0,0
W,22,40,2,ai,60,300,16
W,22,40,3,log,9,100,9
S,22,40,806,1615
W,23,40,1,ctrl,25,300,2
D,23,40,10,0,0
W,23,40,2,ai,61,300,16
W,23,40,3,log,8,100,9
S,23,40,825,1670
W,24,40,1,ctrl,28,300,2
D,24,40,11,1,4
W,24,40,2,ai,60,300,16
W,24,40,3,log,8,100,9
S,24,40,843,1710
W,25,40,1,ctrl,30,300,2
D,25,40,11,1,5
W,25,40,2,ai,59,300,16
W,25,40,3,log,9,100,9
S,25,40,840,1560
W,26,40,1,ctrl,25,300,2
D,26,40,11,1,6
W,26,40,2,ai,59,300,16
W,26,40,3,log,9,100,9
S,26,40,806,1597
W,27,40,1,ctrl,23,300,2
D,27,40,11,1,2
W,27,40,2,ai,60,300,16
W,27,40,3,log,12,100,9
S,27,40,718,1768
W,28,40,1,ctrl,30,300,2
D,28,40,11,1,3
W,28,40,2,ai,47,300,16
W,28,40,3,log,20,100,9
S,28,40,890,1385
W,29,40,1,ctrl,29,300,2
D,29,40,11,1,3
W,29,40,2,ai,40,300,16
W,29,40,3,log,25,100,9
S,29,40,682,1389
W,30,40,1,ctrl,27,300,2
D,30,40,11,1,3
W,30,40,2,ai,38,300,16
W,30,40,3,log,25,100,9
S,30,40,696,1426
W,31,40,1,ctrl,30,300,2
D,31,40,11,1,5
W,31,40,2,ai,60,300,16
W,31,40,3,log,6,100,9
S,31,40,877,2290
W,32,40,1,ctrl,23,300,2
D,32,40,11,1,2
W,32,40,2,ai,56,300,16
W,32,40,3,log,15,100,9
S,32,40,727,1754
W,33,40,1,ctrl,14,300,1
D,33,40,4,1,6
W,33,40,2,ai,16,100,1
W,33,40,3,log,5,50,1
S,33,40,743,1665
J,1,ctrl,1,359,21,84,8,2497,18999,1,18
# done
# RUN config=medlo alpha=40 rep=2/3
# prev_baseline_reset ngroups=3
# schedlab win=100 total=3600 groups=3
W,1,40,1,ctrl,45,300,1
D,1,40,18,1,2
W,1,40,2,ai,71,200,10
W,1,40,3,log,38,100,8
S,1,40,873,1712
W,2,40,1,ctrl,17,300,2
D,2,40,10,0,0
W,2,40,2,ai,51,200,14
W,2,40,3,log,23,100,9
S,2,40,831,2688
W,3,40,1,ctrl,22,300,1
D,3,40,11,0,0
W,3,40,2,ai,45,300,16
W,3,40,3,log,22,100,9
S,3,40,883,1732
W,4,40,1,ctrl,20,300,2
D,4,40,10,0,0
W,4,40,2,ai,50,300,16
W,4,40,3,log,17,100,9
S,4,40,828,1868
W,5,40,1,ctrl,28,300,2
D,5,40,11,1,4
W,5,40,2,ai,48,300,16
W,5,40,3,log,13,100,9
S,5,40,690,1363
W,6,40,1,ctrl,28,300,1
D,6,40,12,1,7
W,6,40,2,ai,52,300,16
W,6,40,3,log,12,100,9
S,6,40,724,1407
W,7,40,1,ctrl,27,300,1
D,7,40,11,0,0
W,7,40,2,ai,49,300,16
W,7,40,3,log,19,100,9
S,7,40,879,1507
W,8,40,1,ctrl,26,300,2
D,8,40,10,0,0
W,8,40,2,ai,61,300,16
W,8,40,3,log,9,100,9
S,8,40,813,1585
W,9,40,1,ctrl,24,300,1
D,9,40,11,0,0
W,9,40,2,ai,55,300,16
W,9,40,3,log,10,100,9
S,9,40,769,1591
W,10,40,1,ctrl,24,300,1
D,10,40,11,0,0
W,10,40,2,ai,57,300,16
W,10,40,3,log,7,100,9
S,10,40,838,1797
W,11,40,1,ctrl,22,300,2
D,11,40,10,0,0
W,11,40,2,ai,59,300,16
W,11,40,3,log,10,100,9
S,11,40,764,1775
W,12,40,1,ctrl,23,300,2
D,12,40,11,1,1
W,12,40,2,ai,58,300,16
W,12,40,3,log,10,100,9
S,12,40,768,1698
W,13,40,1,ctrl,32,300,2
D,13,40,11,1,1
W,13,40,2,ai,47,300,16
W,13,40,3,log,15,100,9
S,13,40,790,1258
W,14,40,1,ctrl,27,300,2
D,14,40,11,0,0
W,14,40,2,ai,49,300,16
W,14,40,3,log,17,100,9
S,14,40,839,1475
W,15,40,1,ctrl,27,300,2
D,15,40,11,1,2
W,15,40,2,ai,47,300,16
W,15,40,3,log,20,100,9
S,15,40,890,1491
W,16,40,1,ctrl,25,300,2
D,16,40,11,1,1
W,16,40,2,ai,48,300,16
W,16,40,3,log,21,100,9
S,16,40,888,1615
W,17,40,1,ctrl,30,300,1
D,17,40,11,0,0
W,17,40,2,ai,39,300,16
W,17,40,3,log,20,100,9
S,17,40,739,1270
W,18,40,1,ctrl,28,300,1
D,18,40,11,0,0
W,18,40,2,ai,40,300,16
W,18,40,3,log,24,100,9
S,18,40,698,1407
W,19,40,1,ctrl,26,300,1
D,19,40,11,0,0
W,19,40,2,ai,44,300,16
W,19,40,3,log,24,100,9
S,19,40,827,1550
W,20,40,1,ctrl,25,300,2
D,20,40,10,0,0
W,20,40,2,ai,46,300,16
W,20,40,3,log,22,100,9
S,20,40,879,1597
W,21,40,1,ctrl,29,300,2
D,21,40,11,1,2
W,21,40,2,ai,49,300,16
W,21,40,3,log,16,100,9
S,21,40,812,1389
W,22,40,1,ctrl,26,300,1
D,22,40,11,0,0
W,22,40,2,ai,56,300,16
W,22,40,3,log,10,100,9
S,22,40,787,1517
W,23,40,1,ctrl,25,300,1
D,23,40,11,0,0
W,23,40,2,ai,57,300,16
W,23,40,3,log,9,100,9
S,23,40,805,1562
W,24,40,1,ctrl,29,300,1
D,24,40,11,0,0
W,24,40,2,ai,46,300,16
W,24,40,3,log,20,100,9
S,24,40,888,1403
W,25,40,1,ctrl,26,300,2
D,25,40,10,0,0
W,25,40,2,ai,45,300,16
W,25,40,3,log,21,100,9
S,25,40,882,1517
W,26,40,1,ctrl,25,300,1
D,26,40,11,0,0
W,26,40,2,ai,41,300,16
W,26,40,3,log,22,100,9
S,26,40,824,1507
W,27,40,1,ctrl,27,300,1
D,27,40,11,0,0
W,27,40,2,ai,44,300,16
W,27,40,3,log,25,100,9
S,27,40,796,1523
W,28,40,1,ctrl,26,300,2
D,28,40,10,0,0
W,28,40,2,ai,41,300,16
W,28,40,3,log,25,100,9
S,28,40,743,1517
W,29,40,1,ctrl,29,300,2
D,29,40,11,1,1
W,29,40,2,ai,47,300,16
W,29,40,3,log,20,100,9
S,29,40,890,1417
W,30,40,1,ctrl,23,300,2
D,30,40,11,1,3
W,30,40,2,ai,59,300,16
W,30,40,3,log,10,100,9
S,30,40,769,1712
W,31,40,1,ctrl,26,300,1
D,31,40,11,0,0
W,31,40,2,ai,49,300,16
W,31,40,3,log,18,100,9
S,31,40,860,1534
W,32,40,1,ctrl,23,300,2
D,32,40,10,0,0
W,32,40,2,ai,54,300,16
W,32,40,3,log,14,100,9
S,32,40,708,1698
W,33,40,1,ctrl,20,300,1
D,33,40,7,1,2
W,33,40,2,ai,39,100,1
W,33,40,3,log,8,50,1
S,33,40,681,2234
J,1,ctrl,1,359,11,26,7,1806,10186,1,17
# done
# RUN config=medlo alpha=40 rep=3/3
# prev_baseline_reset ngroups=3
# schedlab win=100 total=3600 groups=3
W,1,40,1,ctrl,43,300,1
D,1,40,18,0,0
W,1,40,2,ai,74,200,14
W,1,40,3,log,31,100,9
S,1,40,796,1724
W,2,40,1,ctrl,31,300,1
D,2,40,11,1,2
W,2,40,2,ai,39,300,16
W,2,40,3,log,23,100,9
S,2,40,723,1285
W,3,40,1,ctrl,27,300,1
D,3,40,11,0,0
W,3,40,2,ai,42,300,16
W,3,40,3,log,24,100,9
S,3,40,774,1475
W,4,40,1,ctrl,28,300,1
D,4,40,11,0,0
W,4,40,2,ai,52,300,16
W,4,40,3,log,12,100,9
S,4,40,724,1407
W,5,40,1,ctrl,24,300,2
D,5,40,10,0,0
W,5,40,2,ai,54,300,16
W,5,40,3,log,13,100,9
S,5,40,666,1627
W,6,40,1,ctrl,31,300,2
D,6,40,11,1,3
W,6,40,2,ai,52,300,16
W,6,40,3,log,11,100,9
S,6,40,793,1300
W,7,40,1,ctrl,26,300,2
D,7,40,11,1,5
W,7,40,2,ai,59,300,16
W,7,40,3,log,11,100,9
S,7,40,764,1585
W,8,40,1,ctrl,27,300,2
D,8,40,11,1,3
W,8,40,2,ai,59,300,16
W,8,40,3,log,12,100,9
S,8,40,742,1556
W,9,40,1,ctrl,29,300,2
D,9,40,11,1,5
W,9,40,2,ai,56,300,16
W,9,40,3,log,8,100,9
S,9,40,852,1651
W,10,40,1,ctrl,27,300,2
D,10,40,11,1,5
W,10,40,2,ai,60,300,16
W,10,40,3,log,10,100,9
S,10,40,796,1539
W,11,40,1,ctrl,26,300,2
D,11,40,11,1,4
W,11,40,2,ai,59,300,16
W,11,40,3,log,11,100,9
S,11,40,764,1585
W,12,40,1,ctrl,27,300,2
D,12,40,11,1,4
W,12,40,2,ai,43,300,16
W,12,40,3,log,22,100,9
S,12,40,839,1460
W,13,40,1,ctrl,31,300,2
D,13,40,11,1,7
W,13,40,2,ai,44,300,16
W,13,40,3,log,20,100,9
S,13,40,861,1312
W,14,40,1,ctrl,25,300,1
D,14,40,11,1,1
W,14,40,2,ai,51,300,16
W,14,40,3,log,16,100,9
S,14,40,792,1579
W,15,40,1,ctrl,29,300,2
D,15,40,11,0,0
W,15,40,2,ai,40,300,16
W,15,40,3,log,25,100,9
S,15,40,682,1389
W,16,40,1,ctrl,30,300,1
D,16,40,11,2,4
W,16,40,2,ai,54,300,16
W,16,40,3,log,10,100,9
S,16,40,818,1341
W,17,40,1,ctrl,24,300,2
D,17,40,10,0,0
W,17,40,2,ai,59,300,16
W,17,40,3,log,8,100,9
S,17,40,820,1632
W,18,40,1,ctrl,30,300,2
D,18,40,11,1,5
W,18,40,2,ai,50,300,16
W,18,40,3,log,13,100,9
S,18,40,685,1329
W,19,40,1,ctrl,28,300,2
D,19,40,11,1,2
W,19,40,2,ai,47,300,16
W,19,40,3,log,18,100,9
S,19,40,878,1421
W,20,40,1,ctrl,24,300,2
D,20,40,11,1,2
W,20,40,2,ai,63,300,16
W,20,40,3,log,10,100,9
S,20,40,779,1732
W,21,40,1,ctrl,28,300,2
D,21,40,11,1,5
W,21,40,2,ai,41,300,16
W,21,40,3,log,25,100,9
S,21,40,707,1441
W,22,40,1,ctrl,22,300,2
D,22,40,11,1,4
W,22,40,2,ai,46,300,16
W,22,40,3,log,25,100,9
S,22,40,860,1813
W,23,40,1,ctrl,27,300,2
D,23,40,11,1,3
W,23,40,2,ai,43,300,16
W,23,40,3,log,25,100,9
S,23,40,774,1507
W,24,40,1,ctrl,21,300,1
D,24,40,11,1,1
W,24,40,2,ai,53,300,16
W,24,40,3,log,13,100,9
S,24,40,691,1775
W,25,40,1,ctrl,22,300,2
D,25,40,10,0,0
W,25,40,2,ai,59,300,16
W,25,40,3,log,10,100,9
S,25,40,764,1775
W,26,40,1,ctrl,31,300,2
D,26,40,11,1,3
W,26,40,2,ai,58,300,16
W,26,40,3,log,11,100,9
S,26,40,798,1380
W,27,40,1,ctrl,26,300,1
D,27,40,11,1,1
W,27,40,2,ai,53,300,16
W,27,40,3,log,12,100,9
S,27,40,714,1501
W,28,40,1,ctrl,27,300,1
D,28,40,11,0,0
W,28,40,2,ai,59,300,16
W,28,40,3,log,8,100,9
S,28,40,837,1670
W,29,40,1,ctrl,27,300,1
D,29,40,11,0,0
W,29,40,2,ai,45,300,16
W,29,40,3,log,20,100,9
S,29,40,887,1460
W,30,40,1,ctrl,28,300,1
D,30,40,11,0,0
W,30,40,2,ai,53,300,16
W,30,40,3,log,12,100,9
S,30,40,727,1421
W,31,40,1,ctrl,26,300,2
D,31,40,10,0,0
W,31,40,2,ai,40,300,16
W,31,40,3,log,25,100,9
S,31,40,717,1501
W,32,40,1,ctrl,24,300,1
D,32,40,11,1,2
W,32,40,2,ai,45,300,16
W,32,40,3,log,19,100,9
S,32,40,887,1573
W,33,40,1,ctrl,10,300,1
D,33,40,4,0,0
W,33,40,2,ai,20,100,1
W,33,40,3,log,8,50,1
S,33,40,818,2532
J,1,ctrl,1,359,22,71,7,2482,18634,2,17
# done
# WARMUP config=medlo alpha=50
# prev_baseline_reset ngroups=3
# schedlab win=100 total=3600 groups=3
W,1,50,1,ctrl,38,300,1
D,1,50,18,0,0
W,1,50,2,ai,82,300,9
W,1,50,3,log,37,100,8
S,1,50,890,1768
W,2,50,1,ctrl,21,300,2
D,2,50,10,0,0
W,2,50,2,ai,58,300,14
W,2,50,3,log,10,100,8
S,2,50,754,1821
W,3,50,1,ctrl,28,300,2
D,3,50,11,1,5
W,3,50,2,ai,45,400,16
W,3,50,3,log,23,150,9
S,3,50,687,1209
W,4,50,1,ctrl,26,300,2
D,4,50,11,1,5
W,4,50,2,ai,52,400,16
W,4,50,3,log,13,150,9
S,4,50,858,1239
W,5,50,1,ctrl,27,300,2
D,5,50,11,1,4
W,5,50,2,ai,52,400,16
W,5,50,3,log,16,150,9
S,5,50,734,1239
W,6,50,1,ctrl,25,300,2
D,6,50,11,1,1
W,6,50,2,ai,54,400,16
W,6,50,3,log,19,150,9
S,6,50,779,1380
W,7,50,1,ctrl,29,300,2
D,7,50,11,1,4
W,7,50,2,ai,45,400,16
W,7,50,3,log,21,150,9
S,7,50,709,1154
W,8,50,1,ctrl,30,300,2
D,8,50,11,1,4
W,8,50,2,ai,46,400,16
W,8,50,3,log,20,150,9
S,8,50,808,1128
W,9,50,1,ctrl,30,300,2
D,9,50,11,1,6
W,9,50,2,ai,50,400,16
W,9,50,3,log,15,150,9
S,9,50,859,1121
W,10,50,1,ctrl,26,300,2
D,10,50,11,3,16
W,10,50,2,ai,49,400,16
W,10,50,3,log,22,150,9
S,10,50,883,1313
W,11,50,1,ctrl,26,300,2
D,11,50,11,3,36
W,11,50,2,ai,57,400,16
W,11,50,3,log,17,150,9
S,11,50,706,1353
W,12,50,1,ctrl,26,300,2
D,12,50,11,3,23
W,12,50,2,ai,54,400,16
W,12,50,3,log,17,150,9
S,12,50,674,1313
W,13,50,1,ctrl,26,300,2
D,13,50,11,3,19
W,13,50,2,ai,50,400,16
W,13,50,3,log,22,150,9
S,13,50,889,1328
W,14,50,1,ctrl,28,300,1
D,14,50,12,5,69
W,14,50,2,ai,53,400,16
W,14,50,3,log,28,150,9
S,14,50,774,1375
W,15,50,1,ctrl,27,300,1
D,15,50,13,6,84
W,15,50,2,ai,56,400,16
W,15,50,3,log,29,150,9
S,15,50,831,1460
W,16,50,1,ctrl,30,300,1
D,16,50,13,6,80
W,16,50,2,ai,50,400,16
W,16,50,3,log,24,150,9
S,16,50,767,1222
W,17,50,1,ctrl,26,300,2
D,17,50,10,3,15
W,17,50,2,ai,49,400,16
W,17,50,3,log,20,150,9
S,17,50,883,1289
W,18,50,1,ctrl,29,300,2
D,18,50,12,3,36
W,18,50,2,ai,58,400,16
W,18,50,3,log,20,150,9
S,18,50,747,1298
W,19,50,1,ctrl,29,300,1
D,19,50,13,5,71
W,19,50,2,ai,57,400,16
W,19,50,3,log,25,150,9
S,19,50,890,1348
W,20,50,1,ctrl,33,300,1
D,20,50,13,8,95
W,20,50,2,ai,56,400,16
W,20,50,3,log,19,150,9
S,20,50,680,1154
W,21,50,1,ctrl,25,300,2
D,21,50,10,2,5
W,21,50,2,ai,47,400,16
W,21,50,3,log,21,150,9
S,21,50,880,1313
W,22,50,1,ctrl,28,300,2
D,22,50,11,3,27
W,22,50,2,ai,49,400,16
W,22,50,3,log,22,150,9
S,22,50,860,1248
W,23,50,1,ctrl,28,300,1
D,23,50,12,4,24
W,23,50,2,ai,63,400,16
W,23,50,3,log,16,150,9
S,23,50,809,1348
W,24,50,1,ctrl,26,300,2
D,24,50,11,3,22
W,24,50,2,ai,54,400,16
W,24,50,3,log,17,150,9
S,24,50,674,1313
W,25,50,1,ctrl,22,300,1
D,25,50,11,1,1
W,25,50,2,ai,52,400,16
W,25,50,3,log,15,150,9
S,25,50,713,1425
W,26,50,1,ctrl,27,300,2
D,26,50,11,1,6
W,26,50,2,ai,53,400,16
W,26,50,3,log,23,150,9
S,26,50,891,1343
W,27,50,1,ctrl,29,300,1
D,27,50,12,5,57
W,27,50,2,ai,47,400,16
W,27,50,3,log,23,150,9
S,27,50,710,1205
W,28,50,1,ctrl,30,300,1
D,28,50,12,5,38
W,28,50,2,ai,55,400,16
W,28,50,3,log,24,150,9
S,28,50,887,1280
W,29,50,1,ctrl,25,300,2
D,29,50,11,3,28
W,29,50,2,ai,54,400,16
W,29,50,3,log,21,150,9
S,29,50,859,1408
W,30,50,1,ctrl,28,300,1
D,30,50,12,4,24
W,30,50,2,ai,51,400,16
W,30,50,3,log,19,150,9
S,30,50,822,1235
W,31,50,1,ctrl,24,300,2
D,31,50,9,1,6
W,31,50,2,ai,48,400,16
W,31,50,3,log,21,150,9
S,31,50,891,1364
J,1,ctrl,1,357,87,811,26,3434,48006,1,36
# done
# RUN config=medlo alpha=50 rep=1/3
# prev_baseline_reset ngroups=3
# schedlab win=100 total=3600 groups=3
W,1,50,1,ctrl,50,300,2
D,1,50,18,1,6
W,1,50,2,ai,64,300,15
W,1,50,3,log,44,100,8
S,1,50,775,1354
W,2,50,1,ctrl,33,300,1
D,2,50,12,1,5
W,2,50,2,ai,54,400,16
W,2,50,3,log,8,150,9
S,2,50,700,2095
W,3,50,1,ctrl,28,300,2
D,3,50,11,0,0
W,3,50,2,ai,48,400,16
W,3,50,3,log,23,150,9
S,3,50,793,1248
W,4,50,1,ctrl,30,300,2
D,4,50,12,4,48
W,4,50,2,ai,58,400,16
W,4,50,3,log,17,150,9
S,4,50,783,1235
W,5,50,1,ctrl,27,300,2
D,5,50,12,4,27
W,5,50,2,ai,55,400,16
W,5,50,3,log,20,150,9
S,5,50,809,1333
W,6,50,1,ctrl,32,300,2
D,6,50,12,6,56
W,6,50,2,ai,49,400,16
W,6,50,3,log,24,150,9
S,6,50,717,1157
W,7,50,1,ctrl,26,300,2
D,7,50,10,1,8
W,7,50,2,ai,51,400,16
W,7,50,3,log,19,150,9
S,7,50,823,1303
W,8,50,1,ctrl,30,300,1
D,8,50,13,5,65
W,8,50,2,ai,54,400,16
W,8,50,3,log,20,150,9
S,8,50,821,1222
W,9,50,1,ctrl,25,300,2
D,9,50,10,2,5
W,9,50,2,ai,40,400,16
W,9,50,3,log,28,150,9
S,9,50,851,1313
W,10,50,1,ctrl,29,300,1
D,10,50,12,4,27
W,10,50,2,ai,51,400,16
W,10,50,3,log,20,150,9
S,10,50,879,1213
W,11,50,1,ctrl,29,300,2
D,11,50,11,3,11
W,11,50,2,ai,56,400,16
W,11,50,3,log,18,150,9
S,11,50,684,1252
W,12,50,1,ctrl,32,300,2
D,12,50,13,5,46
W,12,50,2,ai,61,400,16
W,12,50,3,log,20,150,9
S,12,50,666,1243
W,13,50,1,ctrl,32,300,2
D,13,50,13,5,48
W,13,50,2,ai,66,400,16
W,13,50,3,log,17,150,9
S,13,50,835,1266
W,14,50,1,ctrl,29,300,1
D,14,50,13,4,40
W,14,50,2,ai,62,400,16
W,14,50,3,log,30,150,9
S,14,50,869,1472
W,15,50,1,ctrl,26,300,1
D,15,50,12,3,23
W,15,50,2,ai,43,400,16
W,15,50,3,log,24,150,9
S,15,50,730,1261
W,16,50,1,ctrl,22,300,2
D,16,50,10,1,4
W,16,50,2,ai,51,400,16
W,16,50,3,log,20,150,9
S,16,50,859,1491
W,17,50,1,ctrl,27,300,1
D,17,50,12,2,15
W,17,50,2,ai,55,400,16
W,17,50,3,log,19,150,9
S,17,50,758,1318
W,18,50,1,ctrl,30,300,1
D,18,50,12,2,15
W,18,50,2,ai,52,400,16
W,18,50,3,log,20,150,9
S,18,50,863,1197
W,19,50,1,ctrl,26,300,2
D,19,50,10,2,5
W,19,50,2,ai,42,400,16
W,19,50,3,log,26,150,9
S,19,50,815,1275
W,20,50,1,ctrl,26,300,1
D,20,50,12,4,26
W,20,50,2,ai,53,400,16
W,20,50,3,log,21,150,9
S,20,50,872,1353
W,21,50,1,ctrl,28,300,2
D,21,50,11,2,10
W,21,50,2,ai,54,400,16
W,21,50,3,log,22,150,9
S,21,50,884,1308
W,22,50,1,ctrl,26,300,1
D,22,50,12,2,10
W,22,50,2,ai,55,400,16
W,22,50,3,log,27,150,9
S,22,50,863,1466
W,23,50,1,ctrl,29,300,1
D,23,50,13,6,78
W,23,50,2,ai,59,400,16
W,23,50,3,log,14,150,9
S,23,50,865,1284
W,24,50,1,ctrl,26,300,2
D,24,50,12,3,23
W,24,50,2,ai,63,400,16
W,24,50,3,log,19,150,9
S,24,50,672,1466
W,25,50,1,ctrl,34,300,2
D,25,50,12,4,29
W,25,50,2,ai,54,400,16
W,25,50,3,log,18,150,9
S,25,50,781,1100
W,26,50,1,ctrl,29,300,2
D,26,50,11,4,41
W,26,50,2,ai,56,400,16
W,26,50,3,log,16,150,9
S,26,50,801,1226
W,27,50,1,ctrl,30,300,1
D,27,50,13,5,56
W,27,50,2,ai,53,400,16
W,27,50,3,log,19,150,9
S,27,50,778,1197
W,28,50,1,ctrl,25,300,2
D,28,50,10,1,3
W,28,50,2,ai,52,400,16
W,28,50,3,log,18,150,9
S,28,50,761,1338
W,29,50,1,ctrl,28,300,2
D,29,50,11,2,12
W,29,50,2,ai,55,400,16
W,29,50,3,log,13,150,9
S,29,50,877,1303
W,30,50,1,ctrl,21,300,1
D,30,50,11,1,7
W,30,50,2,ai,51,400,16
W,30,50,3,log,20,150,9
S,30,50,857,1543
W,31,50,1,ctrl,11,300,1
D,31,50,4,3,17
W,31,50,2,ai,20,100,1
W,31,50,3,log,5,50,1
S,31,50,716,2183
J,1,ctrl,1,360,92,766,27,2928,40388,2,37
# done
# RUN config=medlo alpha=50 rep=2/3
# prev_baseline_reset ngroups=3
# schedlab win=100 total=3600 groups=3
W,1,50,1,ctrl,39,300,1
D,1,50,18,2,16
W,1,50,2,ai,81,300,12
W,1,50,3,log,30,100,6
S,1,50,862,1646
W,2,50,1,ctrl,24,300,2
D,2,50,10,0,0
W,2,50,2,ai,46,400,16
W,2,50,3,log,19,150,9
S,2,50,885,1308
W,3,50,1,ctrl,31,300,2
D,3,50,11,1,1
W,3,50,2,ai,47,400,16
W,3,50,3,log,17,150,9
S,3,50,717,1079
W,4,50,1,ctrl,26,300,1
D,4,50,11,0,0
W,4,50,2,ai,49,400,16
W,4,50,3,log,19,150,9
S,4,50,861,1275
W,5,50,1,ctrl,28,300,1
D,5,50,11,1,4
W,5,50,2,ai,56,400,16
W,5,50,3,log,16,150,9
S,5,50,780,1257
W,6,50,1,ctrl,34,300,2
D,6,50,13,8,85
W,6,50,2,ai,57,400,16
W,6,50,3,log,21,150,9
S,6,50,807,1161
W,7,50,1,ctrl,27,300,2
D,7,50,12,5,49
W,7,50,2,ai,63,400,16
W,7,50,3,log,18,150,9
S,7,50,725,1408
W,8,50,1,ctrl,29,300,2
D,8,50,12,5,50
W,8,50,2,ai,56,400,16
W,8,50,3,log,20,150,9
S,8,50,784,1275
W,9,50,1,ctrl,27,300,1
D,9,50,11,2,4
W,9,50,2,ai,51,400,16
W,9,50,3,log,16,150,9
S,9,50,721,1226
W,10,50,1,ctrl,25,300,2
D,10,50,12,2,18
W,10,50,2,ai,62,400,16
W,10,50,3,log,23,150,9
S,10,50,827,1550
W,11,50,1,ctrl,28,300,2
D,11,50,12,3,25
W,11,50,2,ai,55,400,16
W,11,50,3,log,20,150,9
S,11,50,805,1298
W,12,50,1,ctrl,27,300,2
D,12,50,12,3,25
W,12,50,2,ai,59,400,16
W,12,50,3,log,18,150,9
S,12,50,687,1359
W,13,50,1,ctrl,31,300,2
D,13,50,12,4,42
W,13,50,2,ai,56,400,16
W,13,50,3,log,23,150,9
S,13,50,890,1252
W,14,50,1,ctrl,24,300,2
D,14,50,11,3,30
W,14,50,2,ai,57,400,16
W,14,50,3,log,12,150,9
S,14,50,855,1364
W,15,50,1,ctrl,27,300,2
D,15,50,12,5,37
W,15,50,2,ai,51,400,16
W,15,50,3,log,28,150,9
S,15,50,740,1385
W,16,50,1,ctrl,29,300,2
D,16,50,10,1,3
W,16,50,2,ai,44,400,16
W,16,50,3,log,25,150,9
S,16,50,834,1193
W,17,50,1,ctrl,29,300,1
D,17,50,13,6,68
W,17,50,2,ai,53,400,16
W,17,50,3,log,21,150,9
S,17,50,872,1252
W,18,50,1,ctrl,27,300,2
D,18,50,11,3,13
W,18,50,2,ai,54,400,16
W,18,50,3,log,23,150,9
S,18,50,891,1359
W,19,50,1,ctrl,29,300,1
D,19,50,12,3,13
W,19,50,2,ai,54,400,16
W,19,50,3,log,27,150,9
S,19,50,807,1338
W,20,50,1,ctrl,28,300,2
D,20,50,12,4,31
W,20,50,2,ai,49,400,16
W,20,50,3,log,23,150,9
S,20,50,835,1257
W,21,50,1,ctrl,28,300,2
D,21,50,12,3,36
W,21,50,2,ai,63,400,16
W,21,50,3,log,12,150,9
S,21,50,882,1517
W,22,50,1,ctrl,30,300,2
D,22,50,12,6,67
W,22,50,2,ai,58,400,16
W,22,50,3,log,21,150,9
S,22,50,798,1280
W,23,50,1,ctrl,32,300,2
D,23,50,12,6,43
W,23,50,2,ai,55,400,16
W,23,50,3,log,22,150,9
S,23,50,882,1201
W,24,50,1,ctrl,28,300,2
D,24,50,12,4,45
W,24,50,2,ai,55,400,16
W,24,50,3,log,19,150,9
S,24,50,750,1284
W,25,50,1,ctrl,31,300,1
D,25,50,12,4,33
W,25,50,2,ai,59,400,16
W,25,50,3,log,11,150,9
S,25,50,877,1629
W,26,50,1,ctrl,26,300,2
D,26,50,12,3,25
W,26,50,2,ai,58,400,16
W,26,50,3,log,22,150,9
S,26,50,840,1436
W,27,50,1,ctrl,26,300,2
D,27,50,12,4,30
W,27,50,2,ai,57,400,16
W,27,50,3,log,23,150,9
S,27,50,870,1436
W,28,50,1,ctrl,23,300,1
D,28,50,11,2,16
W,28,50,2,ai,49,400,16
W,28,50,3,log,20,150,9
S,28,50,879,1408
W,29,50,1,ctrl,28,300,2
D,29,50,11,3,9
W,29,50,2,ai,47,400,16
W,29,50,3,log,25,150,9
S,29,50,666,1257
W,30,50,1,ctrl,29,300,1
D,30,50,12,3,21
W,30,50,2,ai,54,400,16
W,30,50,3,log,18,150,9
S,30,50,687,1226
W,31,50,1,ctrl,11,300,1
D,31,50,4,1,3
W,31,50,2,ai,14,100,1
W,31,50,3,log,7,50,1
S,31,50,856,1941
J,1,ctrl,1,360,100,842,24,3267,45553,1,34
# done
# RUN config=medlo alpha=50 rep=3/3
# prev_baseline_reset ngroups=3
# schedlab win=100 total=3600 groups=3
W,1,50,1,ctrl,38,300,1
D,1,50,18,1,2
W,1,50,2,ai,91,300,14
W,1,50,3,log,26,100,8
S,1,50,755,1746
W,2,50,1,ctrl,30,300,1
D,2,50,11,0,0
W,2,50,2,ai,46,400,16
W,2,50,3,log,17,100,8
S,2,50,736,1164
W,3,50,1,ctrl,27,300,1
D,3,50,11,0,0
W,3,50,2,ai,52,400,16
W,3,50,3,log,11,150,9
S,3,50,885,1442
W,4,50,1,ctrl,28,300,2
D,4,50,10,0,0
W,4,50,2,ai,45,400,16
W,4,50,3,log,14,150,9
S,4,50,859,1100
W,5,50,1,ctrl,26,300,2
D,5,50,11,2,10
W,5,50,2,ai,51,400,16
W,5,50,3,log,21,150,9
S,5,50,886,1328
W,6,50,1,ctrl,31,300,2
D,6,50,12,4,40
W,6,50,2,ai,53,400,16
W,6,50,3,log,21,150,9
S,6,50,885,1193
W,7,50,1,ctrl,27,300,2
D,7,50,11,3,18
W,7,50,2,ai,56,400,16
W,7,50,3,log,14,150,9
S,7,50,842,1266
W,8,50,1,ctrl,30,300,2
D,8,50,12,5,35
W,8,50,2,ai,55,400,16
W,8,50,3,log,20,150,9
S,8,50,798,1235
W,9,50,1,ctrl,31,300,1
D,9,50,12,3,28
W,9,50,2,ai,51,400,16
W,9,50,3,log,15,150,9
S,9,50,877,1142
W,10,50,1,ctrl,25,300,2
D,10,50,10,1,3
W,10,50,2,ai,51,400,16
W,10,50,3,log,18,150,9
S,10,50,777,1328
W,11,50,1,ctrl,26,300,2
D,11,50,11,2,10
W,11,50,2,ai,51,400,16
W,11,50,3,log,21,150,9
S,11,50,886,1328
W,12,50,1,ctrl,26,300,1
D,12,50,12,2,10
W,12,50,2,ai,55,400,16
W,12,50,3,log,27,150,9
S,12,50,863,1466
W,13,50,1,ctrl,32,300,1
D,13,50,13,6,78
W,13,50,2,ai,55,400,16
W,13,50,3,log,26,150,9
S,13,50,811,1243
W,14,50,1,ctrl,30,300,1
D,14,50,13,5,63
W,14,50,2,ai,56,400,16
W,14,50,3,log,29,150,9
S,14,50,778,1353
W,15,50,1,ctrl,31,300,1
D,15,50,13,6,77
W,15,50,2,ai,55,400,16
W,15,50,3,log,28,150,9
S,15,50,762,1298
W,16,50,1,ctrl,31,300,1
D,16,50,13,5,62
W,16,50,2,ai,50,400,16
W,16,50,3,log,24,150,9
S,16,50,736,1193
W,17,50,1,ctrl,27,300,2
D,17,50,12,3,22
W,17,50,2,ai,58,400,16
W,17,50,3,log,21,150,9
S,17,50,807,1385
W,18,50,1,ctrl,29,300,1
D,18,50,13,4,40
W,18,50,2,ai,55,400,16
W,18,50,3,log,30,150,9
S,18,50,747,1385
W,19,50,1,ctrl,29,300,1
D,19,50,12,4,31
W,19,50,2,ai,53,400,16
W,19,50,3,log,14,150,9
S,19,50,869,1213
W,20,50,1,ctrl,27,300,2
D,20,50,12,3,23
W,20,50,2,ai,56,400,16
W,20,50,3,log,20,150,9
S,20,50,794,1343
W,21,50,1,ctrl,30,300,2
D,21,50,12,4,28
W,21,50,2,ai,53,400,16
W,21,50,3,log,22,150,9
S,21,50,888,1235
W,22,50,1,ctrl,25,300,2
D,22,50,11,3,17
W,22,50,2,ai,49,400,16
W,22,50,3,log,21,150,9
S,22,50,892,1338
W,23,50,1,ctrl,28,300,2
D,23,50,12,3,34
W,23,50,2,ai,63,400,16
W,23,50,3,log,17,150,9
S,23,50,774,1359
W,24,50,1,ctrl,29,300,2
D,24,50,12,4,34
W,24,50,2,ai,53,400,16
W,24,50,3,log,20,150,9
S,24,50,842,1239
W,25,50,1,ctrl,30,300,2
D,25,50,12,3,20
W,25,50,2,ai,60,400,16
W,25,50,3,log,14,150,9
S,25,50,876,1313
W,26,50,1,ctrl,30,300,1
D,26,50,13,7,82
W,26,50,2,ai,59,400,16
W,26,50,3,log,19,150,9
S,26,50,675,1270
W,27,50,1,ctrl,24,300,2
D,27,50,10,1,2
W,27,50,2,ai,47,400,16
W,27,50,3,log,24,150,9
S,27,50,815,1396
W,28,50,1,ctrl,32,300,2
D,28,50,11,2,10
W,28,50,2,ai,48,400,16
W,28,50,3,log,17,150,9
S,28,50,694,1069
W,29,50,1,ctrl,30,300,2
D,29,50,12,5,55
W,29,50,2,ai,51,400,16
W,29,50,3,log,23,150,9
S,29,50,850,1222
W,30,50,1,ctrl,30,300,2
D,30,50,12,4,38
W,30,50,2,ai,56,400,16
W,30,50,3,log,19,150,9
S,30,50,706,1235
J,1,ctrl,1,359,95,872,24,3016,44752,2,34
# done
# WARMUP config=medlo alpha=60
# prev_baseline_reset ngroups=3
# schedlab win=100 total=3600 groups=3
W,1,60,1,ctrl,40,300,1
D,1,60,18,0,0
W,1,60,2,ai,83,400,12
W,1,60,3,log,36,150,7
S,1,60,891,1402
W,2,60,1,ctrl,27,300,1
D,2,60,11,0,0
W,2,60,2,ai,45,500,16
W,2,60,3,log,19,150,7
S,2,60,870,1064
W,3,60,1,ctrl,26,300,2
D,3,60,10,0,0
W,3,60,2,ai,55,500,16
W,3,60,3,log,11,150,8
S,3,60,887,1319
W,4,60,1,ctrl,27,300,2
D,4,60,11,1,4
W,4,60,2,ai,54,500,16
W,4,60,3,log,16,150,9
S,4,60,787,1133
W,5,60,1,ctrl,29,300,1
D,5,60,12,5,54
W,5,60,2,ai,57,500,16
W,5,60,3,log,17,150,9
S,5,60,814,1120
W,6,60,1,ctrl,27,300,2
D,6,60,12,7,59
W,6,60,2,ai,67,500,16
W,6,60,3,log,20,150,9
S,6,60,808,1334
W,7,60,1,ctrl,31,300,2
D,7,60,12,7,67
W,7,60,2,ai,69,500,16
W,7,60,3,log,16,150,9
S,7,60,841,1179
W,8,60,1,ctrl,31,300,2
D,8,60,12,6,95
W,8,60,2,ai,60,500,16
W,8,60,3,log,13,150,9
S,8,60,856,1256
W,9,60,1,ctrl,29,300,1
D,9,60,13,5,65
W,9,60,2,ai,71,500,16
W,9,60,3,log,15,150,9
S,9,60,841,1250
W,10,60,1,ctrl,26,300,2
D,10,60,10,4,18
W,10,60,2,ai,62,500,16
W,10,60,3,log,10,150,9
S,10,60,885,1539
W,11,60,1,ctrl,29,300,1
D,11,60,13,5,69
W,11,60,2,ai,66,500,16
W,11,60,3,log,15,150,9
S,11,60,835,1197
W,12,60,1,ctrl,32,300,2
D,12,60,12,8,88
W,12,60,2,ai,65,500,16
W,12,60,3,log,19,150,9
S,12,60,764,1145
W,13,60,1,ctrl,30,300,2
D,13,60,12,8,98
W,13,60,2,ai,58,500,16
W,13,60,3,log,19,150,9
S,13,60,893,1125
W,14,60,1,ctrl,25,300,1
D,14,60,11,2,10
W,14,60,2,ai,56,500,16
W,14,60,3,log,14,150,9
S,14,60,768,1197
W,15,60,1,ctrl,22,300,2
D,15,60,10,1,5
W,15,60,2,ai,50,500,16
W,15,60,3,log,22,150,9
S,15,60,707,1346
W,16,60,1,ctrl,30,300,2
D,16,60,12,4,52
W,16,60,2,ai,55,500,16
W,16,60,3,log,22,150,9
S,16,60,819,1125
W,17,60,1,ctrl,29,300,2
D,17,60,11,8,63
W,17,60,2,ai,66,500,16
W,17,60,3,log,17,150,9
S,17,60,729,1220
W,18,60,1,ctrl,30,300,2
D,18,60,13,9,162
W,18,60,2,ai,67,500,16
W,18,60,3,log,14,150,9
S,18,60,875,1246
W,19,60,1,ctrl,25,300,2
D,19,60,11,2,13
W,19,60,2,ai,63,500,16
W,19,60,3,log,12,150,9
S,19,60,861,1308
W,20,60,1,ctrl,26,300,2
D,20,60,11,6,35
W,20,60,2,ai,58,500,16
W,20,60,3,log,17,150,9
S,20,60,788,1225
W,21,60,1,ctrl,26,300,2
D,21,60,13,6,69
W,21,60,2,ai,72,500,16
W,21,60,3,log,18,150,9
S,21,60,680,1406
W,22,60,1,ctrl,30,300,1
D,22,60,13,6,76
W,22,60,2,ai,71,500,16
W,22,60,3,log,12,150,9
S,22,60,885,1481
W,23,60,1,ctrl,23,300,2
D,23,60,10,4,20
W,23,60,2,ai,55,500,16
W,23,60,3,log,18,150,9
S,23,60,875,1317
W,24,60,1,ctrl,28,300,1
D,24,60,12,5,69
W,24,60,2,ai,59,500,16
W,24,60,3,log,17,150,9
S,24,60,752,1171
W,25,60,1,ctrl,24,300,2
D,25,60,10,5,26
W,25,60,2,ai,61,500,16
W,25,60,3,log,13,150,9
S,25,60,825,1290
W,26,60,1,ctrl,28,300,2
D,26,60,11,6,34
W,26,60,2,ai,62,500,16
W,26,60,3,log,14,150,9
S,26,60,853,1171
W,27,60,1,ctrl,24,300,2
D,27,60,11,3,12
W,27,60,2,ai,51,500,16
W,27,60,3,log,19,150,9
S,27,60,829,1235
W,28,60,1,ctrl,29,300,1
D,28,60,12,5,70
W,28,60,2,ai,57,500,16
W,28,60,3,log,17,150,9
S,28,60,814,1120
W,29,60,1,ctrl,23,300,2
D,29,60,10,3,16
W,29,60,2,ai,56,500,16
W,29,60,3,log,18,150,9
S,29,60,867,1329
W,30,60,1,ctrl,28,300,1
D,30,60,12,4,43
W,30,60,2,ai,57,500,16
W,30,60,3,log,17,150,9
S,30,60,804,1149
W,31,60,1,ctrl,23,300,1
D,31,60,9,7,81
W,31,60,2,ai,40,100,1
W,31,60,3,log,14,50,1
S,31,60,787,2234
J,1,ctrl,1,360,142,1473,30,4301,76201,1,40
# done
# RUN config=medlo alpha=60 rep=1/3
# prev_baseline_reset ngroups=3
# schedlab win=100 total=3600 groups=3
W,1,60,1,ctrl,42,300,1
D,1,60,18,1,2
W,1,60,2,ai,96,400,14
W,1,60,3,log,21,150,8
S,1,60,855,1333
W,2,60,1,ctrl,25,300,1
D,2,60,11,0,0
W,2,60,2,ai,43,500,15
W,2,60,3,log,22,150,8
S,2,60,884,1137
W,3,60,1,ctrl,24,300,2
D,3,60,10,0,0
W,3,60,2,ai,58,500,16
W,3,60,3,log,11,150,9
S,3,60,875,1330
W,4,60,1,ctrl,27,300,2
D,4,60,11,3,14
W,4,60,2,ai,55,500,16
W,4,60,3,log,17,150,9
S,4,60,854,1158
W,5,60,1,ctrl,33,300,2
D,5,60,12,8,69
W,5,60,2,ai,66,500,16
W,5,60,3,log,18,150,9
S,5,60,735,1117
W,6,60,1,ctrl,30,300,2
D,6,60,14,9,191
W,6,60,2,ai,69,500,16
W,6,60,3,log,17,150,9
S,6,60,771,1220
W,7,60,1,ctrl,26,300,2
D,7,60,11,5,43
W,7,60,2,ai,61,500,16
W,7,60,3,log,15,150,9
S,7,60,756,1240
W,8,60,1,ctrl,30,300,2
D,8,60,12,6,84
W,8,60,2,ai,67,500,16
W,8,60,3,log,14,150,9
S,8,60,875,1246
W,9,60,1,ctrl,29,300,2
D,9,60,13,7,86
W,9,60,2,ai,75,500,16
W,9,60,3,log,18,150,9
S,9,60,741,1329
W,10,60,1,ctrl,32,300,2
D,10,60,13,8,139
W,10,60,2,ai,67,500,16
W,10,60,3,log,15,150,9
S,10,60,882,1198
W,11,60,1,ctrl,28,300,2
D,11,60,12,8,117
W,11,60,2,ai,66,500,16
W,11,60,3,log,11,150,9
S,11,60,888,1509
W,12,60,1,ctrl,26,300,2
D,12,60,11,4,30
W,12,60,2,ai,58,500,16
W,12,60,3,log,14,150,9
S,12,60,810,1188
W,13,60,1,ctrl,28,300,2
D,13,60,12,6,71
W,13,60,2,ai,67,500,16
W,13,60,3,log,14,150,9
S,13,60,855,1230
W,14,60,1,ctrl,30,300,2
D,14,60,11,6,94
W,14,60,2,ai,63,500,16
W,14,60,3,log,18,150,9
S,14,60,739,1166
W,15,60,1,ctrl,29,300,2
D,15,60,13,10,124
W,15,60,2,ai,68,500,16
W,15,60,3,log,20,150,9
S,15,60,788,1275
W,16,60,1,ctrl,28,300,2
D,16,60,13,7,114
W,16,60,2,ai,65,500,16
W,16,60,3,log,10,150,9
S,16,60,879,1618
W,17,60,1,ctrl,26,300,2
D,17,60,12,6,71
W,17,60,2,ai,73,500,16
W,17,60,3,log,15,150,9
S,17,60,808,1381
W,18,60,1,ctrl,29,300,2
D,18,60,13,8,105
W,18,60,2,ai,67,500,16
W,18,60,3,log,16,150,9
S,18,60,798,1220
W,19,60,1,ctrl,32,300,2
D,19,60,13,9,107
W,19,60,2,ai,68,500,16
W,19,60,3,log,20,150,9
S,19,60,784,1184
W,20,60,1,ctrl,30,300,2
D,20,60,12,6,69
W,20,60,2,ai,65,500,16
W,20,60,3,log,12,150,9
S,20,60,880,1401
W,21,60,1,ctrl,30,300,2
D,21,60,13,8,90
W,21,60,2,ai,76,500,16
W,21,60,3,log,13,150,9
S,21,60,880,1440
W,22,60,1,ctrl,30,300,2
D,22,60,13,7,95
W,22,60,2,ai,70,500,16
W,22,60,3,log,16,150,9
S,22,60,825,1220
W,23,60,1,ctrl,28,300,2
D,23,60,12,9,121
W,23,60,2,ai,68,500,16
W,23,60,3,log,15,150,9
S,23,60,822,1250
W,24,60,1,ctrl,27,300,1
D,24,60,13,7,97
W,24,60,2,ai,64,500,16
W,24,60,3,log,15,150,9
S,24,60,798,1240
W,25,60,1,ctrl,29,300,2
D,25,60,12,7,59
W,25,60,2,ai,69,500,16
W,25,60,3,log,19,150,9
S,25,60,715,1275
W,26,60,1,ctrl,28,300,2
D,26,60,12,5,59
W,26,60,2,ai,75,500,16
W,26,60,3,log,13,150,9
S,26,60,869,1401
W,27,60,1,ctrl,31,300,2
D,27,60,13,8,98
W,27,60,2,ai,69,500,16
W,27,60,3,log,17,150,9
S,27,60,788,1193
W,28,60,1,ctrl,31,300,2
D,28,60,12,10,180
W,28,60,2,ai,62,500,16
W,28,60,3,log,19,150,9
S,28,60,847,1141
W,29,60,1,ctrl,27,300,1
D,29,60,12,8,114
W,29,60,2,ai,58,300,8
W,29,60,3,log,13,100,6
S,29,60,707,1556
J,1,ctrl,1,359,186,2443,34,5369,120081,1,44
# done
# RUN config=medlo alpha=60 rep=2/3
# prev_baseline_reset ngroups=3
# schedlab win=100 total=3600 groups=3
W,1,60,1,ctrl,45,300,1
D,1,60,18,1,2
W,1,60,2,ai,70,300,8
W,1,60,3,log,44,150,9
S,1,60,859,1413
W,2,60,1,ctrl,23,300,2
D,2,60,10,0,0
W,2,60,2,ai,45,400,13
W,2,60,3,log,24,150,9
S,2,60,786,1408
W,3,60,1,ctrl,25,300,1
D,3,60,11,0,0
W,3,60,2,ai,50,500,15
W,3,60,3,log,15,150,9
S,3,60,813,1137
W,4,60,1,ctrl,28,300,2
D,4,60,11,0,0
W,4,60,2,ai,55,500,16
W,4,60,3,log,21,150,9
S,4,60,695,1171
W,5,60,1,ctrl,28,300,2
D,5,60,12,4,35
W,5,60,2,ai,70,500,16
W,5,60,3,log,11,150,9
S,5,60,888,1570
W,6,60,1,ctrl,21,300,2
D,6,60,10,2,10
W,6,60,2,ai,62,500,16
W,6,60,3,log,12,150,9
S,6,60,817,1425
W,7,60,1,ctrl,34,300,2
D,7,60,12,11,164
W,7,60,2,ai,61,500,16
W,7,60,3,log,14,150,9
S,7,60,746,1226
W,8,60,1,ctrl,23,300,2
D,8,60,11,2,9
W,8,60,2,ai,61,500,16
W,8,60,3,log,14,150,9
S,8,60,767,1346
W,9,60,1,ctrl,28,300,2
D,9,60,12,6,68
W,9,60,2,ai,62,500,16
W,9,60,3,log,16,150,9
S,9,60,745,1193
W,10,60,1,ctrl,27,300,2
D,10,60,12,7,62
W,10,60,2,ai,69,500,16
W,10,60,3,log,19,150,9
S,10,60,731,1346
W,11,60,1,ctrl,27,300,2
D,11,60,11,4,20
W,11,60,2,ai,55,500,16
W,11,60,3,log,14,150,9
S,11,60,825,1120
W,12,60,1,ctrl,27,300,2
D,12,60,12,5,55
W,12,60,2,ai,67,500,16
W,12,60,3,log,15,150,9
S,12,60,808,1275
W,13,60,1,ctrl,31,300,2
D,13,60,13,7,115
W,13,60,2,ai,69,500,16
W,13,60,3,log,17,150,9
S,13,60,788,1193
W,14,60,1,ctrl,33,300,2
D,14,60,13,10,122
W,14,60,2,ai,63,500,16
W,14,60,3,log,22,150,9
S,14,60,790,1129
W,15,60,1,ctrl,29,300,2
D,15,60,12,5,45
W,15,60,2,ai,68,500,16
W,15,60,3,log,15,150,9
S,15,60,842,1220
W,16,60,1,ctrl,29,300,2
D,16,60,12,6,78
W,16,60,2,ai,66,500,16
W,16,60,3,log,13,150,9
S,16,60,881,1308
W,17,60,1,ctrl,30,300,2
D,17,60,13,6,81
W,17,60,2,ai,74,500,16
W,17,60,3,log,13,150,9
S,17,60,881,1414
W,18,60,1,ctrl,25,300,2
D,18,60,12,5,67
W,18,60,2,ai,68,500,16
W,18,60,3,log,15,150,9
S,18,60,784,1363
W,19,60,1,ctrl,32,300,2
D,19,60,13,9,111
W,19,60,2,ai,65,500,16
W,19,60,3,log,18,150,9
S,19,60,683,1133
W,20,60,1,ctrl,31,300,2
D,20,60,12,9,114
W,20,60,2,ai,62,500,16
W,20,60,3,log,18,150,9
S,20,60,757,1129
W,21,60,1,ctrl,33,300,2
D,21,60,14,11,265
W,21,60,2,ai,66,500,16
W,21,60,3,log,19,150,9
S,21,60,739,1129
W,22,60,1,ctrl,30,300,2
D,22,60,13,9,142
W,22,60,2,ai,65,500,16
W,22,60,3,log,18,150,9
S,22,60,693,1188
W,23,60,1,ctrl,27,300,2
D,23,60,9,3,13
W,23,60,2,ai,65,500,16
W,23,60,3,log,7,150,9
S,23,60,856,2242
W,24,60,1,ctrl,24,300,2
D,24,60,11,4,38
W,24,60,2,ai,57,500,16
W,24,60,3,log,10,150,9
S,24,60,888,1440
W,25,60,1,ctrl,31,300,2
D,25,60,12,7,94
W,25,60,2,ai,66,500,16
W,25,60,3,log,11,150,9
S,25,60,854,1554
W,26,60,1,ctrl,25,300,2
D,26,60,11,7,90
W,26,60,2,ai,65,500,16
W,26,60,3,log,18,150,9
S,26,60,737,1363
W,27,60,1,ctrl,33,300,2
D,27,60,13,12,274
W,27,60,2,ai,59,500,16
W,27,60,3,log,15,150,9
S,27,60,831,1121
W,28,60,1,ctrl,28,300,2
D,28,60,12,5,67
W,28,60,2,ai,66,500,16
W,28,60,3,log,16,150,9
S,28,60,771,1240
W,29,60,1,ctrl,29,300,2
D,29,60,13,7,95
W,29,60,2,ai,63,500,16
W,29,60,3,log,14,150,9
S,29,60,866,1189
W,30,60,1,ctrl,21,300,1
D,30,60,9,2,6
W,30,60,2,ai,45,100,1
W,30,60,3,log,15,50,1
S,30,60,783,2571
J,1,ctrl,1,359,166,2242,46,4970,113760,2,56
# done
# RUN config=medlo alpha=60 rep=3/3
# prev_baseline_reset ngroups=3
# schedlab win=100 total=3600 groups=3
W,1,60,1,ctrl,45,300,1
D,1,60,18,1,1
W,1,60,2,ai,74,300,10
W,1,60,3,log,45,150,9
S,1,60,876,1459
W,2,60,1,ctrl,24,300,2
D,2,60,10,0,0
W,2,60,2,ai,49,500,15
W,2,60,3,log,19,150,9
S,2,60,738,1211
W,3,60,1,ctrl,29,300,2
D,3,60,11,1,2
W,3,60,2,ai,53,500,16
W,3,60,3,log,16,150,9
S,3,60,843,1067
W,4,60,1,ctrl,28,300,2
D,4,60,11,2,22
W,4,60,2,ai,54,500,16
W,4,60,3,log,18,150,9
S,4,60,886,1125
W,5,60,1,ctrl,37,300,2
D,5,60,12,12,275
W,5,60,2,ai,65,500,16
W,5,60,3,log,18,150,9
S,5,60,867,1046
W,6,60,1,ctrl,35,300,2
D,6,60,14,11,205
W,6,60,2,ai,60,500,16
W,6,60,3,log,20,150,9
S,6,60,849,1036
W,7,60,1,ctrl,26,300,2
D,7,60,12,6,76
W,7,60,2,ai,68,500,16
W,7,60,3,log,17,150,9
S,7,60,697,1346
W,8,60,1,ctrl,25,300,2
D,8,60,12,6,83
W,8,60,2,ai,58,500,16
W,8,60,3,log,19,150,9
S,8,60,883,1285
W,9,60,1,ctrl,27,300,1
D,9,60,12,6,67
W,9,60,2,ai,58,500,16
W,9,60,3,log,18,150,9
S,9,60,854,1202
W,10,60,1,ctrl,24,300,2
D,10,60,10,2,12
W,10,60,2,ai,55,500,16
W,10,60,3,log,16,150,9
S,10,60,778,1250
W,11,60,1,ctrl,27,300,2
D,11,60,11,6,38
W,11,60,2,ai,65,500,16
W,11,60,3,log,14,150,9
S,11,60,837,1240
W,12,60,1,ctrl,33,300,2
D,12,60,13,9,123
W,12,60,2,ai,63,500,16
W,12,60,3,log,17,150,9
S,12,60,805,1078
W,13,60,1,ctrl,29,300,1
D,13,60,13,6,97
W,13,60,2,ai,58,500,16
W,13,60,3,log,20,150,9
S,13,60,870,1162
W,14,60,1,ctrl,32,300,1
D,14,60,13,6,95
W,14,60,2,ai,64,500,16
W,14,60,3,log,19,150,9
S,14,60,803,1133
W,15,60,1,ctrl,30,300,2
D,15,60,12,6,55
W,15,60,2,ai,65,500,16
W,15,60,3,log,19,150,9
S,15,60,778,1197
W,16,60,1,ctrl,30,300,2
D,16,60,12,9,96
W,16,60,2,ai,66,500,16
W,16,60,3,log,17,150,9
S,16,60,745,1188
W,17,60,1,ctrl,27,300,2
D,17,60,11,5,42
W,17,60,2,ai,51,500,16
W,17,60,3,log,17,150,9
S,17,60,853,1109
W,18,60,1,ctrl,25,300,1
D,18,60,11,4,17
W,18,60,2,ai,53,500,16
W,18,60,3,log,15,150,9
S,18,60,722,1175
W,19,60,1,ctrl,29,300,2
D,19,60,12,6,53
W,19,60,2,ai,66,500,16
W,19,60,3,log,19,150,9
S,19,60,762,1240
W,20,60,1,ctrl,31,300,2
D,20,60,12,7,104
W,20,60,2,ai,61,500,16
W,20,60,3,log,15,150,9
S,20,60,869,1121
W,21,60,1,ctrl,30,300,2
D,21,60,12,8,132
W,21,60,2,ai,60,500,16
W,21,60,3,log,17,150,9
S,21,60,685,1125
W,22,60,1,ctrl,28,300,2
D,22,60,12,6,46
W,22,60,2,ai,59,500,16
W,22,60,3,log,23,150,9
S,22,60,772,1240
W,23,60,1,ctrl,29,300,2
D,23,60,12,6,97
W,23,60,2,ai,62,500,16
W,23,60,3,log,13,150,9
S,23,60,883,1256
W,24,60,1,ctrl,32,300,1
D,24,60,13,6,76
W,24,60,2,ai,64,500,16
W,24,60,3,log,17,150,9
S,24,60,778,1113
W,25,60,1,ctrl,30,300,1
D,25,60,12,6,55
W,25,60,2,ai,60,500,16
W,25,60,3,log,17,150,9
S,25,60,685,1125
W,26,60,1,ctrl,24,300,2
D,26,60,10,3,22
W,26,60,2,ai,60,500,16
W,26,60,3,log,14,150,9
S,26,60,778,1290
W,27,60,1,ctrl,28,300,1
D,27,60,12,6,40
W,27,60,2,ai,57,500,16
W,27,60,3,log,18,150,9
S,27,60,873,1162
W,28,60,1,ctrl,25,300,2
D,28,60,10,4,24
W,28,60,2,ai,59,500,16
W,28,60,3,log,13,150,9
S,28,60,834,1225
W,29,60,1,ctrl,31,300,1
D,29,60,13,8,84
W,29,60,2,ai,61,500,16
W,29,60,3,log,17,150,9
S,29,60,706,1109
W,30,60,1,ctrl,25,300,2
D,30,60,10,2,7
W,30,60,2,ai,49,500,16
W,30,60,3,log,21,150,9
S,30,60,776,1197
J,1,ctrl,1,358,166,2046,36,4939,103677,2,46
# done
# WARMUP config=medlo alpha=70
# prev_baseline_reset ngroups=3
# schedlab win=100 total=3600 groups=3
W,1,70,1,ctrl,39,300,2
D,1,70,17,1,1
W,1,70,2,ai,70,400,8
W,1,70,3,log,46,200,9
S,1,70,723,1326
W,2,70,1,ctrl,28,300,2
D,2,70,11,1,6
W,2,70,2,ai,49,500,12
W,2,70,3,log,18,200,9
S,2,70,893,1058
W,3,70,1,ctrl,26,300,2
D,3,70,11,2,2
W,3,70,2,ai,57,600,13
W,3,70,3,log,22,200,9
S,3,70,737,1101
W,4,70,1,ctrl,27,300,2
D,4,70,10,10,113
W,4,70,2,ai,57,600,16
W,4,70,3,log,20,200,9
S,4,70,812,1050
W,5,70,1,ctrl,29,300,2
D,5,70,14,11,202
W,5,70,2,ai,72,600,16
W,5,70,3,log,18,200,9
S,5,70,883,1198
W,6,70,1,ctrl,23,300,2
D,6,70,9,8,109
W,6,70,2,ai,60,600,16
W,6,70,3,log,19,200,9
S,6,70,736,1208
W,7,70,1,ctrl,30,300,2
D,7,70,12,12,383
W,7,70,2,ai,61,600,16
W,7,70,3,log,24,200,9
S,7,70,885,1046
W,8,70,1,ctrl,31,300,2
D,8,70,13,13,405
W,8,70,2,ai,67,600,16
W,8,70,3,log,16,200,9
S,8,70,682,1292
W,9,70,1,ctrl,29,300,2
D,9,70,10,10,395
W,9,70,2,ai,63,600,16
W,9,70,3,log,24,200,9
S,9,70,719,1088
W,10,70,1,ctrl,31,300,2
D,10,70,12,12,616
W,10,70,2,ai,65,600,16
W,10,70,3,log,24,200,9
S,10,70,796,1054
W,11,70,1,ctrl,30,300,2
D,11,70,12,12,615
W,11,70,2,ai,66,600,16
W,11,70,3,log,17,200,9
S,11,70,780,1206
W,12,70,1,ctrl,29,300,2
D,12,70,12,12,753
W,12,70,2,ai,64,600,16
W,12,70,3,log,28,200,9
S,12,70,859,1138
W,13,70,1,ctrl,30,300,2
D,13,70,11,11,857
W,13,70,2,ai,66,600,16
W,13,70,3,log,20,200,9
S,13,70,875,1054
W,14,70,1,ctrl,31,300,2
D,14,70,13,13,999
W,14,70,2,ai,66,600,16
W,14,70,3,log,16,200,9
S,14,70,699,1283
W,15,70,1,ctrl,30,300,2
D,15,70,11,11,916
W,15,70,2,ai,66,600,16
W,15,70,3,log,26,200,9
S,15,70,767,1110
W,16,70,1,ctrl,30,300,2
D,16,70,11,11,1109
W,16,70,2,ai,66,600,16
W,16,70,3,log,20,200,9
S,16,70,875,1054
W,17,70,1,ctrl,29,300,2
D,17,70,14,14,1359
W,17,70,2,ai,67,600,16
W,17,70,3,log,17,200,9
S,17,70,859,1206
W,18,70,1,ctrl,30,300,2
D,18,70,11,11,1061
W,18,70,2,ai,66,600,16
W,18,70,3,log,25,200,9
S,18,70,666,1101
W,19,70,1,ctrl,31,300,2
D,19,70,12,12,1229
W,19,70,2,ai,61,600,16
W,19,70,3,log,20,200,9
S,19,70,820,1016
W,20,70,1,ctrl,27,300,2
D,20,70,11,11,1033
W,20,70,2,ai,57,600,16
W,20,70,3,log,20,200,9
S,20,70,812,1050
W,21,70,1,ctrl,30,300,2
D,21,70,13,13,1255
W,21,70,2,ai,68,600,16
W,21,70,3,log,18,200,9
S,21,70,856,1167
W,22,70,1,ctrl,30,300,2
D,22,70,13,13,1188
W,22,70,2,ai,65,600,16
W,22,70,3,log,23,200,9
S,22,70,833,1070
W,23,70,1,ctrl,30,300,2
D,23,70,12,12,1110
W,23,70,2,ai,63,600,16
W,23,70,3,log,24,200,9
S,23,70,835,1062
W,24,70,1,ctrl,29,300,2
D,24,70,12,12,1121
W,24,70,2,ai,66,600,16
W,24,70,3,log,19,200,9
S,24,70,886,1090
W,25,70,1,ctrl,30,300,2
D,25,70,12,12,1155
W,25,70,2,ai,65,600,16
W,25,70,3,log,21,200,9
S,25,70,665,1054
W,26,70,1,ctrl,29,300,2
D,26,70,13,13,1221
W,26,70,2,ai,64,600,16
W,26,70,3,log,24,200,9
S,26,70,719,1101
W,27,70,1,ctrl,31,300,2
D,27,70,12,12,1131
W,27,70,2,ai,67,600,16
W,27,70,3,log,17,200,9
S,27,70,720,1231
W,28,70,1,ctrl,31,300,2
D,28,70,12,12,1181
W,28,70,2,ai,64,600,16
W,28,70,3,log,27,200,9
S,28,70,879,1070
W,29,70,1,ctrl,32,300,1
D,29,70,12,12,1443
W,29,70,2,ai,67,200,4
W,29,70,3,log,18,100,4
S,29,70,702,1831
J,1,ctrl,1,348,309,22968,139,26314,2529174,1,149
# done
# RUN config=medlo alpha=70 rep=1/3
# prev_baseline_reset ngroups=3
# schedlab win=100 total=3600 groups=3
W,1,70,1,ctrl,43,300,2
D,1,70,17,3,12
W,1,70,2,ai,86,500,10
W,1,70,3,log,38,200,9
S,1,70,847,1167
W,2,70,1,ctrl,34,300,2
D,2,70,13,10,176
W,2,70,2,ai,60,600,16
W,2,70,3,log,25,200,9
S,2,70,853,1081
W,3,70,1,ctrl,29,300,2
D,3,70,11,11,242
W,3,70,2,ai,64,600,16
W,3,70,3,log,23,200,9
S,3,70,834,1088
W,4,70,1,ctrl,30,300,2
D,4,70,13,13,288
W,4,70,2,ai,68,600,16
W,4,70,3,log,17,200,9
S,4,70,825,1231
W,5,70,1,ctrl,23,300,2
D,5,70,11,7,89
W,5,70,2,ai,53,600,16
W,5,70,3,log,21,200,9
S,5,70,685,1147
W,6,70,1,ctrl,30,300,2
D,6,70,12,12,206
W,6,70,2,ai,64,600,16
W,6,70,3,log,24,200,9
S,6,70,754,1070
W,7,70,1,ctrl,34,300,2
D,7,70,14,13,253
W,7,70,2,ai,72,600,16
W,7,70,3,log,25,200,9
S,7,70,847,1050
W,8,70,1,ctrl,30,300,2
D,8,70,12,12,322
W,8,70,2,ai,56,600,16
W,8,70,3,log,20,200,9
S,8,70,889,1032
W,9,70,1,ctrl,29,300,2
D,9,70,13,13,294
W,9,70,2,ai,67,600,16
W,9,70,3,log,18,200,9
S,9,70,882,1152
W,10,70,1,ctrl,29,300,2
D,10,70,12,12,215
W,10,70,2,ai,65,600,16
W,10,70,3,log,23,200,9
S,10,70,877,1101
W,11,70,1,ctrl,30,300,2
D,11,70,12,12,287
W,11,70,2,ai,62,600,16
W,11,70,3,log,24,200,9
S,11,70,884,1054
W,12,70,1,ctrl,31,300,2
D,12,70,12,12,312
W,12,70,2,ai,68,600,16
W,12,70,3,log,16,200,9
S,12,70,709,1302
W,13,70,1,ctrl,29,300,2
D,13,70,13,13,313
W,13,70,2,ai,66,600,16
W,13,70,3,log,23,200,9
S,13,70,888,1110
W,14,70,1,ctrl,30,300,2
D,14,70,12,12,250
W,14,70,2,ai,65,600,16
W,14,70,3,log,23,200,9
S,14,70,833,1070
W,15,70,1,ctrl,31,300,2
D,15,70,10,10,384
W,15,70,2,ai,64,600,16
W,15,70,3,log,16,200,9
S,15,70,788,1256
W,16,70,1,ctrl,30,300,2
D,16,70,12,12,589
W,16,70,2,ai,64,600,16
W,16,70,3,log,25,200,9
S,16,70,829,1079
W,17,70,1,ctrl,28,300,2
D,17,70,12,12,456
W,17,70,2,ai,59,600,16
W,17,70,3,log,20,200,9
S,17,70,886,1042
W,18,70,1,ctrl,30,300,2
D,18,70,13,13,482
W,18,70,2,ai,65,600,16
W,18,70,3,log,24,200,9
S,18,70,699,1079
W,19,70,1,ctrl,31,300,2
D,19,70,12,12,433
W,19,70,2,ai,67,600,16
W,19,70,3,log,22,200,9
S,19,70,759,1054
W,20,70,1,ctrl,29,300,2
D,20,70,12,12,422
W,20,70,2,ai,62,600,16
W,20,70,3,log,24,200,9
S,20,70,803,1079
W,21,70,1,ctrl,31,300,2
D,21,70,12,12,527
W,21,70,2,ai,62,600,16
W,21,70,3,log,20,200,9
S,21,70,877,1028
W,22,70,1,ctrl,30,300,2
D,22,70,12,12,590
W,22,70,2,ai,66,600,16
W,22,70,3,log,21,200,9
S,22,70,734,1062
W,23,70,1,ctrl,31,300,2
D,23,70,12,12,603
W,23,70,2,ai,62,600,16
W,23,70,3,log,20,200,9
S,23,70,877,1028
W,24,70,1,ctrl,30,300,2
D,24,70,10,10,620
W,24,70,2,ai,65,600,16
W,24,70,3,log,24,200,9
S,24,70,699,1079
W,25,70,1,ctrl,30,300,2
D,25,70,13,13,878
W,25,70,2,ai,66,600,16
W,25,70,3,log,17,200,9
S,25,70,780,1206
W,26,70,1,ctrl,30,300,2
D,26,70,12,12,891
W,26,70,2,ai,66,600,16
W,26,70,3,log,23,200,9
S,26,70,896,1079
W,27,70,1,ctrl,30,300,2
D,27,70,12,12,903
W,27,70,2,ai,63,600,16
W,27,70,3,log,24,200,9
S,27,70,835,1062
W,28,70,1,ctrl,30,300,2
D,28,70,13,13,969
W,28,70,2,ai,68,600,16
W,28,70,3,log,18,200,9
S,28,70,856,1167
W,29,70,1,ctrl,20,300,1
D,29,70,9,9,667
W,29,70,2,ai,41,100,1
W,29,70,3,log,16,50,1
S,29,70,813,2571
J,1,ctrl,1,353,331,12673,97,16126,941608,4,107
# done
# RUN config=medlo alpha=70 rep=2/3
# prev_baseline_reset ngroups=3
# schedlab win=100 total=3600 groups=3
W,1,70,1,ctrl,48,300,2
D,1,70,18,2,10
W,1,70,2,ai,84,600,13
W,1,70,3,log,35,150,6
S,1,70,685,1137
W,2,70,1,ctrl,24,300,2
D,2,70,11,3,11
W,2,70,2,ai,70,600,16
W,2,70,3,log,11,150,7
S,2,70,877,1365
W,3,70,1,ctrl,32,300,2
D,3,70,13,11,173
W,3,70,2,ai,74,600,16
W,3,70,3,log,15,200,9
S,3,70,746,1471
W,4,70,1,ctrl,29,300,2
D,4,70,11,10,168
W,4,70,2,ai,64,600,16
W,4,70,3,log,23,200,9
S,4,70,834,1088
W,5,70,1,ctrl,31,300,2
D,5,70,12,12,301
W,5,70,2,ai,65,600,16
W,5,70,3,log,16,200,9
S,5,70,734,1274
W,6,70,1,ctrl,30,300,2
D,6,70,12,12,348
W,6,70,2,ai,63,600,16
W,6,70,3,log,28,200,9
S,6,70,888,1101
W,7,70,1,ctrl,30,300,2
D,7,70,12,12,392
W,7,70,2,ai,62,600,16
W,7,70,3,log,20,200,9
S,7,70,870,1018
W,8,70,1,ctrl,29,300,2
D,8,70,12,12,399
W,8,70,2,ai,68,600,16
W,8,70,3,log,17,200,9
S,8,70,861,1214
W,9,70,1,ctrl,30,300,2
D,9,70,13,13,463
W,9,70,2,ai,66,600,16
W,9,70,3,log,24,200,9
S,9,70,810,1088
W,10,70,1,ctrl,30,300,2
D,10,70,11,11,418
W,10,70,2,ai,64,600,16
W,10,70,3,log,24,200,9
S,10,70,754,1070
W,11,70,1,ctrl,30,300,2
D,11,70,13,13,486
W,11,70,2,ai,63,600,16
W,11,70,3,log,18,200,9
S,11,70,725,1117
W,12,70,1,ctrl,29,300,2
D,12,70,12,12,493
W,12,70,2,ai,66,600,16
W,12,70,3,log,22,200,9
S,12,70,837,1101
W,13,70,1,ctrl,30,300,2
D,13,70,11,11,524
W,13,70,2,ai,63,600,16
W,13,70,3,log,24,200,9
S,13,70,835,1062
W,14,70,1,ctrl,29,300,2
D,14,70,14,14,633
W,14,70,2,ai,67,600,16
W,14,70,3,log,18,200,9
S,14,70,882,1152
W,15,70,1,ctrl,30,300,2
D,15,70,11,11,499
W,15,70,2,ai,66,600,16
W,15,70,3,log,24,200,9
S,15,70,810,1088
W,16,70,1,ctrl,30,300,2
D,16,70,12,12,595
W,16,70,2,ai,63,600,16
W,16,70,3,log,24,200,9
S,16,70,835,1062
W,17,70,1,ctrl,27,300,2
D,17,70,11,11,453
W,17,70,2,ai,56,600,16
W,17,70,3,log,20,200,9
S,17,70,763,1038
W,18,70,1,ctrl,31,300,2
D,18,70,12,12,581
W,18,70,2,ai,67,600,16
W,18,70,3,log,20,200,9
S,18,70,886,1071
W,19,70,1,ctrl,30,300,2
D,19,70,11,11,582
W,19,70,2,ai,63,600,16
W,19,70,3,log,23,200,9
S,19,70,742,1054
W,20,70,1,ctrl,31,300,2
D,20,70,13,13,727
W,20,70,2,ai,62,600,16
W,20,70,3,log,20,200,9
S,20,70,877,1028
W,21,70,1,ctrl,30,300,2
D,21,70,12,12,724
W,21,70,2,ai,67,600,16
W,21,70,3,log,18,200,9
S,21,70,853,1160
W,22,70,1,ctrl,28,300,2
D,22,70,12,12,808
W,22,70,2,ai,66,600,16
W,22,70,3,log,24,200,9
S,22,70,882,1147
W,23,70,1,ctrl,30,300,2
D,23,70,12,12,813
W,23,70,2,ai,63,600,16
W,23,70,3,log,23,200,9
S,23,70,742,1054
W,24,70,1,ctrl,28,300,2
D,24,70,13,13,581
W,24,70,2,ai,56,600,16
W,24,70,3,log,20,200,9
S,24,70,821,1013
W,25,70,1,ctrl,32,300,2
D,25,70,13,13,518
W,25,70,2,ai,67,600,16
W,25,70,3,log,19,200,9
S,25,70,696,1124
W,26,70,1,ctrl,30,300,2
D,26,70,12,12,460
W,26,70,2,ai,63,600,16
W,26,70,3,log,20,200,9
S,26,70,880,1028
W,27,70,1,ctrl,30,300,2
D,27,70,12,12,479
W,27,70,2,ai,61,600,16
W,27,70,3,log,24,200,9
S,27,70,885,1046
W,28,70,1,ctrl,30,300,2
D,28,70,13,13,540
W,28,70,2,ai,66,600,16
W,28,70,3,log,17,200,9
S,28,70,780,1206
W,29,70,1,ctrl,31,300,1
D,29,70,13,13,500
W,29,70,2,ai,59,500,12
W,29,70,3,log,25,200,8
S,29,70,874,1115
J,1,ctrl,1,357,330,13679,86,17120,968786,3,96
# done
# RUN config=medlo alpha=70 rep=3/3
# prev_baseline_reset ngroups=3
# schedlab win=100 total=3600 groups=3
W,1,70,1,ctrl,44,300,1
D,1,70,18,0,0
W,1,70,2,ai,58,300,7
W,1,70,3,log,54,200,9
S,1,70,694,1329
W,2,70,1,ctrl,24,300,2
D,2,70,10,0,0
W,2,70,2,ai,48,500,11
W,2,70,3,log,21,200,9
S,2,70,868,1162
W,3,70,1,ctrl,29,300,2
D,3,70,11,1,2
W,3,70,2,ai,47,600,13
W,3,70,3,log,21,200,9
S,3,70,882,1126
W,4,70,1,ctrl,31,300,2
D,4,70,11,11,334
W,4,70,2,ai,73,600,16
W,4,70,3,log,24,200,9
S,4,70,794,1123
W,5,70,1,ctrl,30,300,2
D,5,70,12,12,509
W,5,70,2,ai,66,600,16
W,5,70,3,log,18,200,9
S,5,70,831,1152
W,6,70,1,ctrl,30,300,2
D,6,70,11,11,575
W,6,70,2,ai,64,600,16
W,6,70,3,log,22,200,9
S,6,70,882,1054
W,7,70,1,ctrl,31,300,2
D,7,70,12,12,670
W,7,70,2,ai,62,600,16
W,7,70,3,log,24,200,9
S,7,70,857,1030
W,8,70,1,ctrl,31,300,2
D,8,70,12,12,713
W,8,70,2,ai,64,600,16
W,8,70,3,log,19,200,9
S,8,70,708,1090
W,9,70,1,ctrl,31,300,2
D,9,70,12,12,758
W,9,70,2,ai,63,600,16
W,9,70,3,log,24,200,9
S,9,70,886,1038
W,10,70,1,ctrl,31,300,2
D,10,70,13,13,840
W,10,70,2,ai,64,600,16
W,10,70,3,log,20,200,9
S,10,70,831,1046
W,11,70,1,ctrl,31,300,2
D,11,70,11,11,766
W,11,70,2,ai,62,600,16
W,11,70,3,log,19,200,9
S,11,70,857,1071
W,12,70,1,ctrl,30,300,2
D,12,70,11,11,870
W,12,70,2,ai,65,600,16
W,12,70,3,log,24,200,9
S,12,70,699,1079
W,13,70,1,ctrl,30,300,2
D,13,70,12,12,1104
W,13,70,2,ai,64,600,16
W,13,70,3,log,24,200,9
S,13,70,754,1070
W,14,70,1,ctrl,32,300,2
D,14,70,13,13,1204
W,14,70,2,ai,65,600,16
W,14,70,3,log,17,200,9
S,14,70,822,1214
W,15,70,1,ctrl,29,300,2
D,15,70,12,12,1104
W,15,70,2,ai,63,600,16
W,15,70,3,log,20,200,9
S,15,70,780,1054
W,16,70,1,ctrl,30,300,2
D,16,70,11,11,1033
W,16,70,2,ai,64,600,16
W,16,70,3,log,24,200,9
S,16,70,754,1070
W,17,70,1,ctrl,31,300,2
D,17,70,12,12,1274
W,17,70,2,ai,65,600,16
W,17,70,3,log,17,200,9
S,17,70,709,1206
W,18,70,1,ctrl,29,300,2
D,18,70,13,13,1374
W,18,70,2,ai,65,600,16
W,18,70,3,log,23,200,9
S,18,70,877,1101
W,19,70,1,ctrl,29,300,2
D,19,70,11,11,1214
W,19,70,2,ai,64,600,16
W,19,70,3,log,24,200,9
S,19,70,719,1101
W,20,70,1,ctrl,30,300,2
D,20,70,13,13,1429
W,20,70,2,ai,64,600,16
W,20,70,3,log,17,200,9
S,20,70,709,1183
W,21,70,1,ctrl,30,300,2
D,21,70,12,12,1329
W,21,70,2,ai,65,600,16
W,21,70,3,log,27,200,9
S,21,70,854,1110
W,22,70,1,ctrl,32,300,2
D,22,70,11,11,1271
W,22,70,2,ai,61,600,16
W,22,70,3,log,20,200,9
S,22,70,886,1028
W,23,70,1,ctrl,30,300,2
D,23,70,12,12,1573
W,23,70,2,ai,68,600,16
W,23,70,3,log,19,200,9
S,23,70,878,1117
W,24,70,1,ctrl,29,300,2
D,24,70,12,12,1593
W,24,70,2,ai,66,600,16
W,24,70,3,log,22,200,9
S,24,70,837,1101
W,25,70,1,ctrl,30,300,2
D,25,70,12,12,1612
W,25,70,2,ai,64,600,16
W,25,70,3,log,24,200,9
S,25,70,754,1070
W,26,70,1,ctrl,30,300,2
D,26,70,11,11,1625
W,26,70,2,ai,69,600,16
W,26,70,3,log,17,200,9
S,26,70,837,1239
W,27,70,1,ctrl,29,300,2
D,27,70,13,13,2002
W,27,70,2,ai,65,600,16
W,27,70,3,log,24,200,9
S,27,70,785,1110
W,28,70,1,ctrl,30,300,2
D,28,70,11,11,1710
W,28,70,2,ai,64,600,16
W,28,70,3,log,25,200,9
S,28,70,829,1079
W,29,70,1,ctrl,20,300,1
D,29,70,9,9,1486
W,29,70,2,ai,38,100,1
W,29,70,3,log,14,50,1
S,29,70,801,2404
J,1,ctrl,1,344,306,29974,182,33225,4000129,4,192
# done
# WARMUP config=medlo alpha=80
# prev_baseline_reset ngroups=3
# schedlab win=100 total=3600 groups=3
W,1,80,1,ctrl,43,300,2
D,1,80,17,6,26
W,1,80,2,ai,99,700,13
W,1,80,3,log,22,150,5
S,1,80,896,1008
W,2,80,1,ctrl,29,300,2
D,2,80,12,12,205
W,2,80,2,ai,78,900,16
W,2,80,3,log,22,250,9
S,2,80,739,1026
W,3,80,1,ctrl,25,300,2
D,3,80,11,11,561
W,3,80,2,ai,84,900,16
W,3,80,3,log,23,250,9
S,3,80,743,1089
W,4,80,1,ctrl,25,300,2
D,4,80,10,10,892
W,4,80,2,ai,80,900,16
W,4,80,3,log,27,250,9
S,4,80,876,1089
W,5,80,1,ctrl,25,300,2
D,5,80,10,10,1315
W,5,80,2,ai,84,900,16
W,5,80,3,log,19,250,9
S,5,80,843,1162
W,6,80,1,ctrl,23,300,2
D,6,80,10,10,1532
W,6,80,2,ai,73,900,16
W,6,80,3,log,19,250,9
S,6,80,864,1042
W,7,80,1,ctrl,24,300,2
D,7,80,10,10,1908
W,7,80,2,ai,82,900,16
W,7,80,3,log,24,250,9
S,7,80,886,1119
W,8,80,1,ctrl,24,300,2
D,8,80,9,9,2108
W,8,80,2,ai,82,900,16
W,8,80,3,log,22,250,9
S,8,80,699,1101
W,9,80,1,ctrl,24,300,2
D,9,80,10,10,2805
W,9,80,2,ai,81,900,16
W,9,80,3,log,23,250,9
S,9,80,868,1101
W,10,80,1,ctrl,25,300,2
D,10,80,10,10,3188
W,10,80,2,ai,81,900,16
W,10,80,3,log,23,250,9
S,10,80,887,1067
W,11,80,1,ctrl,23,300,2
D,11,80,9,9,3106
W,11,80,2,ai,82,900,16
W,11,80,3,log,24,250,9
S,11,80,898,1157
W,12,80,1,ctrl,26,300,2
D,12,80,9,9,3555
W,12,80,2,ai,68,900,16
W,12,80,3,log,19,250,9
S,12,80,772,1031
W,13,80,1,ctrl,24,300,2
D,13,80,11,11,4846
W,13,80,2,ai,82,900,16
W,13,80,3,log,24,250,9
S,13,80,886,1119
W,14,80,1,ctrl,22,300,2
D,14,80,9,9,4134
W,14,80,2,ai,70,900,16
W,14,80,3,log,20,250,9
S,14,80,913,1051
W,15,80,1,ctrl,24,300,2
D,15,80,10,10,4984
W,15,80,2,ai,82,900,16
W,15,80,3,log,23,250,9
S,15,80,847,1107
W,16,80,1,ctrl,26,300,2
D,16,80,10,10,5477
W,16,80,2,ai,84,900,16
W,16,80,3,log,22,250,9
S,16,80,870,1051
W,17,80,1,ctrl,22,300,2
D,17,80,9,9,5147
W,17,80,2,ai,71,900,16
W,17,80,3,log,24,250,9
S,17,80,875,1095
W,18,80,1,ctrl,25,300,2
D,18,80,11,11,6727
W,18,80,2,ai,81,900,16
W,18,80,3,log,22,250,9
S,18,80,721,1056
W,19,80,1,ctrl,25,300,2
D,19,80,9,9,5868
W,19,80,2,ai,84,900,16
W,19,80,3,log,22,250,9
S,19,80,814,1084
W,20,80,1,ctrl,26,300,2
D,20,80,10,10,6954
W,20,80,2,ai,82,900,16
W,20,80,3,log,22,250,9
S,20,80,829,1030
W,21,80,1,ctrl,25,300,2
D,21,80,11,11,8047
W,21,80,2,ai,80,900,16
W,21,80,3,log,21,250,9
S,21,80,882,1040
W,22,80,1,ctrl,25,300,2
D,22,80,9,9,6946
W,22,80,2,ai,93,900,16
W,22,80,3,log,24,250,9
S,22,80,724,1170
W,23,80,1,ctrl,28,300,2
D,23,80,10,10,9057
W,23,80,2,ai,93,900,16
W,23,80,3,log,24,250,9
S,23,80,850,1067
W,24,80,1,ctrl,25,300,2
D,24,80,10,10,9505
W,24,80,2,ai,79,900,16
W,24,80,3,log,24,250,9
S,24,80,789,1056
W,25,80,1,ctrl,23,300,2
D,25,80,11,11,10642
W,25,80,2,ai,69,900,16
W,25,80,3,log,20,250,9
S,25,80,761,1006
W,26,80,1,ctrl,9,300,1
D,26,80,2,2,2008
W,26,80,2,ai,24,100,1
W,26,80,3,log,10,50,1
S,26,80,827,3186
J,1,ctrl,1,259,248,111543,1008,114080,73956352,3,1018
# done
# RUN config=medlo alpha=80 rep=1/3
# prev_baseline_reset ngroups=3
# schedlab win=100 total=3600 groups=3
W,1,80,1,ctrl,45,300,2
D,1,80,18,0,0
W,1,80,2,ai,71,600,11
W,1,80,3,log,52,250,9
S,1,80,713,1234
W,2,80,1,ctrl,30,300,2
D,2,80,12,12,285
W,2,80,2,ai,76,900,16
W,2,80,3,log,28,250,9
S,2,80,852,1093
W,3,80,1,ctrl,25,300,2
D,3,80,11,11,619
W,3,80,2,ai,81,900,16
W,3,80,3,log,26,250,9
S,3,80,840,1089
W,4,80,1,ctrl,26,300,2
D,4,80,10,10,927
W,4,80,2,ai,94,900,16
W,4,80,3,log,23,250,9
S,4,80,853,1138
W,5,80,1,ctrl,23,300,2
D,5,80,10,10,1299
W,5,80,2,ai,69,900,16
W,5,80,3,log,19,250,9
S,5,80,1000,1005
W,6,80,1,ctrl,25,300,2
D,6,80,10,10,1721
W,6,80,2,ai,83,900,16
W,6,80,3,log,26,250,9
S,6,80,696,1107
W,7,80,1,ctrl,25,300,2
D,7,80,11,11,2351
W,7,80,2,ai,95,900,16
W,7,80,3,log,22,250,9
S,7,80,865,1170
W,8,80,1,ctrl,25,300,2
D,8,80,9,9,2309
W,8,80,2,ai,70,900,16
W,8,80,3,log,18,250,9
S,8,80,709,1081
W,9,80,1,ctrl,23,300,2
D,9,80,10,10,2786
W,9,80,2,ai,73,900,16
W,9,80,3,log,19,250,9
S,9,80,864,1042
W,10,80,1,ctrl,25,300,2
D,10,80,11,11,3441
W,10,80,2,ai,80,900,16
W,10,80,3,log,25,250,9
S,10,80,816,1072
W,11,80,1,ctrl,26,300,2
D,11,80,10,10,3508
W,11,80,2,ai,80,900,16
W,11,80,3,log,24,250,9
S,11,80,860,1030
W,12,80,1,ctrl,25,300,2
D,12,80,10,10,3871
W,12,80,2,ai,80,900,16
W,12,80,3,log,20,250,9
S,12,80,829,1075
W,13,80,1,ctrl,24,300,2
D,13,80,9,9,3891
W,13,80,2,ai,84,900,16
W,13,80,3,log,23,250,9
S,13,80,752,1125
W,14,80,1,ctrl,25,300,2
D,14,80,10,10,4781
W,14,80,2,ai,81,900,16
W,14,80,3,log,23,250,9
S,14,80,887,1067
W,15,80,1,ctrl,25,300,2
D,15,80,10,10,5185
W,15,80,2,ai,91,900,16
W,15,80,3,log,28,250,9
S,15,80,857,1190
W,16,80,1,ctrl,27,300,2
D,16,80,10,10,5565
W,16,80,2,ai,69,900,16
W,16,80,3,log,20,250,9
S,16,80,666,1043
W,17,80,1,ctrl,24,300,2
D,17,80,11,11,6546
W,17,80,2,ai,83,900,16
W,17,80,3,log,24,250,9
S,17,80,899,1125
W,18,80,1,ctrl,24,300,2
D,18,80,10,10,6287
W,18,80,2,ai,82,900,16
W,18,80,3,log,24,250,9
S,18,80,886,1119
W,19,80,1,ctrl,23,300,2
D,19,80,10,10,6406
W,19,80,2,ai,69,900,16
W,19,80,3,log,20,250,9
S,19,80,761,1006
W,20,80,1,ctrl,24,300,2
D,20,80,11,11,7490
W,20,80,2,ai,80,900,16
W,20,80,3,log,24,250,9
S,20,80,829,1101
W,21,80,1,ctrl,25,300,2
D,21,80,10,10,7175
W,21,80,2,ai,81,900,16
W,21,80,3,log,24,250,9
S,21,80,803,1072
W,22,80,1,ctrl,24,300,2
D,22,80,9,9,6805
W,22,80,2,ai,82,900,16
W,22,80,3,log,24,250,9
S,22,80,886,1119
W,23,80,1,ctrl,25,300,2
D,23,80,11,11,8789
W,23,80,2,ai,79,900,16
W,23,80,3,log,24,250,9
S,23,80,789,1056
W,24,80,1,ctrl,26,300,2
D,24,80,8,8,6776
W,24,80,2,ai,82,900,16
W,24,80,3,log,27,250,9
S,24,80,877,1072
W,25,80,1,ctrl,24,300,2
D,25,80,10,10,9024
W,25,80,2,ai,81,900,16
W,25,80,3,log,20,250,9
S,25,80,864,1075
W,26,80,1,ctrl,10,300,1
D,26,80,3,3,2842
W,26,80,2,ai,38,100,1
W,26,80,3,log,15,50,1
S,26,80,820,4215
J,1,ctrl,1,264,246,110679,952,113249,69214441,4,962
# done
# RUN config=medlo alpha=80 rep=2/3
# prev_baseline_reset ngroups=3
# schedlab win=100 total=3600 groups=3
W,1,80,1,ctrl,42,300,2
D,1,80,16,3,8
W,1,80,2,ai,70,800,15
W,1,80,3,log,47,250,8
S,1,80,833,1345
W,2,80,1,ctrl,26,300,2
D,2,80,8,8,336
W,2,80,2,ai,69,900,16
W,2,80,3,log,22,250,9
S,2,80,898,1052
W,3,80,1,ctrl,25,300,2
D,3,80,10,10,879
W,3,80,2,ai,80,900,16
W,3,80,3,log,24,250,9
S,3,80,665,1067
W,4,80,1,ctrl,25,300,2
D,4,80,10,10,1293
W,4,80,2,ai,82,900,16
W,4,80,3,log,24,250,9
S,4,80,849,1084
W,5,80,1,ctrl,25,300,2
D,5,80,10,10,1672
W,5,80,2,ai,79,900,16
W,5,80,3,log,24,250,9
S,5,80,789,1056
W,6,80,1,ctrl,25,300,2
D,6,80,10,10,2078
W,6,80,2,ai,83,900,16
W,6,80,3,log,23,250,9
S,6,80,786,1084
W,7,80,1,ctrl,24,300,2
D,7,80,10,10,2450
W,7,80,2,ai,83,900,16
W,7,80,3,log,23,250,9
S,7,80,783,1119
W,8,80,1,ctrl,25,300,2
D,8,80,11,11,3093
W,8,80,2,ai,80,900,16
W,8,80,3,log,24,250,9
S,8,80,665,1067
W,9,80,1,ctrl,24,300,2
D,9,80,10,10,3224
W,9,80,2,ai,82,900,16
W,9,80,3,log,23,250,9
S,9,80,847,1107
W,10,80,1,ctrl,24,300,2
D,10,80,9,9,3274
W,10,80,2,ai,81,900,16
W,10,80,3,log,23,250,9
S,10,80,868,1101
W,11,80,1,ctrl,25,300,2
D,11,80,10,10,4094
W,11,80,2,ai,77,900,16
W,11,80,3,log,24,250,9
S,11,80,870,1040
W,12,80,1,ctrl,24,300,2
D,12,80,7,7,3273
W,12,80,2,ai,81,900,16
W,12,80,3,log,24,250,9
S,12,80,868,1107
W,13,80,1,ctrl,25,300,2
D,13,80,10,10,5126
W,13,80,2,ai,82,900,16
W,13,80,3,log,24,250,9
S,13,80,849,1084
W,14,80,1,ctrl,25,300,2
D,14,80,10,10,5551
W,14,80,2,ai,81,900,16
W,14,80,3,log,24,250,9
S,14,80,803,1072
W,15,80,1,ctrl,26,300,2
D,15,80,10,10,5955
W,15,80,2,ai,80,900,16
W,15,80,3,log,23,250,9
S,15,80,661,1024
W,16,80,1,ctrl,26,300,2
D,16,80,10,10,6329
W,16,80,2,ai,81,900,16
W,16,80,3,log,24,250,9
S,16,80,777,1040
W,17,80,1,ctrl,25,300,2
D,17,80,9,9,6154
W,17,80,2,ai,81,900,16
W,17,80,3,log,28,250,9
S,17,80,885,1107
W,18,80,1,ctrl,27,300,2
D,18,80,9,9,6515
W,18,80,2,ai,79,900,16
W,18,80,3,log,20,250,9
S,18,80,882,1088
W,19,80,1,ctrl,25,300,2
D,19,80,10,10,7771
W,19,80,2,ai,82,900,16
W,19,80,3,log,24,250,9
S,19,80,849,1084
W,20,80,1,ctrl,25,300,2
D,20,80,10,10,8194
W,20,80,2,ai,80,900,16
W,20,80,3,log,23,250,9
S,20,80,904,1056
W,21,80,1,ctrl,24,300,2
D,21,80,10,10,8575
W,21,80,2,ai,81,900,16
W,21,80,3,log,28,250,9
S,21,80,836,1144
W,22,80,1,ctrl,27,300,2
D,22,80,10,10,8994
W,22,80,2,ai,77,900,16
W,22,80,3,log,23,250,9
S,22,80,895,1023
W,23,80,1,ctrl,26,300,2
D,23,80,10,10,9376
W,23,80,2,ai,83,900,16
W,23,80,3,log,20,250,9
S,23,80,800,1109
W,24,80,1,ctrl,25,300,2
D,24,80,10,10,9731
W,24,80,2,ai,82,900,16
W,24,80,3,log,23,250,9
S,24,80,837,1072
W,25,80,1,ctrl,25,300,2
D,25,80,10,10,10149
W,25,80,2,ai,81,900,16
W,25,80,3,log,24,250,9
S,25,80,803,1072
W,26,80,1,ctrl,10,300,1
D,26,80,4,4,4226
W,26,80,2,ai,37,100,1
W,26,80,3,log,14,50,1
S,26,80,812,4085
J,1,ctrl,1,253,240,128320,1064,130800,93882370,2,1074
# done
# RUN config=medlo alpha=80 rep=3/3
# prev_baseline_reset ngroups=3
# schedlab win=100 total=3600 groups=3
W,1,80,1,ctrl,43,300,2
D,1,80,18,1,5
W,1,80,2,ai,85,700,12
W,1,80,3,log,40,250,8
S,1,80,828,1108
W,2,80,1,ctrl,25,300,2
D,2,80,10,10,357
W,2,80,2,ai,75,900,16
W,2,80,3,log,23,250,9
S,2,80,801,1018
W,3,80,1,ctrl,25,300,2
D,3,80,9,9,645
W,3,80,2,ai,78,900,16
W,3,80,3,log,25,250,9
S,3,80,875,1056
W,4,80,1,ctrl,24,300,2
D,4,80,10,10,1221
W,4,80,2,ai,80,900,16
W,4,80,3,log,20,250,9
S,4,80,874,1068
W,5,80,1,ctrl,24,300,2
D,5,80,10,10,1599
W,5,80,2,ai,83,900,16
W,5,80,3,log,24,250,9
S,5,80,899,1125
W,6,80,1,ctrl,24,300,2
D,6,80,8,8,1710
W,6,80,2,ai,81,900,16
W,6,80,3,log,23,250,9
S,6,80,868,1101
W,7,80,1,ctrl,25,300,2
D,7,80,9,9,2374
W,7,80,2,ai,80,900,16
W,7,80,3,log,24,250,9
S,7,80,665,1067
W,8,80,1,ctrl,24,300,2
D,8,80,10,10,3028
W,8,80,2,ai,82,900,16
W,8,80,3,log,24,250,9
S,8,80,886,1119
W,9,80,1,ctrl,25,300,2
D,9,80,9,9,3137
W,9,80,2,ai,78,900,16
W,9,80,3,log,24,250,9
S,9,80,870,1051
W,10,80,1,ctrl,25,300,2
D,10,80,10,10,3950
W,10,80,2,ai,81,900,16
W,10,80,3,log,24,250,9
S,10,80,803,1072
W,11,80,1,ctrl,25,300,2
D,11,80,9,9,3904
W,11,80,2,ai,83,900,16
W,11,80,3,log,24,250,9
S,11,80,887,1089
W,12,80,1,ctrl,24,300,2
D,12,80,10,10,4874
W,12,80,2,ai,83,900,16
W,12,80,3,log,24,250,9
S,12,80,899,1125
W,13,80,1,ctrl,25,300,2
D,13,80,11,11,5665
W,13,80,2,ai,82,900,16
W,13,80,3,log,24,250,9
S,13,80,849,1084
W,14,80,1,ctrl,26,300,2
D,14,80,9,9,5047
W,14,80,2,ai,81,900,16
W,14,80,3,log,27,250,9
S,14,80,872,1061
W,15,80,1,ctrl,26,300,2
D,15,80,10,10,6029
W,15,80,2,ai,80,900,16
W,15,80,3,log,22,250,9
S,15,80,771,1014
W,16,80,1,ctrl,26,300,2
D,16,80,10,10,6477
W,16,80,2,ai,79,900,16
W,16,80,3,log,20,250,9
S,16,80,771,1075
W,17,80,1,ctrl,24,300,2
D,17,80,11,11,7496
W,17,80,2,ai,79,900,16
W,17,80,3,log,24,250,9
S,17,80,739,1095
W,18,80,1,ctrl,25,300,2
D,18,80,10,10,7195
W,18,80,2,ai,81,900,16
W,18,80,3,log,28,250,9
S,18,80,885,1107
W,19,80,1,ctrl,26,300,2
D,19,80,10,10,7529
W,19,80,2,ai,80,900,16
W,19,80,3,log,24,250,9
S,19,80,860,1030
W,20,80,1,ctrl,24,300,2
D,20,80,10,10,7974
W,20,80,2,ai,92,900,16
W,20,80,3,log,23,250,9
S,20,80,776,1197
W,21,80,1,ctrl,25,300,2
D,21,80,11,11,9141
W,21,80,2,ai,68,900,16
W,21,80,3,log,24,250,9
S,21,80,782,1067
W,22,80,1,ctrl,26,300,2
D,22,80,10,10,8672
W,22,80,2,ai,81,900,16
W,22,80,3,log,20,250,9
S,22,80,743,1095
W,23,80,1,ctrl,25,300,2
D,23,80,8,8,7315
W,23,80,2,ai,82,900,16
W,23,80,3,log,24,250,9
S,23,80,849,1084
W,24,80,1,ctrl,26,300,2
D,24,80,10,10,9650
W,24,80,2,ai,75,900,16
W,24,80,3,log,24,250,9
S,24,80,731,1033
W,25,80,1,ctrl,25,300,2
D,25,80,10,10,10068
W,25,80,2,ai,90,900,16
W,25,80,3,log,26,250,9
S,25,80,886,1163
W,26,80,1,ctrl,11,300,1
D,26,80,4,4,4175
W,26,80,2,ai,14,100,1
W,26,80,3,log,7,50,1
S,26,80,856,1941
J,1,ctrl,1,256,239,129237,1055,131739,93217919,2,1065
# done
# WARMUP config=medlo alpha=90
# prev_baseline_reset ngroups=3
# schedlab win=100 total=3600 groups=3
W,1,90,1,ctrl,42,300,2
D,1,90,17,4,10
W,1,90,2,ai,99,1000,14
W,1,90,3,log,29,300,8
S,1,90,836,1100
W,2,90,1,ctrl,18,300,2
D,2,90,7,7,190
W,2,90,2,ai,64,1200,16
W,2,90,3,log,25,350,9
S,2,90,745,1083
W,3,90,1,ctrl,21,300,2
D,3,90,8,8,754
W,3,90,2,ai,89,1200,16
W,3,90,3,log,28,350,9
S,3,90,852,1065
W,4,90,1,ctrl,19,300,2
D,4,90,7,7,1183
W,4,90,2,ai,87,1200,16
W,4,90,3,log,27,350,9
S,4,90,843,1140
W,5,90,1,ctrl,22,300,2
D,5,90,8,8,1925
W,5,90,2,ai,89,1200,16
W,5,90,3,log,23,350,9
S,5,90,739,1105
W,6,90,1,ctrl,19,300,2
D,6,90,8,8,2512
W,6,90,2,ai,92,1200,16
W,6,90,3,log,22,350,9
S,6,90,893,1145
W,7,90,1,ctrl,19,300,2
D,7,90,6,6,2363
W,7,90,2,ai,92,1200,16
W,7,90,3,log,27,350,9
S,7,90,812,1182
W,8,90,1,ctrl,18,300,2
D,8,90,8,8,3526
W,8,90,2,ai,72,1200,16
W,8,90,3,log,27,350,9
S,8,90,805,1058
W,9,90,1,ctrl,20,300,2
D,9,90,6,6,3085
W,9,90,2,ai,89,1200,16
W,9,90,3,log,24,350,9
S,9,90,882,1080
W,10,90,1,ctrl,20,300,2
D,10,90,8,8,4766
W,10,90,2,ai,88,1200,16
W,10,90,3,log,32,350,9
S,10,90,896,1140
W,11,90,1,ctrl,20,300,2
D,11,90,8,8,5384
W,11,90,2,ai,89,1200,16
W,11,90,3,log,24,350,9
S,11,90,882,1080
W,12,90,1,ctrl,22,300,2
D,12,90,7,7,5245
W,12,90,2,ai,90,1200,16
W,12,90,3,log,28,350,9
S,12,90,886,1031
W,13,90,1,ctrl,21,300,2
D,13,90,7,7,5789
W,13,90,2,ai,88,1200,16
W,13,90,3,log,23,350,9
S,13,90,774,1086
W,14,90,1,ctrl,19,300,2
D,14,90,7,7,6312
W,14,90,2,ai,92,1200,16
W,14,90,3,log,31,350,9
S,14,90,689,1218
W,15,90,1,ctrl,21,300,2
D,15,90,7,7,6748
W,15,90,2,ai,84,1200,16
W,15,90,3,log,24,350,9
S,15,90,666,1016
W,16,90,1,ctrl,20,300,2
D,16,90,9,9,9489
W,16,90,2,ai,87,1200,16
W,16,90,3,log,31,350,9
S,16,90,897,1125
W,17,90,1,ctrl,22,300,2
D,17,90,8,8,8954
W,17,90,2,ai,88,1200,16
W,17,90,3,log,20,350,9
S,17,90,789,1235
W,18,90,1,ctrl,20,300,2
D,18,90,7,7,8392
W,18,90,2,ai,109,1200,16
W,18,90,3,log,31,350,9
S,18,90,737,1296
W,19,90,1,ctrl,21,300,2
D,19,90,8,8,10404
W,19,90,2,ai,89,1200,16
W,19,90,3,log,31,350,9
S,19,90,895,1094
W,20,90,1,ctrl,20,300,2
D,20,90,7,7,9643
W,20,90,2,ai,90,1200,16
W,20,90,3,log,24,350,9
S,20,90,883,1087
W,21,90,1,ctrl,19,300,2
D,21,90,8,8,11638
W,21,90,2,ai,89,1200,16
W,21,90,3,log,26,350,9
S,21,90,814,1148
W,22,90,1,ctrl,20,300,2
D,22,90,8,8,12183
W,22,90,2,ai,88,1200,16
W,22,90,3,log,28,350,9
S,22,90,708,1102
W,23,90,1,ctrl,21,300,2
D,23,90,7,7,11159
W,23,90,2,ai,85,1200,16
W,23,90,3,log,24,350,9
S,23,90,790,1027
W,24,90,1,ctrl,20,300,2
D,24,90,8,8,13384
W,24,90,2,ai,91,1200,16
W,24,90,3,log,28,350,9
S,24,90,843,1132
J,1,ctrl,1,189,176,145038,1683,146875,168474909,1,1693
# done
# RUN config=medlo alpha=90 rep=1/3
# prev_baseline_reset ngroups=3
# schedlab win=100 total=3600 groups=3
W,1,90,1,ctrl,44,300,2
D,1,90,16,1,2
W,1,90,2,ai,99,1000,13
W,1,90,3,log,34,250,7
S,1,90,866,1153
W,2,90,1,ctrl,18,300,2
D,2,90,7,7,460
W,2,90,2,ai,82,1200,16
W,2,90,3,log,19,350,9
S,2,90,829,1188
W,3,90,1,ctrl,17,300,2
D,3,90,7,7,754
W,3,90,2,ai,75,1200,16
W,3,90,3,log,23,350,9
S,3,90,828,1102
W,4,90,1,ctrl,20,300,2
D,4,90,8,8,1453
W,4,90,2,ai,89,1200,16
W,4,90,3,log,26,350,9
S,4,90,801,1094
W,5,90,1,ctrl,19,300,2
D,5,90,7,7,1814
W,5,90,2,ai,90,1200,16
W,5,90,3,log,32,350,9
S,5,90,832,1208
W,6,90,1,ctrl,21,300,2
D,6,90,7,7,2332
W,6,90,2,ai,85,1200,16
W,6,90,3,log,24,350,9
S,6,90,790,1027
W,7,90,1,ctrl,18,300,2
D,7,90,8,8,3084
W,7,90,2,ai,74,1200,16
W,7,90,3,log,24,350,9
S,7,90,889,1045
W,8,90,1,ctrl,21,300,2
D,8,90,7,7,3234
W,8,90,2,ai,105,1200,16
W,8,90,3,log,28,350,9
S,8,90,818,1191
W,9,90,1,ctrl,20,300,2
D,9,90,8,8,4293
W,9,90,2,ai,77,1200,16
W,9,90,3,log,24,350,9
S,9,90,820,1018
W,10,90,1,ctrl,22,300,2
D,10,90,7,7,4299
W,10,90,2,ai,88,1200,16
W,10,90,3,log,32,350,9
S,10,90,807,1051
W,11,90,1,ctrl,20,300,2
D,11,90,8,8,5496
W,11,90,2,ai,86,1200,16
W,11,90,3,log,24,350,9
S,11,90,883,1058
W,12,90,1,ctrl,20,300,2
D,12,90,8,8,6083
W,12,90,2,ai,104,1200,16
W,12,90,3,log,32,350,9
S,12,90,887,1265
W,13,90,1,ctrl,21,300,2
D,13,90,6,6,5205
W,13,90,2,ai,89,1200,16
W,13,90,3,log,32,350,9
S,13,90,885,1102
W,14,90,1,ctrl,21,300,2
D,14,90,7,7,6668
W,14,90,2,ai,91,1200,16
W,14,90,3,log,20,350,9
S,14,90,715,1251
W,15,90,1,ctrl,19,300,2
D,15,90,7,7,7224
W,15,90,2,ai,90,1200,16
W,15,90,3,log,31,350,9
S,15,90,787,1200
W,16,90,1,ctrl,21,300,2
D,16,90,8,8,8810
W,16,90,2,ai,90,1200,16
W,16,90,3,log,24,350,9
S,16,90,882,1067
W,17,90,1,ctrl,18,300,2
D,17,90,7,7,8033
W,17,90,2,ai,76,1200,16
W,17,90,3,log,28,350,9
S,17,90,874,1102
W,18,90,1,ctrl,22,300,2
D,18,90,8,8,9828
W,18,90,2,ai,106,1200,16
W,18,90,3,log,25,350,9
S,18,90,888,1159
W,19,90,1,ctrl,21,300,2
D,19,90,7,7,9362
W,19,90,2,ai,88,1200,16
W,19,90,3,log,24,350,9
S,19,90,883,1050
W,20,90,1,ctrl,19,300,2
D,20,90,7,7,9919
W,20,90,2,ai,90,1200,16
W,20,90,3,log,28,350,9
S,20,90,851,1173
W,21,90,1,ctrl,20,300,2
D,21,90,8,8,11936
W,21,90,2,ai,90,1200,16
W,21,90,3,log,31,350,9
S,21,90,860,1148
W,22,90,1,ctrl,19,300,2
D,22,90,7,7,10988
W,22,90,2,ai,90,1200,16
W,22,90,3,log,24,350,9
S,22,90,856,1140
W,23,90,1,ctrl,19,300,2
D,23,90,8,8,13117
W,23,90,2,ai,93,1200,16
W,23,90,3,log,31,350,9
S,23,90,710,1227
W,24,90,1,ctrl,22,300,2
D,24,90,7,7,12015
W,24,90,2,ai,85,900,12
W,24,90,3,log,20,250,6
S,24,90,844,1190
J,1,ctrl,1,185,170,146409,1731,148169,173689189,2,1741
# done
# RUN config=medlo alpha=90 rep=2/3
# prev_baseline_reset ngroups=3
# schedlab win=100 total=3600 groups=3
W,1,90,1,ctrl,36,300,2
D,1,90,16,6,32
W,1,90,2,ai,97,1200,16
W,1,90,3,log,36,250,6
S,1,90,872,1195
W,2,90,1,ctrl,21,300,2
D,2,90,7,7,473
W,2,90,2,ai,86,1200,16
W,2,90,3,log,19,350,9
S,2,90,733,1260
W,3,90,1,ctrl,20,300,2
D,3,90,8,8,1133
W,3,90,2,ai,88,1200,16
W,3,90,3,log,31,350,9
S,3,90,884,1132
W,4,90,1,ctrl,20,300,2
D,4,90,7,7,1523
W,4,90,2,ai,90,1200,16
W,4,90,3,log,20,350,9
S,4,90,796,1235
W,5,90,1,ctrl,21,300,2
D,5,90,7,7,2051
W,5,90,2,ai,100,1200,16
W,5,90,3,log,27,350,9
S,5,90,827,1148
W,6,90,1,ctrl,21,300,2
D,6,90,8,8,2940
W,6,90,2,ai,77,1200,16
W,6,90,3,log,24,350,9
S,6,90,879,1026
W,7,90,1,ctrl,20,300,2
D,7,90,7,7,3176
W,7,90,2,ai,91,1200,16
W,7,90,3,log,27,350,9
S,7,90,848,1125
W,8,90,1,ctrl,21,300,2
D,8,90,7,7,3666
W,8,90,2,ai,85,1200,16
W,8,90,3,log,32,350,9
S,8,90,815,1065
W,9,90,1,ctrl,21,300,2
D,9,90,6,6,3651
W,9,90,2,ai,86,1200,16
W,9,90,3,log,19,350,9
S,9,90,733,1260
W,10,90,1,ctrl,20,300,2
D,10,90,8,8,5475
W,10,90,2,ai,90,1200,16
W,10,90,3,log,28,350,9
S,10,90,802,1125
W,11,90,1,ctrl,20,300,2
D,11,90,8,8,6074
W,11,90,2,ai,93,1200,16
W,11,90,3,log,28,350,9
S,11,90,871,1148
W,12,90,1,ctrl,21,300,2
D,12,90,8,8,6689
W,12,90,2,ai,99,1200,16
W,12,90,3,log,26,350,9
S,12,90,868,1132
W,13,90,1,ctrl,23,300,2
D,13,90,8,8,7491
W,13,90,2,ai,91,1200,16
W,13,90,3,log,30,350,9
S,13,90,769,1026
W,14,90,1,ctrl,20,300,2
D,14,90,7,7,7066
W,14,90,2,ai,88,1200,16
W,14,90,3,log,27,350,9
S,14,90,801,1094
W,15,90,1,ctrl,21,300,2
D,15,90,7,7,7651
W,15,90,2,ai,89,1200,16
W,15,90,3,log,24,350,9
S,15,90,870,1055
W,16,90,1,ctrl,18,300,2
D,16,90,7,7,7918
W,16,90,2,ai,73,1200,16
W,16,90,3,log,20,350,9
S,16,90,666,1050
W,17,90,1,ctrl,19,300,2
D,17,90,6,6,7429
W,17,90,2,ai,90,1200,16
W,17,90,3,log,28,350,9
S,17,90,851,1173
W,18,90,1,ctrl,21,300,2
D,18,90,8,8,10529
W,18,90,2,ai,89,1200,16
W,18,90,3,log,24,350,9
S,18,90,870,1055
W,19,90,1,ctrl,21,300,2
D,19,90,7,7,9726
W,19,90,2,ai,89,1200,16
W,19,90,3,log,31,350,9
S,19,90,895,1094
W,20,90,1,ctrl,19,300,2
D,20,90,9,9,13168
W,20,90,2,ai,92,1200,16
W,20,90,3,log,27,350,9
S,20,90,812,1182
W,21,90,1,ctrl,21,300,2
D,21,90,7,7,10732
W,21,90,2,ai,86,1200,16
W,21,90,3,log,26,350,9
S,21,90,866,1031
W,22,90,1,ctrl,21,300,2
D,22,90,8,8,12896
W,22,90,2,ai,89,1200,16
W,22,90,3,log,20,350,9
S,22,90,685,1235
W,23,90,1,ctrl,22,300,2
D,23,90,7,7,11781
W,23,90,2,ai,104,1200,16
W,23,90,3,log,27,350,9
S,23,90,887,1132
W,24,90,1,ctrl,17,300,1
D,24,90,7,7,12246
W,24,90,2,ai,43,100,1
W,24,90,3,log,15,50,1
S,24,90,794,2946
J,1,ctrl,1,185,175,155516,1761,157325,190674303,4,1771
# done
# RUN config=medlo alpha=90 rep=3/3
# prev_baseline_reset ngroups=3
# schedlab win=100 total=3600 groups=3
W,1,90,1,ctrl,44,300,2
D,1,90,18,4,20
W,1,90,2,ai,101,800,11
W,1,90,3,log,34,250,7
S,1,90,758,1049
W,2,90,1,ctrl,26,300,2
D,2,90,10,10,404
W,2,90,2,ai,84,1100,15
W,2,90,3,log,23,350,9
S,2,90,736,1162
W,3,90,1,ctrl,20,300,2
D,3,90,7,7,843
W,3,90,2,ai,91,1200,16
W,3,90,3,log,24,350,9
S,3,90,887,1094
W,4,90,1,ctrl,18,300,2
D,4,90,7,7,1225
W,4,90,2,ai,77,1200,16
W,4,90,3,log,24,350,9
S,4,90,721,1072
W,5,90,1,ctrl,17,300,2
D,5,90,8,8,1736
W,5,90,2,ai,74,1200,16
W,5,90,3,log,24,350,9
S,5,90,829,1102
W,6,90,1,ctrl,20,300,2
D,6,90,7,7,2032
W,6,90,2,ai,92,1200,16
W,6,90,3,log,28,350,9
S,6,90,885,1140
W,7,90,1,ctrl,18,300,2
D,7,90,7,7,2352
W,7,90,2,ai,74,1200,16
W,7,90,3,log,23,350,9
S,7,90,886,1038
W,8,90,1,ctrl,20,300,2
D,8,90,8,8,3291
W,8,90,2,ai,93,1200,16
W,8,90,3,log,24,350,9
S,8,90,895,1117
W,9,90,1,ctrl,22,300,2
D,9,90,8,8,3877
W,9,90,2,ai,89,1200,16
W,9,90,3,log,27,350,9
S,9,90,923,1018
W,10,90,1,ctrl,21,300,2
D,10,90,8,8,4422
W,10,90,2,ai,87,1200,16
W,10,90,3,log,27,350,9
S,10,90,867,1045
W,11,90,1,ctrl,22,300,2
D,11,90,8,8,4998
W,11,90,2,ai,88,1200,16
W,11,90,3,log,28,350,9
S,11,90,812,1018
W,12,90,1,ctrl,21,300,2
D,12,90,8,8,5559
W,12,90,2,ai,90,1200,16
W,12,90,3,log,20,350,9
S,12,90,700,1243
W,13,90,1,ctrl,20,300,2
D,13,90,8,8,6150
W,13,90,2,ai,90,1200,16
W,13,90,3,log,31,350,9
S,13,90,860,1148
W,14,90,1,ctrl,20,300,2
D,14,90,8,8,6711
W,14,90,2,ai,88,1200,16
W,14,90,3,log,25,350,9
S,14,90,766,1080
W,15,90,1,ctrl,20,300,2
D,15,90,7,7,6366
W,15,90,2,ai,86,1200,16
W,15,90,3,log,24,350,9
S,15,90,883,1058
W,16,90,1,ctrl,19,300,2
D,16,90,7,7,6906
W,16,90,2,ai,89,1200,16
W,16,90,3,log,27,350,9
S,16,90,888,1157
W,17,90,1,ctrl,20,300,2
D,17,90,6,6,6364
W,17,90,2,ai,91,1200,16
W,17,90,3,log,31,350,9
S,17,90,835,1157
W,18,90,1,ctrl,22,300,2
D,18,90,8,8,9251
W,18,90,2,ai,89,1200,16
W,18,90,3,log,20,350,9
S,18,90,754,1243
W,19,90,1,ctrl,20,300,2
D,19,90,8,8,9813
W,19,90,2,ai,89,1200,16
W,19,90,3,log,28,350,9
S,19,90,704,1117
W,20,90,1,ctrl,19,300,2
D,20,90,7,7,9134
W,20,90,2,ai,92,1200,16
W,20,90,3,log,25,350,9
S,20,90,802,1165
W,21,90,1,ctrl,18,300,2
D,21,90,8,8,10781
W,21,90,2,ai,76,1200,16
W,21,90,3,log,27,350,9
S,21,90,879,1094
W,22,90,1,ctrl,20,300,2
D,22,90,8,8,11359
W,22,90,2,ai,89,1200,16
W,22,90,3,log,28,350,9
S,22,90,704,1117
W,23,90,1,ctrl,21,300,2
D,23,90,8,8,11960
W,23,90,2,ai,90,1200,16
W,23,90,3,log,20,350,9
S,23,90,700,1243
W,24,90,1,ctrl,20,300,2
D,24,90,8,8,12549
W,24,90,2,ai,89,1200,16
W,24,90,3,log,31,350,9
S,24,90,884,1140
W,25,90,1,ctrl,6,300,1
D,25,90,1,1,1635
W,25,90,2,ai,32,100,1
W,25,90,3,log,6,50,1
S,25,90,698,4897
J,1,ctrl,1,196,182,139738,1635,141642,152832718,2,1645
# done
# WARMUP config=medlo alpha=100
# prev_baseline_reset ngroups=3
# schedlab win=100 total=3600 groups=3
W,1,100,1,ctrl,37,600,2
D,1,100,16,11,98
W,1,100,2,ai,110,1500,15
W,1,100,3,log,35,300,6
S,1,100,850,1231
W,2,100,1,ctrl,19,600,2
D,2,100,7,7,412
W,2,100,2,ai,93,1600,16
W,2,100,3,log,23,450,9
S,2,100,674,1614
W,3,100,1,ctrl,21,600,2
D,3,100,8,8,1108
W,3,100,2,ai,95,1600,16
W,3,100,3,log,24,450,9
S,3,100,684,1506
W,4,100,1,ctrl,20,600,2
D,4,100,7,7,1629
W,4,100,2,ai,96,1600,16
W,4,100,3,log,26,450,9
S,4,100,772,1614
W,5,100,1,ctrl,18,600,2
D,5,100,8,8,2272
W,5,100,2,ai,84,1600,16
W,5,100,3,log,28,450,9
S,5,100,891,1637
W,6,100,1,ctrl,20,600,2
D,6,100,7,7,2565
W,6,100,2,ai,91,1600,16
W,6,100,3,log,23,450,9
S,6,100,683,1516
W,7,100,1,ctrl,18,600,2
D,7,100,8,8,3368
W,7,100,2,ai,86,1600,16
W,7,100,3,log,24,450,9
S,7,100,798,1614
W,8,100,1,ctrl,19,600,2
D,8,100,8,8,3978
W,8,100,2,ai,96,1600,16
W,8,100,3,log,32,450,9
S,8,100,891,1751
W,9,100,1,ctrl,21,600,2
D,9,100,8,8,4635
W,9,100,2,ai,91,1600,16
W,9,100,3,log,24,450,9
S,9,100,730,1467
W,10,100,1,ctrl,20,600,2
D,10,100,7,7,4661
W,10,100,2,ai,96,1600,16
W,10,100,3,log,28,450,9
S,10,100,836,1637
W,11,100,1,ctrl,20,600,2
D,11,100,8,8,5979
W,11,100,2,ai,101,1600,16
W,11,100,3,log,29,450,9
S,11,100,825,1699
W,12,100,1,ctrl,20,600,2
D,12,100,6,6,5015
W,12,100,2,ai,79,1600,16
W,12,100,3,log,24,450,9
S,12,100,881,1395
W,13,100,1,ctrl,18,600,2
D,13,100,7,7,6281
W,13,100,2,ai,81,1600,16
W,13,100,3,log,24,450,9
S,13,100,855,1547
W,14,100,1,ctrl,19,600,2
D,14,100,8,8,7873
W,14,100,2,ai,96,1600,16
W,14,100,3,log,27,450,9
S,14,100,808,1699
W,15,100,1,ctrl,21,600,2
D,15,100,8,8,8484
W,15,100,2,ai,97,1600,16
W,15,100,3,log,29,450,9
S,15,100,857,1591
W,16,100,1,ctrl,20,600,2
D,16,100,8,8,9136
W,16,100,2,ai,93,1600,16
W,16,100,3,log,24,450,9
S,16,100,715,1558
W,17,100,1,ctrl,20,600,2
D,17,100,7,7,8533
W,17,100,2,ai,94,1600,16
W,17,100,3,log,29,450,9
S,17,100,871,1625
W,18,100,1,ctrl,21,600,2
D,18,100,8,8,10367
W,18,100,2,ai,99,1600,16
W,18,100,3,log,24,450,9
S,18,100,690,1558
W,19,100,1,ctrl,20,600,2
D,19,100,8,8,10899
W,19,100,2,ai,92,1600,16
W,19,100,3,log,26,450,9
S,19,100,811,1569
W,20,100,1,ctrl,20,600,2
D,20,100,7,7,10210
W,20,100,2,ai,90,1600,16
W,20,100,3,log,29,450,9
S,20,100,887,1580
W,21,100,1,ctrl,23,600,2
D,21,100,8,8,12473
W,21,100,2,ai,103,1600,16
W,21,100,3,log,27,450,9
S,21,100,727,1506
W,22,100,1,ctrl,20,600,2
D,22,100,8,8,13124
W,22,100,2,ai,99,1600,16
W,22,100,3,log,30,450,9
S,22,100,863,1686
W,23,100,1,ctrl,22,600,2
D,23,100,7,7,12097
W,23,100,2,ai,92,1600,16
W,23,100,3,log,24,450,9
S,23,100,706,1421
J,1,ctrl,1,182,177,145197,1752,146997,171215173,4,1762
# done
# RUN config=medlo alpha=100 rep=1/3
# prev_baseline_reset ngroups=3
# schedlab win=100 total=3600 groups=3
W,1,100,1,ctrl,36,600,2
D,1,100,18,2,6
W,1,100,2,ai,87,700,7
W,1,100,3,log,49,450,9
S,1,100,795,1636
W,2,100,1,ctrl,26,600,2
D,2,100,9,9,311
W,2,100,2,ai,66,1100,11
W,2,100,3,log,30,450,9
S,2,100,881,1309
W,3,100,1,ctrl,20,600,2
D,3,100,8,8,624
W,3,100,2,ai,76,1500,15
W,3,100,3,log,29,450,9
S,3,100,829,1468
W,4,100,1,ctrl,20,600,2
D,4,100,8,8,1160
W,4,100,2,ai,92,1600,16
W,4,100,3,log,28,450,9
S,4,100,870,1591
W,5,100,1,ctrl,20,600,2
D,5,100,7,7,1619
W,5,100,2,ai,97,1600,16
W,5,100,3,log,26,450,9
S,5,100,756,1625
W,6,100,1,ctrl,19,600,2
D,6,100,7,7,2225
W,6,100,2,ai,97,1600,16
W,6,100,3,log,26,450,9
S,6,100,764,1699
W,7,100,1,ctrl,19,600,2
D,7,100,8,8,3196
W,7,100,2,ai,97,1600,16
W,7,100,3,log,27,450,9
S,7,100,794,1712
W,8,100,1,ctrl,20,600,2
D,8,100,7,7,3402
W,8,100,2,ai,95,1600,16
W,8,100,3,log,26,450,9
S,8,100,780,1602
W,9,100,1,ctrl,21,600,2
D,9,100,7,7,4009
W,9,100,2,ai,104,1600,16
W,9,100,3,log,29,450,9
S,9,100,800,1661
W,10,100,1,ctrl,20,600,2
D,10,100,7,7,4615
W,10,100,2,ai,84,1600,16
W,10,100,3,log,27,450,9
S,10,100,892,1486
W,11,100,1,ctrl,21,600,2
D,11,100,8,8,5889
W,11,100,2,ai,89,1600,16
W,11,100,3,log,24,450,9
S,11,100,759,1448
W,12,100,1,ctrl,20,600,2
D,12,100,8,8,6505
W,12,100,2,ai,98,1600,16
W,12,100,3,log,32,450,9
S,12,100,890,1699
W,13,100,1,ctrl,22,600,2
D,13,100,8,8,7192
W,13,100,2,ai,92,1600,16
W,13,100,3,log,26,450,9
S,13,100,811,1439
W,14,100,1,ctrl,21,600,2
D,14,100,7,7,6852
W,14,100,2,ai,94,1600,16
W,14,100,3,log,26,450,9
S,14,100,789,1527
W,15,100,1,ctrl,21,600,2
D,15,100,8,8,8379
W,15,100,2,ai,89,1600,16
W,15,100,3,log,24,450,9
S,15,100,759,1448
W,16,100,1,ctrl,20,600,2
D,16,100,8,8,9062
W,16,100,2,ai,98,1600,16
W,16,100,3,log,30,450,9
S,16,100,868,1674
W,17,100,1,ctrl,21,600,2
D,17,100,6,6,7343
W,17,100,2,ai,94,1600,16
W,17,100,3,log,27,450,9
S,17,100,828,1537
W,18,100,1,ctrl,20,600,2
D,18,100,8,8,10567
W,18,100,2,ai,92,1600,16
W,18,100,3,log,24,450,9
S,18,100,725,1537
W,19,100,1,ctrl,20,600,2
D,19,100,7,7,9751
W,19,100,2,ai,95,1600,16
W,19,100,3,log,27,450,9
S,19,100,818,1614
W,20,100,1,ctrl,20,600,2
D,20,100,9,9,13270
W,20,100,2,ai,92,1600,16
W,20,100,3,log,28,450,9
S,20,100,870,1591
W,21,100,1,ctrl,19,600,2
D,21,100,8,8,12409
W,21,100,2,ai,96,1600,16
W,21,100,3,log,30,450,9
S,21,100,876,1725
W,22,100,1,ctrl,21,600,2
D,22,100,7,7,11437
W,22,100,2,ai,97,1600,16
W,22,100,3,log,23,450,9
S,22,100,714,1527
W,23,100,1,ctrl,18,600,2
D,23,100,8,8,13570
W,23,100,2,ai,82,1600,16
W,23,100,3,log,24,450,9
S,23,100,843,1558
J,1,ctrl,1,186,170,143393,1715,145191,171380371,1,1725
# done
# RUN config=medlo alpha=100 rep=2/3
# prev_baseline_reset ngroups=3
# schedlab win=100 total=3600 groups=3
W,1,100,1,ctrl,43,600,2
D,1,100,18,11,53
W,1,100,2,ai,112,1200,12
W,1,100,3,log,38,350,7
S,1,100,870,1256
W,2,100,1,ctrl,19,600,2
D,2,100,8,8,398
W,2,100,2,ai,87,1600,16
W,2,100,3,log,20,400,8
S,2,100,708,1533
W,3,100,1,ctrl,20,600,2
D,3,100,7,7,915
W,3,100,2,ai,95,1600,16
W,3,100,3,log,19,450,9
S,3,100,828,1516
W,4,100,1,ctrl,19,600,2
D,4,100,8,8,1688
W,4,100,2,ai,97,1600,16
W,4,100,3,log,27,450,9
S,4,100,794,1712
W,5,100,1,ctrl,18,600,2
D,5,100,7,7,1882
W,5,100,2,ai,86,1600,16
W,5,100,3,log,24,450,9
S,5,100,798,1614
W,6,100,1,ctrl,20,600,2
D,6,100,8,8,2807
W,6,100,2,ai,92,1600,16
W,6,100,3,log,26,450,9
S,6,100,811,1569
W,7,100,1,ctrl,20,600,2
D,7,100,8,8,3421
W,7,100,2,ai,96,1600,16
W,7,100,3,log,28,450,9
S,7,100,836,1637
W,8,100,1,ctrl,20,600,2
D,8,100,8,8,4037
W,8,100,2,ai,94,1600,16
W,8,100,3,log,33,450,9
S,8,100,879,1661
W,9,100,1,ctrl,21,600,2
D,9,100,7,7,4146
W,9,100,2,ai,89,1600,16
W,9,100,3,log,27,450,9
S,9,100,875,1477
W,10,100,1,ctrl,22,600,2
D,10,100,7,7,4749
W,10,100,2,ai,97,1600,16
W,10,100,3,log,24,450,9
S,10,100,684,1477
W,11,100,1,ctrl,19,600,2
D,11,100,8,8,6075
W,11,100,2,ai,95,1600,16
W,11,100,3,log,27,450,9
S,11,100,814,1686
W,12,100,1,ctrl,17,600,2
D,12,100,8,8,6514
W,12,100,2,ai,88,1600,16
W,12,100,3,log,25,450,9
S,12,100,815,1738
W,13,100,1,ctrl,19,600,2
D,13,100,6,6,5265
W,13,100,2,ai,83,1600,16
W,13,100,3,log,27,450,9
S,13,100,892,1537
W,14,100,1,ctrl,21,600,2
D,14,100,8,8,7753
W,14,100,2,ai,97,1600,16
W,14,100,3,log,28,450,9
S,14,100,827,1580
W,15,100,1,ctrl,21,600,2
D,15,100,6,6,6305
W,15,100,2,ai,93,1600,16
W,15,100,3,log,27,450,9
S,15,100,835,1527
W,16,100,1,ctrl,22,600,2
D,16,100,8,8,9186
W,16,100,2,ai,92,1600,16
W,16,100,3,log,28,450,9
S,16,100,874,1467
W,17,100,1,ctrl,21,600,2
D,17,100,8,8,9833
W,17,100,2,ai,104,1600,16
W,17,100,3,log,27,450,9
S,17,100,726,1637
W,18,100,1,ctrl,21,600,2
D,18,100,6,6,8046
W,18,100,2,ai,98,1600,16
W,18,100,3,log,25,450,9
S,18,100,699,1558
W,19,100,1,ctrl,21,600,2
D,19,100,8,8,11446
W,19,100,2,ai,93,1600,16
W,19,100,3,log,25,450,9
S,19,100,753,1496
W,20,100,1,ctrl,19,600,2
D,20,100,8,8,12062
W,20,100,2,ai,96,1600,16
W,20,100,3,log,27,450,9
S,20,100,808,1699
W,21,100,1,ctrl,21,600,2
D,21,100,8,8,12674
W,21,100,2,ai,100,1600,16
W,21,100,3,log,25,450,9
S,21,100,682,1580
W,22,100,1,ctrl,20,600,2
D,22,100,7,7,11628
W,22,100,2,ai,92,1600,16
W,22,100,3,log,24,450,9
S,22,100,725,1537
W,23,100,1,ctrl,20,600,2
D,23,100,6,6,10516
W,23,100,2,ai,82,1200,12
W,23,100,3,log,22,400,8
S,23,100,689,1689
J,1,ctrl,1,181,174,141399,1774,143176,168525204,2,1784
# done
# RUN config=medlo alpha=100 rep=3/3
# prev_baseline_reset ngroups=3
# schedlab win=100 total=3600 groups=3
W,1,100,1,ctrl,40,600,2
D,1,100,15,9,171
W,1,100,2,ai,125,1500,15
W,1,100,3,log,25,200,4
S,1,100,732,1238
W,2,100,1,ctrl,19,600,2
D,2,100,8,8,545
W,2,100,2,ai,97,1600,16
W,2,100,3,log,17,250,5
S,2,100,817,1718
W,3,100,1,ctrl,20,600,2
D,3,100,8,8,1178
W,3,100,2,ai,95,1600,16
W,3,100,3,log,14,450,9
S,3,100,884,1564
W,4,100,1,ctrl,19,600,2
D,4,100,8,8,1764
W,4,100,2,ai,97,1600,16
W,4,100,3,log,29,450,9
S,4,100,855,1725
W,5,100,1,ctrl,21,600,2
D,5,100,7,7,2080
W,5,100,2,ai,93,1600,16
W,5,100,3,log,23,450,9
S,5,100,684,1477
W,6,100,1,ctrl,20,600,2
D,6,100,8,8,3024
W,6,100,2,ai,92,1600,16
W,6,100,3,log,29,450,9
S,6,100,882,1602
W,7,100,1,ctrl,19,600,2
D,7,100,7,7,3216
W,7,100,2,ai,92,1600,16
W,7,100,3,log,24,450,9
S,7,100,728,1614
W,8,100,1,ctrl,20,600,2
D,8,100,8,8,4326
W,8,100,2,ai,95,1600,16
W,8,100,3,log,28,450,9
S,8,100,843,1625
W,9,100,1,ctrl,20,600,2
D,9,100,7,7,4359
W,9,100,2,ai,91,1600,16
W,9,100,3,log,27,450,9
S,9,100,850,1569
W,10,100,1,ctrl,20,600,2
D,10,100,7,7,5001
W,10,100,2,ai,93,1600,16
W,10,100,3,log,31,450,9
S,10,100,888,1637
W,11,100,1,ctrl,21,600,2
D,11,100,8,8,6367
W,11,100,2,ai,97,1600,16
W,11,100,3,log,24,450,9
S,11,100,666,1537
W,12,100,1,ctrl,20,600,2
D,12,100,7,7,6061
W,12,100,2,ai,94,1600,16
W,12,100,3,log,31,450,9
S,12,100,888,1649
W,13,100,1,ctrl,21,600,2
D,13,100,6,6,5776
W,13,100,2,ai,90,1600,16
W,13,100,3,log,24,450,9
S,13,100,740,1458
W,14,100,1,ctrl,21,600,2
D,14,100,8,8,8406
W,14,100,2,ai,90,1600,16
W,14,100,3,log,27,450,9
S,14,100,865,1486
W,15,100,1,ctrl,20,600,2
D,15,100,8,8,9062
W,15,100,2,ai,92,1600,16
W,15,100,3,log,31,450,9
S,15,100,886,1625
W,16,100,1,ctrl,20,600,2
D,16,100,7,7,8537
W,16,100,2,ai,92,1600,16
W,16,100,3,log,27,450,9
S,16,100,844,1580
W,17,100,1,ctrl,21,600,2
D,17,100,8,8,10367
W,17,100,2,ai,94,1600,16
W,17,100,3,log,23,450,9
S,17,100,692,1486
W,18,100,1,ctrl,20,600,2
D,18,100,7,7,9637
W,18,100,2,ai,94,1600,16
W,18,100,3,log,31,450,9
S,18,100,888,1649
W,19,100,1,ctrl,21,600,2
D,19,100,8,8,11672
W,19,100,2,ai,91,1600,16
W,19,100,3,log,24,450,9
S,19,100,730,1467
W,20,100,1,ctrl,20,600,2
D,20,100,7,7,10752
W,20,100,2,ai,96,1600,16
W,20,100,3,log,31,450,9
S,20,100,889,1661
W,21,100,1,ctrl,21,600,2
D,21,100,8,8,13016
W,21,100,2,ai,92,1600,16
W,21,100,3,log,24,450,9
S,21,100,721,1477
W,22,100,1,ctrl,20,600,2
D,22,100,6,6,10256
W,22,100,2,ai,94,1600,16
W,22,100,3,log,27,450,9
S,22,100,824,1602
W,23,100,1,ctrl,20,600,2
D,23,100,7,7,12640
W,23,100,2,ai,77,700,7
W,23,100,3,log,23,300,6
S,23,100,679,2259
J,1,ctrl,1,178,172,148213,1827,149970,182645180,5,1837
# done

# === CONFIG medium ai=25 log=9 ===
# WARMUP config=medium alpha=0
# prev_baseline_reset ngroups=3
# schedlab win=100 total=3600 groups=3
W,1,0,1,ctrl,46,300,1
D,1,0,18,1,2
W,1,0,2,ai,62,100,10
W,1,0,3,log,39,50,6
S,1,0,883,2134
W,2,0,1,ctrl,26,300,2
D,2,0,10,0,0
W,2,0,2,ai,44,100,14
W,2,0,3,log,17,50,6
S,2,0,809,2234
W,3,0,1,ctrl,33,300,1
D,3,0,12,1,7
W,3,0,2,ai,38,100,17
W,3,0,3,log,16,50,7
S,3,0,820,1757
W,4,0,1,ctrl,31,300,2
D,4,0,11,0,0
W,4,0,2,ai,41,100,17
W,4,0,3,log,21,50,10
S,4,0,859,2000
W,5,0,1,ctrl,27,300,2
D,5,0,11,1,1
W,5,0,2,ai,37,100,18
W,5,0,3,log,26,50,10
S,5,0,888,2220
W,6,0,1,ctrl,26,300,2
D,6,0,11,0,0
W,6,0,2,ai,44,100,21
W,6,0,3,log,20,50,10
S,6,0,840,2312
W,7,0,1,ctrl,27,300,2
D,7,0,11,0,0
W,7,0,2,ai,36,100,21
W,7,0,3,log,24,50,10
S,7,0,886,2148
W,8,0,1,ctrl,33,300,1
D,8,0,12,1,5
W,8,0,2,ai,40,100,24
W,8,0,3,log,17,50,10
S,8,0,823,1819
W,9,0,1,ctrl,32,300,1
D,9,0,11,0,0
W,9,0,2,ai,41,100,24
W,9,0,3,log,14,50,10
S,9,0,772,1814
W,10,0,1,ctrl,22,300,2
D,10,0,10,0,0
W,10,0,2,ai,35,100,25
W,10,0,3,log,26,50,10
S,10,0,888,2513
W,11,0,1,ctrl,30,300,2
D,11,0,11,1,2
W,11,0,2,ai,42,100,25
W,11,0,3,log,15,50,10
S,11,0,787,1936
W,12,0,1,ctrl,27,300,2
D,12,0,11,1,2
W,12,0,2,ai,41,100,26
W,12,0,3,log,22,50,10
S,12,0,867,2220
W,13,0,1,ctrl,26,300,2
D,13,0,11,0,0
W,13,0,2,ai,39,100,26
W,13,0,3,log,26,50,10
S,13,0,886,2336
W,14,0,1,ctrl,29,300,2
D,14,0,11,0,0
W,14,0,2,ai,45,100,26
W,14,0,3,log,17,50,10
S,14,0,802,2094
W,15,0,1,ctrl,28,300,2
D,15,0,11,1,2
W,15,0,2,ai,39,100,26
W,15,0,3,log,21,50,10
S,15,0,867,2094
W,16,0,1,ctrl,31,300,2
D,16,0,11,1,1
W,16,0,2,ai,34,100,26
W,16,0,3,log,20,50,10
S,16,0,879,1829
W,17,0,1,ctrl,30,300,1
D,17,0,11,0,0
W,17,0,2,ai,31,100,26
W,17,0,3,log,23,50,10
S,17,0,888,1865
W,18,0,1,ctrl,26,300,1
D,18,0,11,0,0
W,18,0,2,ai,39,100,26
W,18,0,3,log,20,50,10
S,18,0,860,2183
W,19,0,1,ctrl,29,300,1
D,19,0,11,0,0
W,19,0,2,ai,41,100,26
W,19,0,3,log,21,50,10
S,19,0,859,2094
W,20,0,1,ctrl,25,300,2
D,20,0,10,0,0
W,20,0,2,ai,43,100,26
W,20,0,3,log,21,50,10
S,20,0,852,2378
W,21,0,1,ctrl,30,300,2
D,21,0,11,1,2
W,21,0,2,ai,36,100,26
W,21,0,3,log,23,50,10
S,21,0,885,1976
W,22,0,1,ctrl,31,300,1
D,22,0,12,1,7
W,22,0,2,ai,40,100,26
W,22,0,3,log,21,50,10
S,22,0,864,1982
W,23,0,1,ctrl,26,300,2
D,23,0,10,0,0
W,23,0,2,ai,39,100,26
W,23,0,3,log,19,50,10
S,23,0,852,2155
W,24,0,1,ctrl,29,300,2
D,24,0,11,1,7
W,24,0,2,ai,35,100,26
W,24,0,3,log,19,50,10
S,24,0,868,1908
W,25,0,1,ctrl,28,300,1
D,25,0,12,1,6
W,25,0,2,ai,39,100,26
W,25,0,3,log,21,50,10
S,25,0,867,2094
W,26,0,1,ctrl,26,300,1
D,26,0,11,0,0
W,26,0,2,ai,42,100,26
W,26,0,3,log,19,50,10
S,26,0,839,2234
W,27,0,1,ctrl,26,300,1
D,27,0,11,0,0
W,27,0,2,ai,41,100,26
W,27,0,3,log,21,50,10
S,27,0,860,2257
W,28,0,1,ctrl,31,300,1
D,28,0,11,0,0
W,28,0,2,ai,43,100,26
W,28,0,3,log,20,50,10
S,28,0,843,2024
W,29,0,1,ctrl,25,300,2
D,29,0,10,0,0
W,29,0,2,ai,42,100,26
W,29,0,3,log,22,50,10
S,29,0,863,2378
W,30,0,1,ctrl,32,300,2
D,30,0,11,0,0
W,30,0,2,ai,41,100,26
W,30,0,3,log,19,50,10
S,30,0,842,1919
W,31,0,1,ctrl,30,300,1
D,31,0,12,1,5
W,31,0,2,ai,38,100,26
W,31,0,3,log,19,50,10
S,31,0,856,1936
W,32,0,1,ctrl,27,300,2
D,32,0,10,0,0
W,32,0,2,ai,39,100,26
W,32,0,3,log,20,50,10
S,32,0,860,2127
W,33,0,1,ctrl,6,300,1
D,33,0,1,0,0
W,33,0,2,ai,1,100,1
W,33,0,3,log,2,50,1
S,33,0,666,2000
J,1,ctrl,1,359,13,49,7,1735,10071,2,17
# done
# RUN config=medium alpha=0 rep=1/3
# prev_baseline_reset ngroups=3
# schedlab win=100 total=3600 groups=3
W,1,0,1,ctrl,50,300,1
D,1,0,18,1,2
W,1,0,2,ai,66,100,11
W,1,0,3,log,38,50,8
S,1,0,875,2055
W,2,0,1,ctrl,25,300,2
D,2,0,10,0,0
W,2,0,2,ai,40,100,14
W,2,0,3,log,23,50,10
S,2,0,875,2345
W,3,0,1,ctrl,38,300,1
D,3,0,12,1,7
W,3,0,2,ai,36,100,18
W,3,0,3,log,16,50,10
S,3,0,830,1578
W,4,0,1,ctrl,28,300,1
D,4,0,11,0,0
W,4,0,2,ai,43,100,22
W,4,0,3,log,18,50,10
S,4,0,824,2121
W,5,0,1,ctrl,26,300,2
D,5,0,10,0,0
W,5,0,2,ai,38,100,22
W,5,0,3,log,16,50,10
S,5,0,826,2049
W,6,0,1,ctrl,28,300,1
D,6,0,12,1,5
W,6,0,2,ai,33,100,22
W,6,0,3,log,22,50,10
S,6,0,887,1976
W,7,0,1,ctrl,27,300,1
D,7,0,11,0,0
W,7,0,2,ai,42,100,22
W,7,0,3,log,20,50,10
S,7,0,848,2198
W,8,0,1,ctrl,28,300,1
D,8,0,11,0,0
W,8,0,2,ai,43,100,25
W,8,0,3,log,22,50,10
S,8,0,860,2212
W,9,0,1,ctrl,26,300,2
D,9,0,10,0,0
W,9,0,2,ai,41,100,25
W,9,0,3,log,20,50,10
S,9,0,852,2234
W,10,0,1,ctrl,33,300,2
D,10,0,11,1,3
W,10,0,2,ai,37,100,26
W,10,0,3,log,23,50,10
S,10,0,883,1881
W,11,0,1,ctrl,29,300,2
D,11,0,11,1,3
W,11,0,2,ai,36,100,26
W,11,0,3,log,24,50,10
S,11,0,886,2049
W,12,0,1,ctrl,30,300,2
D,12,0,11,1,1
W,12,0,2,ai,38,100,26
W,12,0,3,log,16,50,10
S,12,0,823,1865
W,13,0,1,ctrl,26,300,2
D,13,0,11,1,1
W,13,0,2,ai,39,100,26
W,13,0,3,log,24,50,10
S,13,0,881,2280
W,14,0,1,ctrl,26,300,2
D,14,0,11,0,0
W,14,0,2,ai,43,100,26
W,14,0,3,log,21,50,10
S,14,0,852,2312
W,15,0,1,ctrl,24,300,2
D,15,0,11,0,0
W,15,0,2,ai,41,100,26
W,15,0,3,log,23,50,10
S,15,0,871,2448
W,16,0,1,ctrl,28,300,1
D,16,0,11,0,0
W,16,0,2,ai,36,100,26
W,16,0,3,log,19,50,10
S,16,0,864,1976
W,17,0,1,ctrl,29,300,1
D,17,0,11,0,0
W,17,0,2,ai,41,100,26
W,17,0,3,log,17,50,10
S,17,0,821,2000
W,18,0,1,ctrl,28,300,1
D,18,0,11,0,0
W,18,0,2,ai,38,100,26
W,18,0,3,log,20,50,10
S,18,0,864,2049
W,19,0,1,ctrl,28,300,1
D,19,0,11,0,0
W,19,0,2,ai,39,100,26
W,19,0,3,log,20,50,10
S,19,0,859,2074
W,20,0,1,ctrl,30,300,1
D,20,0,11,0,0
W,20,0,2,ai,31,100,26
W,20,0,3,log,23,50,10
S,20,0,888,1865
W,21,0,1,ctrl,24,300,2
D,21,0,10,0,0
W,21,0,2,ai,44,100,26
W,21,0,3,log,15,50,10
S,21,0,783,2304
W,22,0,1,ctrl,27,300,2
D,22,0,11,1,1
W,22,0,2,ai,44,100,26
W,22,0,3,log,17,50,10
S,22,0,808,2176
W,23,0,1,ctrl,28,300,2
D,23,0,11,1,2
W,23,0,2,ai,37,100,26
W,23,0,3,log,26,50,10
S,23,0,887,2169
W,24,0,1,ctrl,30,300,2
D,24,0,11,1,2
W,24,0,2,ai,39,100,26
W,24,0,3,log,18,50,10
S,24,0,841,1936
W,25,0,1,ctrl,33,300,1
D,25,0,12,1,7
W,25,0,2,ai,38,100,26
W,25,0,3,log,19,50,10
S,25,0,857,1819
W,26,0,1,ctrl,28,300,1
D,26,0,11,0,0
W,26,0,2,ai,40,100,26
W,26,0,3,log,19,50,10
S,26,0,847,2074
W,27,0,1,ctrl,26,300,2
D,27,0,10,0,0
W,27,0,2,ai,40,100,26
W,27,0,3,log,16,50,10
S,27,0,815,2100
W,28,0,1,ctrl,31,300,2
D,28,0,11,1,3
W,28,0,2,ai,40,100,26
W,28,0,3,log,20,50,10
S,28,0,856,1958
W,29,0,1,ctrl,29,300,2
D,29,0,11,0,0
W,29,0,2,ai,41,100,26
W,29,0,3,log,21,50,10
S,29,0,859,2094
W,30,0,1,ctrl,33,300,1
D,30,0,12,1,7
W,30,0,2,ai,38,100,26
W,30,0,3,log,14,50,10
S,30,0,788,1716
W,31,0,1,ctrl,29,300,1
D,31,0,11,0,0
W,31,0,2,ai,33,100,26
W,31,0,3,log,18,50,10
S,31,0,870,1839
W,32,0,1,ctrl,28,300,1
D,32,0,11,0,0
W,32,0,2,ai,41,100,26
W,32,0,3,log,20,50,10
S,32,0,852,2121
W,33,0,1,ctrl,8,300,1
D,33,0,1,0,0
W,33,0,2,ai,3,100,1
W,33,0,3,log,5,50,1
S,33,0,778,1332
J,1,ctrl,1,359,13,44,7,1739,9993,1,17
# done
# RUN config=medium alpha=0 rep=2/3
# prev_baseline_reset ngroups=3
# schedlab win=100 total=3600 groups=3
W,1,0,1,ctrl,42,300,1
D,1,0,18,1,2
W,1,0,2,ai,70,100,11
W,1,0,3,log,39,50,8
S,1,0,871,2395
W,2,0,1,ctrl,25,300,2
D,2,0,10,0,0
W,2,0,2,ai,42,100,12
W,2,0,3,log,14,50,10
S,2,0,776,2162
W,3,0,1,ctrl,32,300,1
D,3,0,12,1,8
W,3,0,2,ai,33,100,16
W,3,0,3,log,24,50,10
S,3,0,887,1855
W,4,0,1,ctrl,27,300,1
D,4,0,11,0,0
W,4,0,2,ai,37,100,16
W,4,0,3,log,23,50,10
S,4,0,883,2148
W,5,0,1,ctrl,24,300,1
D,5,0,11,0,0
W,5,0,2,ai,37,100,17
W,5,0,3,log,23,50,10
S,5,0,881,2336
W,6,0,1,ctrl,30,300,1
D,6,0,11,0,0
W,6,0,2,ai,39,100,17
W,6,0,3,log,21,50,10
S,6,0,868,2000
W,7,0,1,ctrl,27,300,2
D,7,0,10,0,0
W,7,0,2,ai,36,100,18
W,7,0,3,log,23,50,10
S,7,0,884,2127
W,8,0,1,ctrl,27,300,2
D,8,0,11,1,1
W,8,0,2,ai,41,100,22
W,8,0,3,log,20,50,10
S,8,0,852,2176
W,9,0,1,ctrl,33,300,2
D,9,0,11,1,1
W,9,0,2,ai,38,100,22
W,9,0,3,log,14,50,10
S,9,0,788,1716
W,10,0,1,ctrl,32,300,1
D,10,0,12,1,8
W,10,0,2,ai,37,100,25
W,10,0,3,log,21,50,10
S,10,0,875,1876
W,11,0,1,ctrl,29,300,1
D,11,0,11,0,0
W,11,0,2,ai,40,100,25
W,11,0,3,log,16,50,10
S,11,0,813,1953
W,12,0,1,ctrl,25,300,2
D,12,0,10,0,0
W,12,0,2,ai,33,100,25
W,12,0,3,log,18,50,10
S,12,0,868,2030
W,13,0,1,ctrl,32,300,1
D,13,0,12,1,7
W,13,0,2,ai,39,100,26
W,13,0,3,log,20,50,10
S,13,0,860,1897
W,14,0,1,ctrl,28,300,2
D,14,0,10,0,0
W,14,0,2,ai,38,100,26
W,14,0,3,log,16,50,10
S,14,0,824,1953
W,15,0,1,ctrl,33,300,1
D,15,0,12,1,5
W,15,0,2,ai,36,100,26
W,15,0,3,log,23,50,10
S,15,0,886,1860
W,16,0,1,ctrl,20,300,2
D,16,0,10,0,0
W,16,0,2,ai,45,100,26
W,16,0,3,log,17,50,10
S,16,0,808,2740
W,17,0,1,ctrl,27,300,1
D,17,0,11,0,0
W,17,0,2,ai,37,100,26
W,17,0,3,log,17,50,10
S,17,0,841,2000
W,18,0,1,ctrl,31,300,1
D,18,0,11,0,0
W,18,0,2,ai,33,100,26
W,18,0,3,log,18,50,10
S,18,0,870,1761
W,19,0,1,ctrl,31,300,1
D,19,0,11,0,0
W,19,0,2,ai,43,100,26
W,19,0,3,log,17,50,10
S,19,0,810,1958
W,20,0,1,ctrl,32,300,1
D,20,0,11,0,0
W,20,0,2,ai,40,100,26
W,20,0,3,log,18,50,10
S,20,0,837,1876
W,21,0,1,ctrl,31,300,2
D,21,0,10,0,0
W,21,0,2,ai,32,100,26
W,21,0,3,log,20,50,10
S,21,0,883,1785
W,22,0,1,ctrl,32,300,1
D,22,0,12,1,7
W,22,0,2,ai,42,100,26
W,22,0,3,log,13,50,10
S,22,0,749,1814
W,23,0,1,ctrl,29,300,1
D,23,0,11,0,0
W,23,0,2,ai,34,100,26
W,23,0,3,log,23,50,10
S,23,0,888,1976
W,24,0,1,ctrl,27,300,1
D,24,0,11,0,0
W,24,0,2,ai,39,100,26
W,24,0,3,log,20,50,10
S,24,0,860,2127
W,25,0,1,ctrl,25,300,1
D,25,0,11,0,0
W,25,0,2,ai,43,100,26
W,25,0,3,log,20,50,10
S,25,0,845,2345
W,26,0,1,ctrl,24,300,2
D,26,0,10,0,0
W,26,0,2,ai,41,100,26
W,26,0,3,log,20,50,10
S,26,0,853,2361
W,27,0,1,ctrl,29,300,2
D,27,0,11,1,3
W,27,0,2,ai,40,100,26
W,27,0,3,log,20,50,10
S,27,0,856,2049
W,28,0,1,ctrl,30,300,2
D,28,0,11,1,3
W,28,0,2,ai,34,100,26
W,28,0,3,log,19,50,10
S,28,0,872,1844
W,29,0,1,ctrl,35,300,2
D,29,0,11,1,3
W,29,0,2,ai,37,100,26
W,29,0,3,log,17,50,10
S,29,0,840,1694
W,30,0,1,ctrl,34,300,2
D,30,0,12,1,8
W,30,0,2,ai,39,100,26
W,30,0,3,log,21,50,10
S,30,0,867,1844
W,31,0,1,ctrl,29,300,1
D,31,0,11,1,6
W,31,0,2,ai,35,100,26
W,31,0,3,log,22,50,10
S,31,0,883,1976
W,32,0,1,ctrl,22,300,2
D,32,0,10,0,0
W,32,0,2,ai,44,100,26
W,32,0,3,log,20,50,10
S,32,0,841,2611
W,33,0,1,ctrl,8,300,1
D,33,0,2,1,3
W,33,0,2,ai,2,100,1
W,33,0,3,log,5,50,1
S,33,0,877,1669
J,1,ctrl,1,359,14,65,8,2098,14040,2,18
# done
# RUN config=medium alpha=0 rep=3/3
# prev_baseline_reset ngroups=3
# schedlab win=100 total=3600 groups=3
W,1,0,1,ctrl,46,300,2
D,1,0,18,1,3
W,1,0,2,ai,69,100,12
W,1,0,3,log,39,50,7
S,1,0,873,2234
W,2,0,1,ctrl,26,300,2
D,2,0,11,1,5
W,2,0,2,ai,43,100,16
W,2,0,3,log,20,50,8
S,2,0,844,2280
W,3,0,1,ctrl,29,300,2
D,3,0,11,1,5
W,3,0,2,ai,40,100,20
W,3,0,3,log,23,50,9
S,3,0,876,2114
W,4,0,1,ctrl,35,300,1
D,4,0,12,2,11
W,4,0,2,ai,38,100,20
W,4,0,3,log,17,50,9
S,4,0,833,1716
W,5,0,1,ctrl,28,300,1
D,5,0,11,0,0
W,5,0,2,ai,39,100,23
W,5,0,3,log,18,50,9
S,5,0,842,2024
W,6,0,1,ctrl,26,300,2
D,6,0,10,0,0
W,6,0,2,ai,38,100,23
W,6,0,3,log,22,50,10
S,6,0,875,2205
W,7,0,1,ctrl,26,300,2
D,7,0,11,1,4
W,7,0,2,ai,44,100,24
W,7,0,3,log,20,50,10
S,7,0,840,2312
W,8,0,1,ctrl,24,300,1
D,8,0,11,0,0
W,8,0,2,ai,41,100,24
W,8,0,3,log,18,50,10
S,8,0,834,2304
W,9,0,1,ctrl,27,300,1
D,9,0,11,0,0
W,9,0,2,ai,39,100,26
W,9,0,3,log,17,50,10
S,9,0,831,2049
W,10,0,1,ctrl,30,300,1
D,10,0,10,0,0
W,10,0,2,ai,39,100,26
W,10,0,3,log,17,50,10
S,10,0,830,1913
W,11,0,1,ctrl,29,300,2
D,11,0,11,1,5
W,11,0,2,ai,39,100,26
W,11,0,3,log,18,50,10
S,11,0,842,1976
W,12,0,1,ctrl,34,300,2
D,12,0,12,2,18
W,12,0,2,ai,46,100,26
W,12,0,3,log,14,50,10
S,12,0,746,1844
W,13,0,1,ctrl,30,300,2
D,13,0,11,1,5
W,13,0,2,ai,40,100,26
W,13,0,3,log,23,50,10
S,13,0,876,2068
W,14,0,1,ctrl,31,300,2
D,14,0,11,1,6
W,14,0,2,ai,39,100,26
W,14,0,3,log,18,50,10
S,14,0,842,1892
W,15,0,1,ctrl,33,300,1
D,15,0,12,2,12
W,15,0,2,ai,40,100,26
W,15,0,3,log,18,50,10
S,15,0,836,1839
W,16,0,1,ctrl,26,300,2
D,16,0,10,0,0
W,16,0,2,ai,41,100,26
W,16,0,3,log,22,50,10
S,16,0,867,2280
W,17,0,1,ctrl,26,300,2
D,17,0,11,1,3
W,17,0,2,ai,45,100,26
W,17,0,3,log,21,50,10
S,17,0,845,2361
W,18,0,1,ctrl,37,300,1
D,18,0,12,1,6
W,18,0,2,ai,40,100,26
W,18,0,3,log,8,50,10
S,18,0,712,1531
W,19,0,1,ctrl,27,300,2
D,19,0,10,0,0
W,19,0,2,ai,43,100,26
W,19,0,3,log,22,50,10
S,19,0,860,2273
W,20,0,1,ctrl,31,300,1
D,20,0,12,2,10
W,20,0,2,ai,42,100,26
W,20,0,3,log,18,50,10
S,20,0,827,1958
W,21,0,1,ctrl,25,300,2
D,21,0,10,0,0
W,21,0,2,ai,41,100,26
W,21,0,3,log,16,50,10
S,21,0,811,2190
W,22,0,1,ctrl,32,300,2
D,22,0,11,1,7
W,22,0,2,ai,39,100,26
W,22,0,3,log,19,50,10
S,22,0,852,1876
W,23,0,1,ctrl,32,300,2
D,23,0,11,1,5
W,23,0,2,ai,40,100,26
W,23,0,3,log,22,50,10
S,23,0,871,1958
W,24,0,1,ctrl,29,300,2
D,24,0,11,1,4
W,24,0,2,ai,41,100,26
W,24,0,3,log,17,50,10
S,24,0,821,2000
W,25,0,1,ctrl,24,300,1
D,25,0,11,0,0
W,25,0,2,ai,44,100,26
W,25,0,3,log,19,50,10
S,25,0,831,2421
W,26,0,1,ctrl,30,300,1
D,26,0,11,1,1
W,26,0,2,ai,41,100,26
W,26,0,3,log,13,50,10
S,26,0,757,1865
W,27,0,1,ctrl,27,300,1
D,27,0,11,0,0
W,27,0,2,ai,38,100,26
W,27,0,3,log,22,50,10
S,27,0,875,2148
W,28,0,1,ctrl,24,300,2
D,28,0,10,0,0
W,28,0,2,ai,38,100,26
W,28,0,3,log,21,50,10
S,28,0,871,2304
W,29,0,1,ctrl,24,300,1
D,29,0,11,0,0
W,29,0,2,ai,47,100,26
W,29,0,3,log,14,50,10
S,29,0,756,2361
W,30,0,1,ctrl,26,300,2
D,30,0,10,0,0
W,30,0,2,ai,46,100,26
W,30,0,3,log,15,50,10
S,30,0,773,2234
W,31,0,1,ctrl,28,300,2
D,31,0,11,1,3
W,31,0,2,ai,42,100,26
W,31,0,3,log,20,50,10
S,31,0,849,2141
W,32,0,1,ctrl,29,300,1
D,32,0,12,2,11
W,32,0,2,ai,34,100,26
W,32,0,3,log,26,50,10
S,32,0,887,2049
W,33,0,1,ctrl,8,300,1
D,33,0,1,0,0
W,33,0,2,ai,4,100,1
W,33,0,3,log,2,50,1
S,33,0,853,1166
J,1,ctrl,1,359,24,124,13,2687,22545,1,23
# done
# WARMUP config=medium alpha=10
# prev_baseline_reset ngroups=3
# schedlab win=100 total=3600 groups=3
W,1,10,1,ctrl,40,300,2
D,1,10,17,0,0
W,1,10,2,ai,69,100,10
W,1,10,3,log,34,50,6
S,1,10,853,2387
W,2,10,1,ctrl,25,300,1
D,2,10,11,0,0
W,2,10,2,ai,41,100,10
W,2,10,3,log,17,50,6
S,2,10,822,2212
W,3,10,1,ctrl,27,300,2
D,3,10,10,0,0
W,3,10,2,ai,38,100,14
W,3,10,3,log,21,50,7
S,3,10,870,2127
W,4,10,1,ctrl,29,300,2
D,4,10,11,1,5
W,4,10,2,ai,32,100,17
W,4,10,3,log,22,50,10
S,4,10,888,1908
W,5,10,1,ctrl,31,300,2
D,5,10,11,1,5
W,5,10,2,ai,41,100,17
W,5,10,3,log,18,50,10
S,5,10,833,1936
W,6,10,1,ctrl,30,300,2
D,6,10,11,1,4
W,6,10,2,ai,42,100,21
W,6,10,3,log,18,50,10
S,6,10,829,2000
W,7,10,1,ctrl,27,300,2
D,7,10,11,1,4
W,7,10,2,ai,35,100,22
W,7,10,3,log,22,50,10
S,7,10,883,2074
W,8,10,1,ctrl,30,300,2
D,8,10,11,1,3
W,8,10,2,ai,45,100,22
W,8,10,3,log,13,50,10
S,8,10,739,1958
W,9,10,1,ctrl,26,300,2
D,9,10,11,1,3
W,9,10,2,ai,41,100,23
W,9,10,3,log,21,50,10
S,9,10,860,2257
W,10,10,1,ctrl,30,300,2
D,10,10,11,1,4
W,10,10,2,ai,39,100,23
W,10,10,3,log,16,50,10
S,10,10,817,1892
W,11,10,1,ctrl,34,300,2
D,11,10,12,2,18
W,11,10,2,ai,36,100,26
W,11,10,3,log,21,50,10
S,11,10,877,1785
W,12,10,1,ctrl,27,300,2
D,12,10,11,1,4
W,12,10,2,ai,45,100,26
W,12,10,3,log,18,50,10
S,12,10,817,2220
W,13,10,1,ctrl,32,300,2
D,13,10,11,1,4
W,13,10,2,ai,41,100,26
W,13,10,3,log,18,50,10
S,13,10,831,1897
W,14,10,1,ctrl,30,300,2
D,14,10,11,1,4
W,14,10,2,ai,47,100,26
W,14,10,3,log,10,50,10
S,14,10,672,1936
W,15,10,1,ctrl,30,300,2
D,15,10,11,1,4
W,15,10,2,ai,40,100,26
W,15,10,3,log,18,50,10
S,15,10,837,1958
W,16,10,1,ctrl,31,300,2
D,16,10,11,1,3
W,16,10,2,ai,37,100,26
W,16,10,3,log,18,50,10
S,16,10,852,1850
W,17,10,1,ctrl,32,300,1
D,17,10,12,2,11
W,17,10,2,ai,40,100,26
W,17,10,3,log,17,50,10
S,17,10,825,1855
W,18,10,1,ctrl,29,300,2
D,18,10,10,0,0
W,18,10,2,ai,38,100,26
W,18,10,3,log,21,50,10
S,18,10,870,2024
W,19,10,1,ctrl,34,300,2
D,19,10,12,2,23
W,19,10,2,ai,37,100,26
W,19,10,3,log,21,50,10
S,19,10,875,1804
W,20,10,1,ctrl,33,300,1
D,20,10,12,2,10
W,20,10,2,ai,39,100,26
W,20,10,3,log,18,50,10
S,20,10,842,1819
W,21,10,1,ctrl,26,300,2
D,21,10,10,0,0
W,21,10,2,ai,43,100,26
W,21,10,3,log,18,50,10
S,21,10,824,2234
W,22,10,1,ctrl,27,300,2
D,22,10,11,1,3
W,22,10,2,ai,44,100,26
W,22,10,3,log,18,50,10
S,22,10,820,2198
W,23,10,1,ctrl,35,300,2
D,23,10,11,2,6
W,23,10,2,ai,33,100,26
W,23,10,3,log,22,50,10
S,23,10,887,1716
W,24,10,1,ctrl,31,300,1
D,24,10,12,1,9
W,24,10,2,ai,41,100,26
W,24,10,3,log,17,50,10
S,24,10,821,1913
W,25,10,1,ctrl,30,300,1
D,25,10,12,1,7
W,25,10,2,ai,38,100,26
W,25,10,3,log,23,50,10
S,25,10,880,2024
W,26,10,1,ctrl,25,300,2
D,26,10,10,0,0
W,26,10,2,ai,43,100,26
W,26,10,3,log,19,50,10
S,26,10,836,2320
W,27,10,1,ctrl,29,300,2
D,27,10,11,1,5
W,27,10,2,ai,39,100,26
W,27,10,3,log,16,50,10
S,27,10,818,1930
W,28,10,1,ctrl,26,300,2
D,28,10,11,1,4
W,28,10,2,ai,44,100,26
W,28,10,3,log,14,50,10
S,28,10,766,2155
W,29,10,1,ctrl,36,300,1
D,29,10,12,2,12
W,29,10,2,ai,33,100,26
W,29,10,3,log,16,50,10
S,29,10,850,1574
W,30,10,1,ctrl,38,300,1
D,30,10,11,1,1
W,30,10,2,ai,33,100,26
W,30,10,3,log,17,50,10
S,30,10,862,1545
W,31,10,1,ctrl,31,300,1
D,31,10,11,0,0
W,31,10,2,ai,38,100,26
W,31,10,3,log,22,50,10
S,31,10,876,1958
W,32,10,1,ctrl,24,300,1
D,32,10,9,0,0
W,32,10,2,ai,37,100,14
W,32,10,3,log,12,50,2
S,32,10,768,2030
J,1,ctrl,1,359,30,156,15,2527,20673,2,25
# done
# RUN config=medium alpha=10 rep=1/3
# prev_baseline_reset ngroups=3
# schedlab win=100 total=3600 groups=3
W,1,10,1,ctrl,46,300,1
D,1,10,18,1,3
W,1,10,2,ai,68,100,8
W,1,10,3,log,36,50,8
S,1,10,865,2176
W,2,10,1,ctrl,30,300,2
D,2,10,10,0,0
W,2,10,2,ai,40,100,12
W,2,10,3,log,19,50,9
S,2,10,848,1976
W,3,10,1,ctrl,32,300,1
D,3,10,12,1,9
W,3,10,2,ai,37,100,13
W,3,10,3,log,24,50,9
S,3,10,886,1936
W,4,10,1,ctrl,28,300,1
D,4,10,11,0,0
W,4,10,2,ai,40,100,13
W,4,10,3,log,15,50,10
S,4,10,798,1976
W,5,10,1,ctrl,30,300,2
D,5,10,10,0,0
W,5,10,2,ai,35,100,13
W,5,10,3,log,23,50,10
S,5,10,886,1958
W,6,10,1,ctrl,30,300,2
D,6,10,12,2,19
W,6,10,2,ai,42,100,15
W,6,10,3,log,16,50,10
S,6,10,801,1958
W,7,10,1,ctrl,29,300,2
D,7,10,11,1,3
W,7,10,2,ai,42,100,19
W,7,10,3,log,16,50,10
S,7,10,802,2000
W,8,10,1,ctrl,27,300,2
D,8,10,11,1,3
W,8,10,2,ai,42,100,20
W,8,10,3,log,21,50,10
S,8,10,857,2220
W,9,10,1,ctrl,27,300,2
D,9,10,11,1,1
W,9,10,2,ai,35,100,20
W,9,10,3,log,25,50,10
S,9,10,888,2148
W,10,10,1,ctrl,30,300,1
D,10,10,12,1,6
W,10,10,2,ai,41,100,23
W,10,10,3,log,15,50,10
S,10,10,792,1913
W,11,10,1,ctrl,24,300,2
D,11,10,10,0,0
W,11,10,2,ai,40,100,23
W,11,10,3,log,19,50,10
S,11,10,847,2304
W,12,10,1,ctrl,31,300,2
D,12,10,11,1,4
W,12,10,2,ai,33,100,26
W,12,10,3,log,24,50,10
S,12,10,888,1892
W,13,10,1,ctrl,29,300,2
D,13,10,11,1,3
W,13,10,2,ai,42,100,26
W,13,10,3,log,19,50,10
S,13,10,839,2068
W,14,10,1,ctrl,35,300,2
D,14,10,12,2,17
W,14,10,2,ai,29,100,26
W,14,10,3,log,25,50,10
S,14,10,870,1694
W,15,10,1,ctrl,29,300,2
D,15,10,11,1,3
W,15,10,2,ai,37,100,26
W,15,10,3,log,24,50,10
S,15,10,886,2068
W,16,10,1,ctrl,30,300,1
D,16,10,11,0,0
W,16,10,2,ai,41,100,26
W,16,10,3,log,18,50,10
S,16,10,833,1976
W,17,10,1,ctrl,30,300,1
D,17,10,11,0,0
W,17,10,2,ai,38,100,26
W,17,10,3,log,14,50,10
S,17,10,791,1824
W,18,10,1,ctrl,29,300,1
D,18,10,11,0,0
W,18,10,2,ai,35,100,26
W,18,10,3,log,23,50,10
S,18,10,886,2000
W,19,10,1,ctrl,32,300,2
D,19,10,10,0,0
W,19,10,2,ai,36,100,26
W,19,10,3,log,19,50,10
S,19,10,865,1814
W,20,10,1,ctrl,35,300,1
D,20,10,13,3,33
W,20,10,2,ai,31,100,26
W,20,10,3,log,20,50,10
S,20,10,886,1640
W,21,10,1,ctrl,28,300,2
D,21,10,11,1,1
W,21,10,2,ai,43,100,26
W,21,10,3,log,20,50,10
S,21,10,843,2169
W,22,10,1,ctrl,29,300,2
D,22,10,11,1,3
W,22,10,2,ai,41,100,26
W,22,10,3,log,16,50,10
S,22,10,809,1976
W,23,10,1,ctrl,27,300,2
D,23,10,11,1,1
W,23,10,2,ai,37,100,26
W,23,10,3,log,22,50,10
S,23,10,878,2127
W,24,10,1,ctrl,29,300,2
D,24,10,11,1,4
W,24,10,2,ai,38,100,26
W,24,10,3,log,19,50,10
S,24,10,856,1976
W,25,10,1,ctrl,28,300,2
D,25,10,11,1,3
W,25,10,2,ai,39,100,26
W,25,10,3,log,21,50,10
S,25,10,867,2094
W,26,10,1,ctrl,35,300,2
D,26,10,11,1,5
W,26,10,2,ai,41,100,26
W,26,10,3,log,14,50,10
S,26,10,769,1716
W,27,10,1,ctrl,34,300,2
D,27,10,12,2,16
W,27,10,2,ai,44,100,26
W,27,10,3,log,16,50,10
S,27,10,789,1844
W,28,10,1,ctrl,30,300,2
D,28,10,11,1,3
W,28,10,2,ai,39,100,26
W,28,10,3,log,18,50,10
S,28,10,841,1936
W,29,10,1,ctrl,31,300,2
D,29,10,11,1,3
W,29,10,2,ai,41,100,26
W,29,10,3,log,15,50,10
S,29,10,791,1870
W,30,10,1,ctrl,28,300,2
D,30,10,11,1,1
W,30,10,2,ai,40,100,26
W,30,10,3,log,20,50,10
S,30,10,857,2094
W,31,10,1,ctrl,29,300,1
D,31,10,11,0,0
W,31,10,2,ai,31,100,26
W,31,10,3,log,23,50,10
S,31,10,888,1908
W,32,10,1,ctrl,24,300,1
D,32,10,8,0,0
W,32,10,2,ai,34,100,5
W,32,10,3,log,16,50,1
S,32,10,846,2055
J,1,ctrl,1,359,27,144,19,2209,16935,1,29
# done
# RUN config=medium alpha=10 rep=2/3
# prev_baseline_reset ngroups=3
# schedlab win=100 total=3600 groups=3
W,1,10,1,ctrl,42,300,1
D,1,10,18,1,2
W,1,10,2,ai,65,100,10
W,1,10,3,log,35,50,9
S,1,10,867,2257
W,2,10,1,ctrl,30,300,1
D,2,10,11,0,0
W,2,10,2,ai,36,100,14
W,2,10,3,log,24,50,9
S,2,10,887,2000
W,3,10,1,ctrl,32,300,1
D,3,10,11,0,0
W,3,10,2,ai,33,100,15
W,3,10,3,log,22,50,10
S,3,10,887,1814
W,4,10,1,ctrl,27,300,1
D,4,10,11,0,0
W,4,10,2,ai,35,100,15
W,4,10,3,log,24,50,10
S,4,10,887,2127
W,5,10,1,ctrl,30,300,1
D,5,10,11,0,0
W,5,10,2,ai,39,100,15
W,5,10,3,log,20,50,10
S,5,10,860,1976
W,6,10,1,ctrl,20,300,2
D,6,10,10,0,0
W,6,10,2,ai,31,100,16
W,6,10,3,log,26,50,10
S,6,10,884,2571
W,7,10,1,ctrl,30,300,2
D,7,10,12,2,12
W,7,10,2,ai,36,100,16
W,7,10,3,log,23,50,10
S,7,10,885,1976
W,8,10,1,ctrl,26,300,2
D,8,10,11,1,2
W,8,10,2,ai,42,100,19
W,8,10,3,log,21,50,10
S,8,10,856,2280
W,9,10,1,ctrl,28,300,2
D,9,10,11,1,2
W,9,10,2,ai,43,100,19
W,9,10,3,log,14,50,10
S,9,10,768,2024
W,10,10,1,ctrl,32,300,2
D,10,10,11,1,2
W,10,10,2,ai,33,100,20
W,10,10,3,log,23,50,10
S,10,10,888,1834
W,11,10,1,ctrl,28,300,2
D,11,10,11,1,2
W,11,10,2,ai,42,100,20
W,11,10,3,log,16,50,10
S,11,10,804,2049
W,12,10,1,ctrl,32,300,1
D,12,10,12,1,6
W,12,10,2,ai,38,100,24
W,12,10,3,log,19,50,10
S,12,10,856,1855
W,13,10,1,ctrl,29,300,2
D,13,10,10,0,0
W,13,10,2,ai,33,100,24
W,13,10,3,log,22,50,10
S,13,10,886,1930
W,14,10,1,ctrl,30,300,1
D,14,10,12,1,6
W,14,10,2,ai,41,100,26
W,14,10,3,log,15,50,10
S,14,10,792,1913
W,15,10,1,ctrl,32,300,2
D,15,10,11,1,2
W,15,10,2,ai,39,100,26
W,15,10,3,log,19,50,10
S,15,10,852,1876
W,16,10,1,ctrl,31,300,2
D,16,10,11,1,2
W,16,10,2,ai,43,100,26
W,16,10,3,log,15,50,10
S,16,10,781,1913
W,17,10,1,ctrl,30,300,2
D,17,10,11,1,4
W,17,10,2,ai,38,100,26
W,17,10,3,log,12,50,10
S,17,10,754,1776
W,18,10,1,ctrl,28,300,2
D,18,10,11,1,1
W,18,10,2,ai,42,100,26
W,18,10,3,log,22,50,10
S,18,10,864,2190
W,19,10,1,ctrl,31,300,1
D,19,10,12,1,6
W,19,10,2,ai,37,100,26
W,19,10,3,log,20,50,10
S,19,10,869,1892
W,20,10,1,ctrl,20,300,2
D,20,10,10,0,0
W,20,10,2,ai,33,100,26
W,20,10,3,log,25,50,10
S,20,10,888,2601
W,21,10,1,ctrl,30,300,2
D,21,10,11,1,1
W,21,10,2,ai,35,100,26
W,21,10,3,log,23,50,10
S,21,10,886,1958
W,22,10,1,ctrl,30,300,2
D,22,10,11,1,3
W,22,10,2,ai,36,100,26
W,22,10,3,log,22,50,10
S,22,10,882,1958
W,23,10,1,ctrl,30,300,1
D,23,10,11,0,0
W,23,10,2,ai,36,100,26
W,23,10,3,log,19,50,10
S,23,10,864,1892
W,24,10,1,ctrl,26,300,2
D,24,10,10,0,0
W,24,10,2,ai,35,100,26
W,24,10,3,log,23,50,10
S,24,10,885,2155
W,25,10,1,ctrl,25,300,2
D,25,10,11,1,1
W,25,10,2,ai,43,100,26
W,25,10,3,log,20,50,10
S,25,10,845,2345
W,26,10,1,ctrl,27,300,2
D,26,10,11,0,0
W,26,10,2,ai,40,100,26
W,26,10,3,log,22,50,10
S,26,10,870,2198
W,27,10,1,ctrl,29,300,2
D,27,10,11,1,2
W,27,10,2,ai,42,100,26
W,27,10,3,log,19,50,10
S,27,10,839,2068
W,28,10,1,ctrl,28,300,2
D,28,10,11,1,2
W,28,10,2,ai,45,100,26
W,28,10,3,log,16,50,10
S,28,10,789,2121
W,29,10,1,ctrl,30,300,2
D,29,10,11,1,3
W,29,10,2,ai,34,100,26
W,29,10,3,log,21,50,10
S,29,10,883,1892
W,30,10,1,ctrl,31,300,2
D,30,10,11,1,3
W,30,10,2,ai,34,100,26
W,30,10,3,log,21,50,10
S,30,10,883,1850
W,31,10,1,ctrl,28,300,2
D,31,10,11,1,2
W,31,10,2,ai,41,100,26
W,31,10,3,log,19,50,10
S,31,10,843,2094
W,32,10,1,ctrl,28,300,2
D,32,10,11,1,1
W,32,10,2,ai,38,100,26
W,32,10,3,log,25,50,9
S,32,10,885,2169
J,1,ctrl,1,359,23,67,10,1786,10800,2,20
# done
# RUN config=medium alpha=10 rep=3/3
# prev_baseline_reset ngroups=3
# schedlab win=100 total=3600 groups=3
W,1,10,1,ctrl,45,300,1
D,1,10,18,1,3
W,1,10,2,ai,63,100,9
W,1,10,3,log,38,50,9
S,1,10,880,2162
W,2,10,1,ctrl,35,300,2
D,2,10,11,1,3
W,2,10,2,ai,41,100,10
W,2,10,3,log,19,50,9
S,2,10,843,1809
W,3,10,1,ctrl,28,300,2
D,3,10,11,1,2
W,3,10,2,ai,36,100,13
W,3,10,3,log,24,50,10
S,3,10,887,2094
W,4,10,1,ctrl,33,300,1
D,4,10,12,1,8
W,4,10,2,ai,34,100,13
W,4,10,3,log,19,50,10
S,4,10,872,1738
W,5,10,1,ctrl,31,300,1
D,5,10,11,0,0
W,5,10,2,ai,36,100,17
W,5,10,3,log,14,50,10
S,5,10,801,1743
W,6,10,1,ctrl,31,300,2
D,6,10,11,1,3
W,6,10,2,ai,32,100,20
W,6,10,3,log,27,50,10
S,6,10,880,1936
W,7,10,1,ctrl,33,300,1
D,7,10,12,1,5
W,7,10,2,ai,43,100,20
W,7,10,3,log,11,50,10
S,7,10,701,1757
W,8,10,1,ctrl,35,300,1
D,8,10,11,0,0
W,8,10,2,ai,33,100,21
W,8,10,3,log,18,50,10
S,8,10,870,1640
W,9,10,1,ctrl,44,300,2
D,9,10,11,1,6
W,9,10,2,ai,28,100,21
W,9,10,3,log,12,50,10
S,9,10,802,1273
W,10,10,1,ctrl,31,300,2
D,10,10,11,1,1
W,10,10,2,ai,39,100,25
W,10,10,3,log,24,50,10
S,10,10,882,2024
W,11,10,1,ctrl,30,300,2
D,11,10,11,1,4
W,11,10,2,ai,42,100,25
W,11,10,3,log,15,50,10
S,11,10,787,1936
W,12,10,1,ctrl,31,300,2
D,12,10,11,1,3
W,12,10,2,ai,39,100,26
W,12,10,3,log,21,50,10
S,12,10,867,1958
W,13,10,1,ctrl,36,300,1
D,13,10,12,1,6
W,13,10,2,ai,31,100,26
W,13,10,3,log,22,50,10
S,13,10,888,1648
W,14,10,1,ctrl,29,300,1
D,14,10,11,0,0
W,14,10,2,ai,36,100,26
W,14,10,3,log,17,50,10
S,14,10,846,1886
W,15,10,1,ctrl,32,300,1
D,15,10,11,0,0
W,15,10,2,ai,41,100,26
W,15,10,3,log,15,50,10
S,15,10,790,1834
W,16,10,1,ctrl,26,300,2
D,16,10,10,0,0
W,16,10,2,ai,38,100,26
W,16,10,3,log,24,50,10
S,16,10,883,2257
W,17,10,1,ctrl,30,300,2
D,17,10,11,1,2
W,17,10,2,ai,34,100,26
W,17,10,3,log,22,50,10
S,17,10,885,1913
W,18,10,1,ctrl,29,300,2
D,18,10,11,1,1
W,18,10,2,ai,42,100,26
W,18,10,3,log,19,50,10
S,18,10,839,2068
W,19,10,1,ctrl,29,300,2
D,19,10,11,1,4
W,19,10,2,ai,39,100,26
W,19,10,3,log,19,50,10
S,19,10,852,2000
W,20,10,1,ctrl,28,300,2
D,20,10,11,1,3
W,20,10,2,ai,40,100,26
W,20,10,3,log,20,50,10
S,20,10,857,2094
W,21,10,1,ctrl,35,300,1
D,21,10,12,1,8
W,21,10,2,ai,36,100,26
W,21,10,3,log,18,50,10
S,21,10,857,1694
W,22,10,1,ctrl,27,300,1
D,22,10,11,0,0
W,22,10,2,ai,36,100,26
W,22,10,3,log,20,50,10
S,22,10,871,2049
W,23,10,1,ctrl,30,300,1
D,23,10,11,0,0
W,23,10,2,ai,38,100,26
W,23,10,3,log,15,50,10
S,23,10,807,1844
W,24,10,1,ctrl,27,300,2
D,24,10,10,0,0
W,24,10,2,ai,38,100,26
W,24,10,3,log,24,50,10
S,24,10,883,2198
W,25,10,1,ctrl,29,300,2
D,25,10,11,1,3
W,25,10,2,ai,41,100,26
W,25,10,3,log,19,50,10
S,25,10,843,2049
W,26,10,1,ctrl,26,300,2
D,26,10,11,1,3
W,26,10,2,ai,41,100,26
W,26,10,3,log,19,50,10
S,26,10,843,2205
W,27,10,1,ctrl,29,300,2
D,27,10,11,0,0
W,27,10,2,ai,37,100,26
W,27,10,3,log,23,50,10
S,27,10,882,2049
W,28,10,1,ctrl,29,300,2
D,28,10,11,1,3
W,28,10,2,ai,43,100,26
W,28,10,3,log,14,50,10
S,28,10,767,1976
W,29,10,1,ctrl,27,300,2
D,29,10,11,1,2
W,29,10,2,ai,39,100,26
W,29,10,3,log,20,50,10
S,29,10,860,2127
W,30,10,1,ctrl,31,300,2
D,30,10,12,2,16
W,30,10,2,ai,39,100,26
W,30,10,3,log,21,50,10
S,30,10,867,1958
W,31,10,1,ctrl,35,300,1
D,31,10,12,2,10
W,31,10,2,ai,32,100,26
W,31,10,3,log,18,50,10
S,31,10,874,1620
W,32,10,1,ctrl,22,300,1
D,32,10,7,0,0
W,32,10,2,ai,29,100,1
W,32,10,3,log,12,50,1
S,32,10,820,1908
J,1,ctrl,1,359,24,99,12,2182,15580,2,22
# done
# WARMUP config=medium alpha=20
# prev_baseline_reset ngroups=3
# schedlab win=100 total=3600 groups=3
W,1,20,1,ctrl,47,300,2
D,1,20,18,0,0
W,1,20,2,ai,70,100,10
W,1,20,3,log,30,50,5
S,1,20,829,2087
W,2,20,1,ctrl,27,300,2
D,2,20,11,1,1
W,2,20,2,ai,35,100,13
W,2,20,3,log,28,50,10
S,2,20,886,2220
W,3,20,1,ctrl,31,300,1
D,3,20,12,1,5
W,3,20,2,ai,36,100,13
W,3,20,3,log,18,50,10
S,3,20,855,1829
W,4,20,1,ctrl,27,300,1
D,4,20,11,0,0
W,4,20,2,ai,43,100,15
W,4,20,3,log,16,50,10
S,4,20,800,2127
W,5,20,1,ctrl,27,300,1
D,5,20,11,0,0
W,5,20,2,ai,38,100,16
W,5,20,3,log,21,50,10
S,5,20,870,2127
W,6,20,1,ctrl,30,300,2
D,6,20,11,1,2
W,6,20,2,ai,44,100,19
W,6,20,3,log,16,50,10
S,6,20,792,2000
W,7,20,1,ctrl,27,300,2
D,7,20,11,1,2
W,7,20,2,ai,35,100,19
W,7,20,3,log,22,50,10
S,7,20,883,2074
W,8,20,1,ctrl,37,300,2
D,8,20,11,1,4
W,8,20,2,ai,34,100,23
W,8,20,3,log,20,50,10
S,8,20,879,1640
W,9,20,1,ctrl,34,300,2
D,9,20,12,2,10
W,9,20,2,ai,41,100,23
W,9,20,3,log,14,50,10
S,9,20,771,1743
W,10,20,1,ctrl,31,300,2
D,10,20,11,1,1
W,10,20,2,ai,40,100,26
W,10,20,3,log,15,50,10
S,10,20,796,1850
W,11,20,1,ctrl,29,300,1
D,11,20,11,1,1
W,11,20,2,ai,37,100,26
W,11,20,3,log,23,50,10
S,11,20,882,2049
W,12,20,1,ctrl,33,300,1
D,12,20,12,1,6
W,12,20,2,ai,33,100,26
W,12,20,3,log,17,50,10
S,12,20,861,1677
W,13,20,1,ctrl,22,300,2
D,13,20,10,0,0
W,13,20,2,ai,39,100,26
W,13,20,3,log,16,50,10
S,13,20,821,2336
W,14,20,1,ctrl,31,300,2
D,14,20,11,1,2
W,14,20,2,ai,36,100,26
W,14,20,3,log,20,50,10
S,14,20,871,1870
W,15,20,1,ctrl,33,300,1
D,15,20,12,1,7
W,15,20,2,ai,34,100,26
W,15,20,3,log,18,50,10
S,15,20,866,1716
W,16,20,1,ctrl,26,300,1
D,16,20,11,0,0
W,16,20,2,ai,38,100,26
W,16,20,3,log,22,50,10
S,16,20,875,2205
W,17,20,1,ctrl,26,300,2
D,17,20,10,0,0
W,17,20,2,ai,33,100,26
W,17,20,3,log,23,50,10
S,17,20,888,2100
W,18,20,1,ctrl,36,300,1
D,18,20,11,1,1
W,18,20,2,ai,32,100,26
W,18,20,3,log,19,50,10
S,18,20,881,1612
W,19,20,1,ctrl,29,300,1
D,19,20,12,1,6
W,19,20,2,ai,40,100,26
W,19,20,3,log,16,50,10
S,19,20,813,1953
W,20,20,1,ctrl,25,300,1
D,20,20,10,0,0
W,20,20,2,ai,34,100,26
W,20,20,3,log,19,50,10
S,20,20,872,2081
W,21,20,1,ctrl,34,300,2
D,21,20,11,1,2
W,21,20,2,ai,39,100,26
W,21,20,3,log,19,50,10
S,21,20,851,1804
W,22,20,1,ctrl,31,300,1
D,22,20,12,1,5
W,22,20,2,ai,40,100,26
W,22,20,3,log,16,50,10
S,22,20,811,1870
W,23,20,1,ctrl,27,300,1
D,23,20,11,0,0
W,23,20,2,ai,35,100,26
W,23,20,3,log,23,50,10
S,23,20,885,2100
W,24,20,1,ctrl,30,300,2
D,24,20,11,1,1
W,24,20,2,ai,41,100,26
W,24,20,3,log,20,50,10
S,24,20,851,2024
W,25,20,1,ctrl,32,300,1
D,25,20,12,1,3
W,25,20,2,ai,37,100,26
W,25,20,3,log,19,50,10
S,25,20,860,1834
W,26,20,1,ctrl,27,300,2
D,26,20,10,0,0
W,26,20,2,ai,36,100,26
W,26,20,3,log,22,50,10
S,26,20,880,2100
W,27,20,1,ctrl,35,300,1
D,27,20,12,1,4
W,27,20,2,ai,31,100,26
W,27,20,3,log,22,50,10
S,27,20,888,1677
W,28,20,1,ctrl,29,300,1
D,28,20,11,0,0
W,28,20,2,ai,42,100,26
W,28,20,3,log,16,50,10
S,28,20,802,2000
W,29,20,1,ctrl,23,300,1
D,29,20,11,0,0
W,29,20,2,ai,41,100,26
W,29,20,3,log,13,50,10
S,29,20,767,2234
W,30,20,1,ctrl,28,300,1
D,30,20,10,0,0
W,30,20,2,ai,42,100,26
W,30,20,3,log,17,50,10
S,30,20,817,2074
W,31,20,1,ctrl,28,300,2
D,31,20,11,1,2
W,31,20,2,ai,35,100,26
W,31,20,3,log,22,50,10
S,31,20,883,2024
W,32,20,1,ctrl,27,300,1
D,32,20,9,1,7
W,32,20,2,ai,29,100,1
W,32,20,3,log,17,50,1
S,32,20,878,1804
J,1,ctrl,1,360,21,72,8,1619,10025,1,18
# done
# RUN config=medium alpha=20 rep=1/3
# prev_baseline_reset ngroups=3
# schedlab win=100 total=3600 groups=3
W,1,20,1,ctrl,42,300,1
D,1,20,18,2,10
W,1,20,2,ai,68,100,10
W,1,20,3,log,40,50,10
S,1,20,877,2378
W,2,20,1,ctrl,28,300,1
D,2,20,11,0,0
W,2,20,2,ai,46,100,13
W,2,20,3,log,11,50,10
S,2,20,702,2024
W,3,20,1,ctrl,27,300,2
D,3,20,10,1,1
W,3,20,2,ai,33,100,16
W,3,20,3,log,23,50,10
S,3,20,888,2049
W,4,20,1,ctrl,28,300,2
D,4,20,11,1,6
W,4,20,2,ai,40,100,17
W,4,20,3,log,20,50,10
S,4,20,857,2094
W,5,20,1,ctrl,31,300,1
D,5,20,12,2,14
W,5,20,2,ai,37,100,17
W,5,20,3,log,16,50,10
S,5,20,828,1804
W,6,20,1,ctrl,30,300,1
D,6,20,11,1,2
W,6,20,2,ai,35,100,20
W,6,20,3,log,22,50,10
S,6,20,883,1936
W,7,20,1,ctrl,27,300,1
D,7,20,11,1,1
W,7,20,2,ai,40,100,21
W,7,20,3,log,18,50,10
S,7,20,837,2100
W,8,20,1,ctrl,27,300,2
D,8,20,10,0,0
W,8,20,2,ai,38,100,21
W,8,20,3,log,22,50,10
S,8,20,875,2148
W,9,20,1,ctrl,29,300,1
D,9,20,12,2,9
W,9,20,2,ai,40,100,24
W,9,20,3,log,13,50,10
S,9,20,764,1886
W,10,20,1,ctrl,28,300,1
D,10,20,11,0,0
W,10,20,2,ai,40,100,24
W,10,20,3,log,20,50,10
S,10,20,857,2094
W,11,20,1,ctrl,31,300,2
D,11,20,11,1,5
W,11,20,2,ai,39,100,26
W,11,20,3,log,18,50,10
S,11,20,842,1892
W,12,20,1,ctrl,35,300,1
D,12,20,12,2,16
W,12,20,2,ai,34,100,26
W,12,20,3,log,18,50,10
S,12,20,865,1656
W,13,20,1,ctrl,28,300,2
D,13,20,11,1,4
W,13,20,2,ai,37,100,26
W,13,20,3,log,24,50,10
S,13,20,885,2121
W,14,20,1,ctrl,25,300,2
D,14,20,11,1,5
W,14,20,2,ai,42,100,26
W,14,20,3,log,20,50,10
S,14,20,848,2320
W,15,20,1,ctrl,30,300,2
D,15,20,11,1,3
W,15,20,2,ai,40,100,26
W,15,20,3,log,19,50,10
S,15,20,848,1976
W,16,20,1,ctrl,31,300,1
D,16,20,12,2,14
W,16,20,2,ai,36,100,26
W,16,20,3,log,19,50,10
S,16,20,864,1850
W,17,20,1,ctrl,27,300,1
D,17,20,11,0,0
W,17,20,2,ai,41,100,26
W,17,20,3,log,21,50,10
S,17,20,859,2198
W,18,20,1,ctrl,29,300,1
D,18,20,11,0,0
W,18,20,2,ai,37,100,26
W,18,20,3,log,18,50,10
S,18,20,852,1930
W,19,20,1,ctrl,25,300,2
D,19,20,10,0,0
W,19,20,2,ai,37,100,26
W,19,20,3,log,22,50,10
S,19,20,878,2242
W,20,20,1,ctrl,34,300,1
D,20,20,12,2,9
W,20,20,2,ai,40,100,26
W,20,20,3,log,19,50,10
S,20,20,847,1824
W,21,20,1,ctrl,29,300,2
D,21,20,10,0,0
W,21,20,2,ai,37,100,26
W,21,20,3,log,23,50,10
S,21,20,882,2049
W,22,20,1,ctrl,26,300,1
D,22,20,12,1,7
W,22,20,2,ai,39,100,26
W,22,20,3,log,18,50,10
S,22,20,842,2127
W,23,20,1,ctrl,23,300,2
D,23,20,10,0,0
W,23,20,2,ai,38,100,26
W,23,20,3,log,26,50,10
S,23,20,886,2522
W,24,20,1,ctrl,37,300,1
D,24,20,12,1,8
W,24,20,2,ai,32,100,26
W,24,20,3,log,20,50,10
S,24,20,884,1604
W,25,20,1,ctrl,25,300,1
D,25,20,11,1,1
W,25,20,2,ai,46,100,26
W,25,20,3,log,10,50,10
S,25,20,688,2162
W,26,20,1,ctrl,28,300,2
D,26,20,10,0,0
W,26,20,2,ai,35,100,26
W,26,20,3,log,21,50,10
S,26,20,880,2000
W,27,20,1,ctrl,31,300,2
D,27,20,11,2,8
W,27,20,2,ai,36,100,26
W,27,20,3,log,17,50,10
S,27,20,846,1804
W,28,20,1,ctrl,25,300,2
D,28,20,11,1,4
W,28,20,2,ai,37,100,26
W,28,20,3,log,24,50,10
S,28,20,885,2296
W,29,20,1,ctrl,24,300,1
D,29,20,11,0,0
W,29,20,2,ai,34,100,26
W,29,20,3,log,21,50,10
S,29,20,881,2198
W,30,20,1,ctrl,27,300,1
D,30,20,11,0,0
W,30,20,2,ai,36,100,26
W,30,20,3,log,17,50,10
S,30,20,846,1976
W,31,20,1,ctrl,23,300,1
D,31,20,10,1,1
W,31,20,2,ai,37,100,26
W,31,20,3,log,22,50,10
S,31,20,878,2378
W,32,20,1,ctrl,30,300,1
D,32,20,11,1,2
W,32,20,2,ai,35,100,26
W,32,20,3,log,23,50,10
S,32,20,886,1958
J,1,ctrl,1,359,28,130,12,2728,23212,1,22
# done
# RUN config=medium alpha=20 rep=2/3
# prev_baseline_reset ngroups=3
# schedlab win=100 total=3600 groups=3
W,1,20,1,ctrl,45,300,1
D,1,20,18,0,0
W,1,20,2,ai,66,100,10
W,1,20,3,log,36,50,5
S,1,20,868,2176
W,2,20,1,ctrl,28,300,1
D,2,20,11,1,1
W,2,20,2,ai,39,100,11
W,2,20,3,log,18,50,6
S,2,20,842,2024
W,3,20,1,ctrl,29,300,1
D,3,20,11,0,0
W,3,20,2,ai,40,100,14
W,3,20,3,log,21,50,7
S,3,20,864,2068
W,4,20,1,ctrl,32,300,2
D,4,20,11,1,4
W,4,20,2,ai,41,100,18
W,4,20,3,log,17,50,10
S,4,20,819,1876
W,5,20,1,ctrl,31,300,1
D,5,20,12,2,12
W,5,20,2,ai,40,100,18
W,5,20,3,log,18,50,10
S,5,20,837,1913
W,6,20,1,ctrl,37,300,2
D,6,20,11,2,8
W,6,20,2,ai,34,100,19
W,6,20,3,log,20,50,10
S,6,20,879,1640
W,7,20,1,ctrl,23,300,2
D,7,20,11,1,5
W,7,20,2,ai,36,100,19
W,7,20,3,log,22,50,10
S,7,20,880,2353
W,8,20,1,ctrl,33,300,2
D,8,20,11,2,10
W,8,20,2,ai,38,100,19
W,8,20,3,log,18,50,10
S,8,20,846,1800
W,9,20,1,ctrl,33,300,2
D,9,20,12,2,22
W,9,20,2,ai,36,100,22
W,9,20,3,log,19,50,10
S,9,20,865,1776
W,10,20,1,ctrl,36,300,2
D,10,20,11,1,5
W,10,20,2,ai,32,100,22
W,10,20,3,log,19,50,10
S,10,20,881,1612
W,11,20,1,ctrl,29,300,2
D,11,20,11,1,5
W,11,20,2,ai,36,100,26
W,11,20,3,log,23,50,10
S,11,20,885,2024
W,12,20,1,ctrl,29,300,2
D,12,20,11,1,3
W,12,20,2,ai,42,100,26
W,12,20,3,log,16,50,10
S,12,20,802,2000
W,13,20,1,ctrl,30,300,2
D,13,20,11,1,5
W,13,20,2,ai,35,100,26
W,13,20,3,log,22,50,10
S,13,20,883,1936
W,14,20,1,ctrl,29,300,2
D,14,20,11,1,5
W,14,20,2,ai,40,100,26
W,14,20,3,log,19,50,10
S,14,20,847,2024
W,15,20,1,ctrl,29,300,2
D,15,20,11,1,5
W,15,20,2,ai,39,100,26
W,15,20,3,log,21,50,10
S,15,20,866,2049
W,16,20,1,ctrl,29,300,2
D,16,20,11,2,8
W,16,20,2,ai,40,100,26
W,16,20,3,log,20,50,10
S,16,20,856,2049
W,17,20,1,ctrl,28,300,2
D,17,20,11,1,5
W,17,20,2,ai,36,100,26
W,17,20,3,log,23,50,10
S,17,20,884,2074
W,18,20,1,ctrl,31,300,2
D,18,20,11,1,7
W,18,20,2,ai,40,100,26
W,18,20,3,log,19,50,10
S,18,20,848,1936
W,19,20,1,ctrl,32,300,1
D,19,20,12,2,10
W,19,20,2,ai,44,100,26
W,19,20,3,log,14,50,10
S,19,20,758,1876
W,20,20,1,ctrl,33,300,1
D,20,20,11,1,2
W,20,20,2,ai,37,100,26
W,20,20,3,log,17,50,10
S,20,20,840,1757
W,21,20,1,ctrl,30,300,1
D,21,20,11,1,3
W,21,20,2,ai,36,100,26
W,21,20,3,log,17,50,10
S,21,20,845,1844
W,22,20,1,ctrl,32,300,1
D,22,20,11,0,0
W,22,20,2,ai,43,100,26
W,22,20,3,log,16,50,10
S,22,20,795,1897
W,23,20,1,ctrl,31,300,2
D,23,20,11,1,5
W,23,20,2,ai,42,100,26
W,23,20,3,log,22,50,10
S,23,20,863,2042
W,24,20,1,ctrl,26,300,2
D,24,20,11,1,2
W,24,20,2,ai,42,100,26
W,24,20,3,log,19,50,10
S,24,20,839,2234
W,25,20,1,ctrl,33,300,1
D,25,20,12,2,16
W,25,20,2,ai,37,100,26
W,25,20,3,log,14,50,10
S,25,20,793,1698
W,26,20,1,ctrl,24,300,2
D,26,20,10,0,0
W,26,20,2,ai,38,100,26
W,26,20,3,log,24,50,10
S,26,20,883,2387
W,27,20,1,ctrl,26,300,2
D,27,20,11,2,6
W,27,20,2,ai,35,100,26
W,27,20,3,log,23,50,10
S,27,20,885,2155
W,28,20,1,ctrl,25,300,2
D,28,20,11,1,5
W,28,20,2,ai,42,100,26
W,28,20,3,log,17,50,10
S,28,20,818,2242
W,29,20,1,ctrl,30,300,1
D,29,20,12,3,11
W,29,20,2,ai,41,100,26
W,29,20,3,log,18,50,10
S,29,20,833,1976
W,30,20,1,ctrl,31,300,1
D,30,20,12,2,13
W,30,20,2,ai,38,100,26
W,30,20,3,log,20,50,10
S,30,20,864,1913
W,31,20,1,ctrl,24,300,2
D,31,20,10,0,0
W,31,20,2,ai,40,100,26
W,31,20,3,log,20,50,10
S,31,20,857,2336
W,32,20,1,ctrl,20,300,1
D,32,20,7,1,2
W,32,20,2,ai,21,100,1
W,32,20,3,log,16,50,1
S,32,20,886,1902
J,1,ctrl,1,359,38,185,15,2818,25250,1,25
# done
# RUN config=medium alpha=20 rep=3/3
# prev_baseline_reset ngroups=3
# schedlab win=100 total=3600 groups=3
W,1,20,1,ctrl,46,300,1
D,1,20,18,0,0
W,1,20,2,ai,67,100,8
W,1,20,3,log,31,50,6
S,1,20,843,2087
W,2,20,1,ctrl,30,300,1
D,2,20,11,0,0
W,2,20,2,ai,42,100,9
W,2,20,3,log,14,50,7
S,2,20,770,1913
W,3,20,1,ctrl,24,300,2
D,3,20,10,0,0
W,3,20,2,ai,42,100,11
W,3,20,3,log,14,50,7
S,3,20,779,2220
W,4,20,1,ctrl,28,300,2
D,4,20,11,1,4
W,4,20,2,ai,43,100,14
W,4,20,3,log,17,50,7
S,4,20,813,2094
W,5,20,1,ctrl,35,300,1
D,5,20,12,2,12
W,5,20,2,ai,36,100,17
W,5,20,3,log,16,50,10
S,5,20,831,1656
W,6,20,1,ctrl,36,300,2
D,6,20,11,1,5
W,6,20,2,ai,42,100,17
W,6,20,3,log,15,50,10
S,6,20,781,1720
W,7,20,1,ctrl,26,300,2
D,7,20,11,1,4
W,7,20,2,ai,39,100,20
W,7,20,3,log,18,50,10
S,7,20,842,2127
W,8,20,1,ctrl,25,300,2
D,8,20,11,1,2
W,8,20,2,ai,43,100,23
W,8,20,3,log,19,50,10
S,8,20,836,2320
W,9,20,1,ctrl,35,300,1
D,9,20,13,3,31
W,9,20,2,ai,35,100,23
W,9,20,3,log,20,50,10
S,9,20,876,1716
W,10,20,1,ctrl,28,300,1
D,10,20,11,0,0
W,10,20,2,ai,40,100,24
W,10,20,3,log,20,50,10
S,10,20,857,2094
W,11,20,1,ctrl,27,300,2
D,11,20,11,0,0
W,11,20,2,ai,39,100,24
W,11,20,3,log,18,50,10
S,11,20,843,2074
W,12,20,1,ctrl,25,300,2
D,12,20,11,2,16
W,12,20,2,ai,47,100,26
W,12,20,3,log,12,50,10
S,12,20,722,2242
W,13,20,1,ctrl,27,300,2
D,13,20,11,1,3
W,13,20,2,ai,43,100,26
W,13,20,3,log,19,50,10
S,13,20,835,2198
W,14,20,1,ctrl,29,300,2
D,14,20,11,1,4
W,14,20,2,ai,45,100,26
W,14,20,3,log,11,50,10
S,14,20,703,1953
W,15,20,1,ctrl,33,300,1
D,15,20,12,1,8
W,15,20,2,ai,38,100,26
W,15,20,3,log,13,50,10
S,15,20,768,1698
W,16,20,1,ctrl,29,300,1
D,16,20,11,0,0
W,16,20,2,ai,44,100,26
W,16,20,3,log,16,50,10
S,16,20,793,2049
W,17,20,1,ctrl,30,300,2
D,17,20,11,1,3
W,17,20,2,ai,40,100,26
W,17,20,3,log,18,50,10
S,17,20,837,1958
W,18,20,1,ctrl,29,300,1
D,18,20,12,2,11
W,18,20,2,ai,36,100,26
W,18,20,3,log,20,50,10
S,18,20,872,1953
W,19,20,1,ctrl,24,300,2
D,19,20,10,0,0
W,19,20,2,ai,42,100,26
W,19,20,3,log,16,50,10
S,19,20,807,2280
W,20,20,1,ctrl,26,300,1
D,20,20,11,0,0
W,20,20,2,ai,37,100,26
W,20,20,3,log,19,50,10
S,20,20,860,2100
W,21,20,1,ctrl,29,300,1
D,21,20,11,0,0
W,21,20,2,ai,38,100,26
W,21,20,3,log,18,50,10
S,21,20,847,1953
W,22,20,1,ctrl,26,300,1
D,22,20,11,0,0
W,22,20,2,ai,44,100,26
W,22,20,3,log,16,50,10
S,22,20,797,2205
W,23,20,1,ctrl,24,300,1
D,23,20,11,0,0
W,23,20,2,ai,40,100,26
W,23,20,3,log,22,50,10
S,23,20,869,2387
W,24,20,1,ctrl,28,300,2
D,24,20,10,1,1
W,24,20,2,ai,38,100,26
W,24,20,3,log,17,50,10
S,24,20,835,1976
W,25,20,1,ctrl,26,300,2
D,25,20,11,1,2
W,25,20,2,ai,38,100,26
W,25,20,3,log,24,50,10
S,25,20,883,2257
W,26,20,1,ctrl,24,300,2
D,26,20,11,1,3
W,26,20,2,ai,40,100,26
W,26,20,3,log,20,50,10
S,26,20,857,2336
W,27,20,1,ctrl,27,300,2
D,27,20,11,1,4
W,27,20,2,ai,41,100,26
W,27,20,3,log,19,50,10
S,27,20,844,2148
W,28,20,1,ctrl,29,300,2
D,28,20,11,1,2
W,28,20,2,ai,40,100,26
W,28,20,3,log,15,50,10
S,28,20,798,1930
W,29,20,1,ctrl,28,300,1
D,29,20,12,2,10
W,29,20,2,ai,39,100,26
W,29,20,3,log,19,50,10
S,29,20,851,2049
W,30,20,1,ctrl,28,300,1
D,30,20,11,0,0
W,30,20,2,ai,35,100,26
W,30,20,3,log,18,50,10
S,30,20,861,1930
W,31,20,1,ctrl,29,300,2
D,31,20,10,0,0
W,31,20,2,ai,33,100,26
W,31,20,3,log,22,50,10
S,31,20,886,1930
W,32,20,1,ctrl,19,300,1
D,32,20,9,1,4
W,32,20,2,ai,36,100,7
W,32,20,3,log,17,50,1
S,32,20,848,2532
J,1,ctrl,1,359,25,129,18,2506,20128,1,28
# done
# WARMUP config=medium alpha=30
# prev_baseline_reset ngroups=3
# schedlab win=100 total=3600 groups=3
W,1,30,1,ctrl,44,300,2
D,1,30,17,1,2
W,1,30,2,ai,66,100,9
W,1,30,3,log,32,50,10
S,1,30,851,2155
W,2,30,1,ctrl,28,300,2
D,2,30,11,1,2
W,2,30,2,ai,35,100,9
W,2,30,3,log,24,50,10
S,2,30,887,2074
W,3,30,1,ctrl,29,300,1
D,3,30,12,1,5
W,3,30,2,ai,39,200,13
W,3,30,3,log,16,50,10
S,3,30,890,1579
W,4,30,1,ctrl,21,300,2
D,4,30,10,0,0
W,4,30,2,ai,44,200,14
W,4,30,3,log,13,50,10
S,4,30,833,2026
W,5,30,1,ctrl,27,300,2
D,5,30,11,1,3
W,5,30,2,ai,42,200,14
W,5,30,3,log,10,50,10
S,5,30,780,1598
W,6,30,1,ctrl,28,300,2
D,6,30,11,1,8
W,6,30,2,ai,45,200,17
W,6,30,3,log,11,50,10
S,6,30,787,1636
W,7,30,1,ctrl,27,300,2
D,7,30,12,2,12
W,7,30,2,ai,44,200,17
W,7,30,3,log,16,50,10
S,7,30,876,1758
W,8,30,1,ctrl,30,300,2
D,8,30,11,1,2
W,8,30,2,ai,42,200,21
W,8,30,3,log,17,50,10
S,8,30,889,1617
W,9,30,1,ctrl,30,300,1
D,9,30,12,2,10
W,9,30,2,ai,44,200,21
W,9,30,3,log,11,50,10
S,9,30,794,1548
W,10,30,1,ctrl,21,300,2
D,10,30,10,0,0
W,10,30,2,ai,48,200,24
W,10,30,3,log,13,50,10
S,10,30,813,2128
W,11,30,1,ctrl,30,300,2
D,11,30,11,1,3
W,11,30,2,ai,48,200,26
W,11,30,3,log,11,50,10
S,11,30,769,1617
W,12,30,1,ctrl,27,300,1
D,12,30,12,1,8
W,12,30,2,ai,42,200,26
W,12,30,3,log,15,50,10
S,12,30,876,1697
W,13,30,1,ctrl,27,300,1
D,13,30,11,0,0
W,13,30,2,ai,45,200,26
W,13,30,3,log,13,50,10
S,13,30,831,1719
W,14,30,1,ctrl,25,300,1
D,14,30,11,0,0
W,14,30,2,ai,47,200,26
W,14,30,3,log,12,50,10
S,14,30,799,1835
W,15,30,1,ctrl,28,300,1
D,15,30,11,0,0
W,15,30,2,ai,37,200,26
W,15,30,3,log,12,50,10
S,15,30,865,1501
W,16,30,1,ctrl,28,300,1
D,16,30,11,0,0
W,16,30,2,ai,46,200,26
W,16,30,3,log,11,50,10
S,16,30,782,1656
W,17,30,1,ctrl,30,300,1
D,17,30,11,0,0
W,17,30,2,ai,44,200,26
W,17,30,3,log,11,50,10
S,17,30,794,1548
W,18,30,1,ctrl,27,300,2
D,18,30,10,0,0
W,18,30,2,ai,52,200,26
W,18,30,3,log,7,50,10
S,18,30,691,1741
W,19,30,1,ctrl,25,300,2
D,19,30,11,0,0
W,19,30,2,ai,51,200,26
W,19,30,3,log,10,50,10
S,19,30,733,1879
W,20,30,1,ctrl,31,300,1
D,20,30,12,1,4
W,20,30,2,ai,50,200,26
W,20,30,3,log,8,50,10
S,20,30,670,1566
W,21,30,1,ctrl,30,300,1
D,21,30,11,0,0
W,21,30,2,ai,45,200,26
W,21,30,3,log,11,50,10
S,21,30,786,1566
W,22,30,1,ctrl,23,300,2
D,22,30,10,0,0
W,22,30,2,ai,44,200,26
W,22,30,3,log,16,50,10
S,22,30,872,1967
W,23,30,1,ctrl,30,300,2
D,23,30,11,1,1
W,23,30,2,ai,36,200,26
W,23,30,3,log,14,50,10
S,23,30,892,1453
W,24,30,1,ctrl,28,300,2
D,24,30,11,1,4
W,24,30,2,ai,44,200,26
W,24,30,3,log,11,50,10
S,24,30,794,1617
W,25,30,1,ctrl,33,300,1
D,25,30,12,2,9
W,25,30,2,ai,45,200,26
W,25,30,3,log,8,50,10
S,25,30,679,1422
W,26,30,1,ctrl,27,300,2
D,26,30,10,0,0
W,26,30,2,ai,41,200,26
W,26,30,3,log,15,50,10
S,26,30,879,1676
W,27,30,1,ctrl,28,300,2
D,27,30,11,1,3
W,27,30,2,ai,47,200,26
W,27,30,3,log,13,50,10
S,27,30,821,1713
W,28,30,1,ctrl,30,300,2
D,28,30,11,1,3
W,28,30,2,ai,40,200,26
W,28,30,3,log,15,50,10
S,28,30,885,1548
W,29,30,1,ctrl,25,300,1
D,29,30,11,0,0
W,29,30,2,ai,42,200,26
W,29,30,3,log,16,50,10
S,29,30,881,1810
W,30,30,1,ctrl,29,300,1
D,30,30,12,1,8
W,30,30,2,ai,45,200,26
W,30,30,3,log,13,50,10
S,30,30,834,1636
W,31,30,1,ctrl,23,300,1
D,31,30,11,0,0
W,31,30,2,ai,39,200,26
W,31,30,3,log,15,50,10
S,31,30,881,1828
W,32,30,1,ctrl,24,300,1
D,32,30,10,0,0
W,32,30,2,ai,45,200,19
W,32,30,3,log,9,50,8
S,32,30,735,1775
J,1,ctrl,1,359,20,87,10,1865,12089,1,20
# done
# RUN config=medium alpha=30 rep=1/3
# prev_baseline_reset ngroups=3
# schedlab win=100 total=3600 groups=3
W,1,30,1,ctrl,40,300,2
D,1,30,17,2,6
W,1,30,2,ai,64,200,14
W,1,30,3,log,32,50,9
S,1,30,883,1853
W,2,30,1,ctrl,23,300,1
D,2,30,11,0,0
W,2,30,2,ai,46,200,17
W,2,30,3,log,15,50,9
S,2,30,853,1996
W,3,30,1,ctrl,30,300,1
D,3,30,11,0,0
W,3,30,2,ai,38,200,17
W,3,30,3,log,14,50,9
S,3,30,885,1493
W,4,30,1,ctrl,26,300,2
D,4,30,11,1,3
W,4,30,2,ai,45,200,18
W,4,30,3,log,13,50,10
S,4,30,830,1763
W,5,30,1,ctrl,25,300,2
D,5,30,11,1,3
W,5,30,2,ai,44,200,19
W,5,30,3,log,15,50,10
S,5,30,864,1835
W,6,30,1,ctrl,30,300,1
D,6,30,12,2,12
W,6,30,2,ai,47,200,22
W,6,30,3,log,7,50,10
S,6,30,690,1526
W,7,30,1,ctrl,28,300,1
D,7,30,11,0,0
W,7,30,2,ai,46,200,22
W,7,30,3,log,13,50,10
S,7,30,827,1697
W,8,30,1,ctrl,28,300,1
D,8,30,11,0,0
W,8,30,2,ai,46,200,26
W,8,30,3,log,11,50,10
S,8,30,782,1656
W,9,30,1,ctrl,22,300,2
D,9,30,10,0,0
W,9,30,2,ai,45,200,26
W,9,30,3,log,12,50,10
S,9,30,809,1960
W,10,30,1,ctrl,31,300,2
D,10,30,11,1,4
W,10,30,2,ai,44,200,26
W,10,30,3,log,12,50,10
S,10,30,819,1530
W,11,30,1,ctrl,32,300,2
D,11,30,12,2,10
W,11,30,2,ai,45,200,26
W,11,30,3,log,11,50,10
S,11,30,789,1501
W,12,30,1,ctrl,21,300,2
D,12,30,10,1,7
W,12,30,2,ai,47,200,26
W,12,30,3,log,11,50,10
S,12,30,779,2056
W,13,30,1,ctrl,24,300,1
D,13,30,12,1,7
W,13,30,2,ai,50,200,26
W,13,30,3,log,8,50,10
S,13,30,685,1866
W,14,30,1,ctrl,31,300,2
D,14,30,11,1,2
W,14,30,2,ai,42,200,26
W,14,30,3,log,17,50,10
S,14,30,888,1584
W,15,30,1,ctrl,29,300,1
D,15,30,12,1,6
W,15,30,2,ai,42,200,26
W,15,30,3,log,11,50,10
S,15,30,809,1543
W,16,30,1,ctrl,26,300,1
D,16,30,11,0,0
W,16,30,2,ai,47,200,26
W,16,30,3,log,13,50,10
S,16,30,821,1804
W,17,30,1,ctrl,23,300,2
D,17,30,10,0,0
W,17,30,2,ai,50,200,26
W,17,30,3,log,13,50,10
S,17,30,804,2041
W,18,30,1,ctrl,33,300,1
D,18,30,12,2,11
W,18,30,2,ai,39,200,26
W,18,30,3,log,12,50,10
S,18,30,859,1390
W,19,30,1,ctrl,25,300,2
D,19,30,10,0,0
W,19,30,2,ai,56,200,26
W,19,30,3,log,3,50,10
S,19,30,782,2571
W,20,30,1,ctrl,28,300,2
D,20,30,11,1,5
W,20,30,2,ai,40,200,26
W,20,30,3,log,13,50,10
S,20,30,862,1579
W,21,30,1,ctrl,30,300,1
D,21,30,12,2,12
W,21,30,2,ai,43,200,26
W,21,30,3,log,11,50,10
S,21,30,800,1526
W,22,30,1,ctrl,30,300,1
D,22,30,11,0,0
W,22,30,2,ai,45,200,26
W,22,30,3,log,11,50,10
S,22,30,786,1566
W,23,30,1,ctrl,29,300,1
D,23,30,11,0,0
W,23,30,2,ai,52,200,26
W,23,30,3,log,7,50,10
S,23,30,698,1656
W,24,30,1,ctrl,27,300,2
D,24,30,11,1,5
W,24,30,2,ai,46,200,26
W,24,30,3,log,12,50,10
S,24,30,806,1719
W,25,30,1,ctrl,26,300,2
D,25,30,11,1,3
W,25,30,2,ai,46,200,26
W,25,30,3,log,11,50,10
S,25,30,782,1741
W,26,30,1,ctrl,31,300,2
D,26,30,11,1,4
W,26,30,2,ai,45,200,26
W,26,30,3,log,12,50,10
S,26,30,814,1548
W,27,30,1,ctrl,30,300,1
D,27,30,12,2,11
W,27,30,2,ai,48,200,26
W,27,30,3,log,8,50,10
S,27,30,676,1566
W,28,30,1,ctrl,27,300,1
D,28,30,11,0,0
W,28,30,2,ai,44,200,26
W,28,30,3,log,16,50,10
S,28,30,876,1758
W,29,30,1,ctrl,26,300,2
D,29,30,11,1,4
W,29,30,2,ai,48,200,26
W,29,30,3,log,12,50,10
S,29,30,794,1804
W,30,30,1,ctrl,23,300,2
D,30,30,11,1,3
W,30,30,2,ai,51,200,26
W,30,30,3,log,13,50,10
S,30,30,799,2064
W,31,30,1,ctrl,28,300,1
D,31,30,12,2,12
W,31,30,2,ai,41,200,26
W,31,30,3,log,16,50,10
S,31,30,887,1656
W,32,30,1,ctrl,29,300,1
D,32,30,8,1,4
W,32,30,2,ai,35,100,1
W,32,30,3,log,4,50,1
S,32,30,783,1913
J,1,ctrl,1,359,28,134,10,2558,20618,2,20
# done
# RUN config=medium alpha=30 rep=2/3
# prev_baseline_reset ngroups=3
# schedlab win=100 total=3600 groups=3
W,1,30,1,ctrl,42,300,2
D,1,30,17,1,2
W,1,30,2,ai,65,100,10
W,1,30,3,log,31,50,7
S,1,30,848,2190
W,2,30,1,ctrl,27,300,1
D,2,30,11,0,0
W,2,30,2,ai,32,200,13
W,2,30,3,log,17,50,7
S,2,30,846,1535
W,3,30,1,ctrl,22,300,2
D,3,30,10,0,0
W,3,30,2,ai,48,200,14
W,3,30,3,log,13,50,10
S,3,30,813,2056
W,4,30,1,ctrl,23,300,2
D,4,30,11,1,2
W,4,30,2,ai,51,200,15
W,4,30,3,log,8,50,10
S,4,30,684,1946
W,5,30,1,ctrl,23,300,2
D,5,30,11,1,1
W,5,30,2,ai,47,200,18
W,5,30,3,log,15,50,10
S,5,30,849,2018
W,6,30,1,ctrl,28,300,2
D,6,30,11,0,0
W,6,30,2,ai,37,200,18
W,6,30,3,log,17,50,10
S,6,30,884,1598
W,7,30,1,ctrl,19,300,1
D,7,30,11,0,0
W,7,30,2,ai,46,200,20
W,7,30,3,log,11,50,10
S,7,30,783,2180
W,8,30,1,ctrl,21,300,2
D,8,30,10,0,0
W,8,30,2,ai,49,200,22
W,8,30,3,log,12,50,10
S,8,30,790,2128
W,9,30,1,ctrl,22,300,1
D,9,30,11,0,0
W,9,30,2,ai,40,200,22
W,9,30,3,log,15,50,10
S,9,30,877,1912
W,10,30,1,ctrl,26,300,2
D,10,30,10,0,0
W,10,30,2,ai,44,200,23
W,10,30,3,log,11,50,10
S,10,30,793,1703
W,11,30,1,ctrl,24,300,1
D,11,30,12,1,5
W,11,30,2,ai,40,200,24
W,11,30,3,log,16,50,10
S,11,30,887,1816
W,12,30,1,ctrl,23,300,2
D,12,30,10,0,0
W,12,30,2,ai,43,200,24
W,12,30,3,log,10,50,10
S,12,30,775,1804
W,13,30,1,ctrl,26,300,1
D,13,30,12,1,7
W,13,30,2,ai,43,200,24
W,13,30,3,log,12,50,10
S,13,30,824,1703
W,14,30,1,ctrl,23,300,1
D,14,30,11,0,0
W,14,30,2,ai,46,200,24
W,14,30,3,log,10,50,10
S,14,30,759,1872
W,15,30,1,ctrl,23,300,2
D,15,30,10,0,0
W,15,30,2,ai,42,200,25
W,15,30,3,log,11,50,10
S,15,30,805,1804
W,16,30,1,ctrl,31,300,1
D,16,30,13,2,22
W,16,30,2,ai,40,200,25
W,16,30,3,log,11,50,10
S,16,30,827,1441
W,17,30,1,ctrl,26,300,1
D,17,30,11,0,0
W,17,30,2,ai,38,200,26
W,17,30,3,log,15,50,10
S,17,30,887,1656
W,18,30,1,ctrl,24,300,1
D,18,30,11,0,0
W,18,30,2,ai,47,200,26
W,18,30,3,log,12,50,10
S,18,30,799,1885
W,19,30,1,ctrl,26,300,2
D,19,30,11,1,2
W,19,30,2,ai,47,200,26
W,19,30,3,log,12,50,10
S,19,30,800,1786
W,20,30,1,ctrl,31,300,2
D,20,30,11,1,1
W,20,30,2,ai,40,200,26
W,20,30,3,log,12,50,10
S,20,30,849,1461
W,21,30,1,ctrl,25,300,1
D,21,30,11,0,0
W,21,30,2,ai,41,200,26
W,21,30,3,log,11,50,10
S,21,30,812,1682
W,22,30,1,ctrl,21,300,1
D,22,30,11,0,0
W,22,30,2,ai,46,200,26
W,22,30,3,log,13,50,10
S,22,30,822,2080
W,23,30,1,ctrl,29,300,2
D,23,30,11,1,2
W,23,30,2,ai,50,200,26
W,23,30,3,log,7,50,10
S,23,30,694,1617
W,24,30,1,ctrl,32,300,2
D,24,30,12,2,14
W,24,30,2,ai,40,200,26
W,24,30,3,log,15,50,10
S,24,30,887,1485
W,25,30,1,ctrl,27,300,2
D,25,30,11,1,2
W,25,30,2,ai,42,200,26
W,25,30,3,log,15,50,10
S,25,30,876,1697
W,26,30,1,ctrl,30,300,1
D,26,30,12,1,8
W,26,30,2,ai,45,200,26
W,26,30,3,log,7,50,10
S,26,30,684,1493
W,27,30,1,ctrl,33,300,2
D,27,30,11,1,2
W,27,30,2,ai,41,200,26
W,27,30,3,log,11,50,10
S,27,30,820,1404
W,28,30,1,ctrl,34,300,1
D,28,30,12,1,8
W,28,30,2,ai,38,200,26
W,28,30,3,log,13,50,10
S,28,30,884,1362
W,29,30,1,ctrl,28,300,2
D,29,30,11,1,1
W,29,30,2,ai,39,200,26
W,29,30,3,log,17,50,10
S,29,30,889,1636
W,30,30,1,ctrl,27,300,2
D,30,30,11,1,3
W,30,30,2,ai,45,200,26
W,30,30,3,log,11,50,10
S,30,30,788,1676
W,31,30,1,ctrl,22,300,2
D,31,30,11,1,2
W,31,30,2,ai,42,200,26
W,31,30,3,log,16,50,10
S,31,30,880,1981
W,32,30,1,ctrl,27,300,1
D,32,30,10,1,6
W,32,30,2,ai,38,100,6
W,32,30,3,log,7,50,4
S,32,30,697,1776
J,1,ctrl,1,359,20,90,15,1914,12770,1,25
# done
# RUN config=medium alpha=30 rep=3/3
# prev_baseline_reset ngroups=3
# schedlab win=100 total=3600 groups=3
W,1,30,1,ctrl,43,300,1
D,1,30,18,0,0
W,1,30,2,ai,65,200,11
W,1,30,3,log,39,50,8
S,1,30,849,1866
W,2,30,1,ctrl,23,300,2
D,2,30,10,0,0
W,2,30,2,ai,51,200,14
W,2,30,3,log,7,50,9
S,2,30,676,1925
W,3,30,1,ctrl,22,300,2
D,3,30,11,1,6
W,3,30,2,ai,50,200,14
W,3,30,3,log,9,50,9
S,3,30,717,2011
W,4,30,1,ctrl,25,300,1
D,4,30,11,1,1
W,4,30,2,ai,45,200,17
W,4,30,3,log,7,50,9
S,4,30,666,1682
W,5,30,1,ctrl,34,300,2
D,5,30,11,1,6
W,5,30,2,ai,39,200,19
W,5,30,3,log,15,50,10
S,5,30,890,1411
W,6,30,1,ctrl,32,300,2
D,6,30,12,2,20
W,6,30,2,ai,43,200,19
W,6,30,3,log,11,50,10
S,6,30,801,1465
W,7,30,1,ctrl,31,300,1
D,7,30,12,2,10
W,7,30,2,ai,38,200,22
W,7,30,3,log,15,50,10
S,7,30,890,1476
W,8,30,1,ctrl,28,300,1
D,8,30,11,1,1
W,8,30,2,ai,41,200,22
W,8,30,3,log,16,50,10
S,8,30,887,1656
W,9,30,1,ctrl,26,300,2
D,9,30,11,1,5
W,9,30,2,ai,51,200,24
W,9,30,3,log,7,50,10
S,9,30,685,1763
W,10,30,1,ctrl,25,300,2
D,10,30,11,1,5
W,10,30,2,ai,50,200,26
W,10,30,3,log,8,50,10
S,10,30,683,1810
W,11,30,1,ctrl,26,300,1
D,11,30,12,2,13
W,11,30,2,ai,42,200,26
W,11,30,3,log,15,50,10
S,11,30,874,1741
W,12,30,1,ctrl,28,300,2
D,12,30,11,1,4
W,12,30,2,ai,43,200,26
W,12,30,3,log,16,50,10
S,12,30,880,1697
W,13,30,1,ctrl,29,300,1
D,13,30,12,2,12
W,13,30,2,ai,44,200,26
W,13,30,3,log,11,50,10
S,13,30,793,1579
W,14,30,1,ctrl,27,300,2
D,14,30,11,1,2
W,14,30,2,ai,46,200,26
W,14,30,3,log,15,50,10
S,14,30,857,1781
W,15,30,1,ctrl,24,300,1
D,15,30,12,2,14
W,15,30,2,ai,39,200,26
W,15,30,3,log,16,50,10
S,15,30,887,1798
W,16,30,1,ctrl,25,300,2
D,16,30,11,1,6
W,16,30,2,ai,46,200,26
W,16,30,3,log,12,50,10
S,16,30,805,1810
W,17,30,1,ctrl,32,300,1
D,17,30,12,2,15
W,17,30,2,ai,46,200,26
W,17,30,3,log,7,50,10
S,17,30,696,1449
W,18,30,1,ctrl,27,300,1
D,18,30,11,0,0
W,18,30,2,ai,38,200,26
W,18,30,3,log,15,50,10
S,18,30,888,1617
W,19,30,1,ctrl,23,300,1
D,19,30,11,1,2
W,19,30,2,ai,45,200,26
W,19,30,3,log,10,50,10
S,19,30,764,1853
W,20,30,1,ctrl,33,300,1
D,20,30,12,2,13
W,20,30,2,ai,42,200,26
W,20,30,3,log,11,50,10
S,20,30,809,1422
W,21,30,1,ctrl,23,300,1
D,21,30,11,0,0
W,21,30,2,ai,46,200,26
W,21,30,3,log,12,50,10
S,21,30,805,1925
W,22,30,1,ctrl,27,300,2
D,22,30,10,1,1
W,22,30,2,ai,50,200,26
W,22,30,3,log,8,50,10
S,22,30,678,1719
W,23,30,1,ctrl,32,300,2
D,23,30,12,2,19
W,23,30,2,ai,45,200,26
W,23,30,3,log,13,50,10
S,23,30,837,1535
W,24,30,1,ctrl,32,300,1
D,24,30,12,2,12
W,24,30,2,ai,49,200,26
W,24,30,3,log,7,50,10
S,24,30,704,1501
W,25,30,1,ctrl,28,300,2
D,25,30,11,1,5
W,25,30,2,ai,42,200,26
W,25,30,3,log,15,50,10
S,25,30,877,1656
W,26,30,1,ctrl,27,300,2
D,26,30,11,1,5
W,26,30,2,ai,40,200,26
W,26,30,3,log,15,50,10
S,26,30,882,1656
W,27,30,1,ctrl,38,300,1
D,27,30,12,3,15
W,27,30,2,ai,38,200,26
W,27,30,3,log,11,50,10
S,27,30,856,1250
W,28,30,1,ctrl,26,300,2
D,28,30,10,0,0
W,28,30,2,ai,48,200,26
W,28,30,3,log,7,50,10
S,28,30,678,1703
W,29,30,1,ctrl,28,300,1
D,29,30,12,2,9
W,29,30,2,ai,38,200,26
W,29,30,3,log,15,50,10
S,29,30,889,1579
W,30,30,1,ctrl,28,300,2
D,30,30,11,1,3
W,30,30,2,ai,47,200,26
W,30,30,3,log,11,50,10
S,30,30,775,1676
W,31,30,1,ctrl,31,300,1
D,31,30,12,2,12
W,31,30,2,ai,39,200,26
W,31,30,3,log,14,50,10
S,31,30,884,1476
W,32,30,1,ctrl,11,300,1
D,32,30,2,1,6
W,32,30,2,ai,5,100,1
W,32,30,3,log,2,50,1
S,32,30,666,1090
J,1,ctrl,1,359,40,222,14,2913,27423,1,24
# done
# WARMUP config=medium alpha=40
# prev_baseline_reset ngroups=3
# schedlab win=100 total=3600 groups=3
W,1,40,1,ctrl,45,300,1
D,1,40,18,1,3
W,1,40,2,ai,67,200,10
W,1,40,3,log,29,100,6
S,1,40,802,1567
W,2,40,1,ctrl,24,300,2
D,2,40,11,1,3
W,2,40,2,ai,38,200,11
W,2,40,3,log,24,100,9
S,2,40,888,1792
W,3,40,1,ctrl,25,300,2
D,3,40,11,1,1
W,3,40,2,ai,37,200,12
W,3,40,3,log,21,100,9
S,3,40,884,1661
W,4,40,1,ctrl,28,300,2
D,4,40,11,1,2
W,4,40,2,ai,39,200,12
W,4,40,3,log,13,100,9
S,4,40,683,1428
W,5,40,1,ctrl,31,300,2
D,5,40,12,2,12
W,5,40,2,ai,35,200,15
W,5,40,3,log,22,100,10
S,5,40,883,1420
W,6,40,1,ctrl,27,300,2
D,6,40,11,1,2
W,6,40,2,ai,36,200,15
W,6,40,3,log,17,100,10
S,6,40,836,1483
W,7,40,1,ctrl,28,300,1
D,7,40,12,1,5
W,7,40,2,ai,36,300,16
W,7,40,3,log,16,100,10
S,7,40,837,1222
W,8,40,1,ctrl,26,300,2
D,8,40,11,1,1
W,8,40,2,ai,35,300,18
W,8,40,3,log,25,100,10
S,8,40,763,1417
W,9,40,1,ctrl,29,300,2
D,9,40,12,2,11
W,9,40,2,ai,42,300,21
W,9,40,3,log,17,100,10
S,9,40,891,1300
W,10,40,1,ctrl,31,300,1
D,10,40,12,1,8
W,10,40,2,ai,42,300,21
W,10,40,3,log,11,100,10
S,10,40,773,1159
W,11,40,1,ctrl,27,300,2
D,11,40,11,1,2
W,11,40,2,ai,35,300,24
W,11,40,3,log,21,100,10
S,11,40,708,1316
W,12,40,1,ctrl,33,300,1
D,12,40,12,1,7
W,12,40,2,ai,27,300,24
W,12,40,3,log,20,100,10
S,12,40,762,1270
W,13,40,1,ctrl,33,300,2
D,13,40,12,1,6
W,13,40,2,ai,36,300,26
W,13,40,3,log,16,100,10
S,13,40,737,1103
W,14,40,1,ctrl,25,300,1
D,14,40,11,1,6
W,14,40,2,ai,45,300,26
W,14,40,3,log,8,100,10
S,14,40,830,1392
W,15,40,1,ctrl,30,300,2
D,15,40,11,1,3
W,15,40,2,ai,48,300,26
W,15,40,3,log,8,100,10
S,15,40,870,1526
W,16,40,1,ctrl,25,300,1
D,16,40,12,2,15
W,16,40,2,ai,41,300,26
W,16,40,3,log,14,100,10
S,16,40,837,1371
W,17,40,1,ctrl,28,300,1
D,17,40,12,3,18
W,17,40,2,ai,54,300,26
W,17,40,3,log,10,100,10
S,17,40,802,1407
W,18,40,1,ctrl,22,300,1
D,18,40,11,0,0
W,18,40,2,ai,35,300,26
W,18,40,3,log,25,100,10
S,18,40,674,1597
W,19,40,1,ctrl,27,300,2
D,19,40,11,0,0
W,19,40,2,ai,44,300,26
W,19,40,3,log,16,100,10
S,19,40,862,1380
W,20,40,1,ctrl,28,300,1
D,20,40,12,2,10
W,20,40,2,ai,50,300,26
W,20,40,3,log,9,100,10
S,20,40,828,1378
W,21,40,1,ctrl,27,300,2
D,21,40,11,2,15
W,21,40,2,ai,56,300,26
W,21,40,3,log,6,100,10
S,21,40,869,2119
W,22,40,1,ctrl,28,300,2
D,22,40,11,2,8
W,22,40,2,ai,43,300,26
W,22,40,3,log,9,100,10
S,22,40,832,1267
W,23,40,1,ctrl,30,300,2
D,23,40,11,4,50
W,23,40,2,ai,38,300,26
W,23,40,3,log,20,100,10
S,23,40,689,1258
W,24,40,1,ctrl,26,300,2
D,24,40,13,4,45
W,24,40,2,ai,53,300,26
W,24,40,3,log,14,100,10
S,24,40,702,1534
W,25,40,1,ctrl,26,300,1
D,25,40,12,3,23
W,25,40,2,ai,31,300,26
W,25,40,3,log,25,100,10
S,25,40,846,1350
W,26,40,1,ctrl,27,300,1
D,26,40,11,1,3
W,26,40,2,ai,43,300,26
W,26,40,3,log,12,100,10
S,26,40,693,1300
W,27,40,1,ctrl,32,300,2
D,27,40,13,4,60
W,27,40,2,ai,52,300,26
W,27,40,3,log,16,100,10
S,27,40,774,1337
W,28,40,1,ctrl,27,300,1
D,28,40,14,6,91
W,28,40,2,ai,44,300,26
W,28,40,3,log,25,100,10
S,28,40,796,1523
W,29,40,1,ctrl,26,300,2
D,29,40,10,1,2
W,29,40,2,ai,43,300,26
W,29,40,3,log,13,100,10
S,29,40,760,1350
W,30,40,1,ctrl,27,300,1
D,30,40,12,1,7
W,30,40,2,ai,49,300,26
W,30,40,3,log,9,100,10
S,30,40,820,1352
W,31,40,1,ctrl,12,300,1
D,31,40,5,1,2
W,31,40,2,ai,21,100,1
W,31,40,3,log,12,50,1
S,31,40,873,2503
J,1,ctrl,1,359,53,421,28,2448,27150,2,38
# done
# RUN config=medium alpha=40 rep=1/3
# prev_baseline_reset ngroups=3
# schedlab win=100 total=3600 groups=3
W,1,40,1,ctrl,44,300,2
D,1,40,18,2,7
W,1,40,2,ai,55,200,8
W,1,40,3,log,39,100,9
S,1,40,864,1572
W,2,40,1,ctrl,29,300,1
D,2,40,12,1,6
W,2,40,2,ai,41,200,11
W,2,40,3,log,13,100,9
S,2,40,708,1432
W,3,40,1,ctrl,28,300,2
D,3,40,11,1,3
W,3,40,2,ai,38,200,12
W,3,40,3,log,18,100,10
S,3,40,838,1501
W,4,40,1,ctrl,30,300,1
D,4,40,12,2,10
W,4,40,2,ai,33,200,15
W,4,40,3,log,16,100,10
S,4,40,842,1319
W,5,40,1,ctrl,29,300,2
D,5,40,11,1,3
W,5,40,2,ai,40,300,17
W,5,40,3,log,18,100,10
S,5,40,854,1285
W,6,40,1,ctrl,31,300,1
D,6,40,12,1,8
W,6,40,2,ai,34,300,17
W,6,40,3,log,19,100,10
S,6,40,836,1159
W,7,40,1,ctrl,32,300,2
D,7,40,11,1,1
W,7,40,2,ai,44,300,18
W,7,40,3,log,8,100,10
S,7,40,888,1494
W,8,40,1,ctrl,35,300,2
D,8,40,12,4,38
W,8,40,2,ai,45,300,18
W,8,40,3,log,11,100,10
S,8,40,857,1183
W,9,40,1,ctrl,25,300,1
D,9,40,13,3,25
W,9,40,2,ai,51,300,20
W,9,40,3,log,12,100,10
S,9,40,693,1507
W,10,40,1,ctrl,24,300,1
D,10,40,11,1,2
W,10,40,2,ai,45,300,23
W,10,40,3,log,14,100,10
S,10,40,786,1480
W,11,40,1,ctrl,30,300,2
D,11,40,12,3,38
W,11,40,2,ai,48,300,23
W,11,40,3,log,15,100,10
S,11,40,781,1329
W,12,40,1,ctrl,32,300,1
D,12,40,12,5,26
W,12,40,2,ai,42,300,26
W,12,40,3,log,20,100,10
S,12,40,796,1258
W,13,40,1,ctrl,29,300,2
D,13,40,11,2,6
W,13,40,2,ai,44,300,26
W,13,40,3,log,16,100,10
S,13,40,866,1316
W,14,40,1,ctrl,26,300,2
D,14,40,11,3,13
W,14,40,2,ai,36,300,26
W,14,40,3,log,25,100,10
S,14,40,734,1436
W,15,40,1,ctrl,32,300,2
D,15,40,12,4,20
W,15,40,2,ai,45,300,26
W,15,40,3,log,17,100,10
S,15,40,883,1258
W,16,40,1,ctrl,32,300,2
D,16,40,11,3,27
W,16,40,2,ai,35,300,26
W,16,40,3,log,20,100,10
S,16,40,843,1166
W,17,40,1,ctrl,33,300,2
D,17,40,15,8,169
W,17,40,2,ai,48,300,26
W,17,40,3,log,23,100,10
S,17,40,843,1350
W,18,40,1,ctrl,27,300,2
D,18,40,11,3,12
W,18,40,2,ai,55,300,26
W,18,40,3,log,8,100,10
S,18,40,841,1613
W,19,40,1,ctrl,23,300,2
D,19,40,11,1,3
W,19,40,2,ai,43,300,26
W,19,40,3,log,14,100,10
S,19,40,812,1491
W,20,40,1,ctrl,27,300,1
D,20,40,12,3,25
W,20,40,2,ai,39,300,26
W,20,40,3,log,20,100,10
S,20,40,803,1367
W,21,40,1,ctrl,31,300,1
D,21,40,11,2,10
W,21,40,2,ai,35,300,26
W,21,40,3,log,25,100,10
S,21,40,857,1258
W,22,40,1,ctrl,27,300,1
D,22,40,11,2,8
W,22,40,2,ai,39,300,26
W,22,40,3,log,20,100,10
S,22,40,803,1367
W,23,40,1,ctrl,32,300,2
D,23,40,11,4,27
W,23,40,2,ai,38,300,26
W,23,40,3,log,25,100,10
S,23,40,810,1273
W,24,40,1,ctrl,26,300,2
D,24,40,11,1,3
W,24,40,2,ai,42,300,26
W,24,40,3,log,16,100,10
S,24,40,879,1385
W,25,40,1,ctrl,32,300,2
D,25,40,11,3,28
W,25,40,2,ai,42,300,26
W,25,40,3,log,23,100,10
S,25,40,693,1300
W,26,40,1,ctrl,35,300,2
D,26,40,13,6,92
W,26,40,2,ai,39,300,26
W,26,40,3,log,20,100,10
S,26,40,793,1150
W,27,40,1,ctrl,31,300,2
D,27,40,12,3,23
W,27,40,2,ai,39,300,26
W,27,40,3,log,20,100,10
S,27,40,706,1244
W,28,40,1,ctrl,33,300,2
D,28,40,12,7,89
W,28,40,2,ai,48,300,26
W,28,40,3,log,18,100,10
S,28,40,879,1285
W,29,40,1,ctrl,29,300,2
D,29,40,12,4,48
W,29,40,2,ai,53,300,26
W,29,40,3,log,8,100,10
S,29,40,858,1613
W,30,40,1,ctrl,31,300,1
D,30,40,13,5,60
W,30,40,2,ai,38,300,26
W,30,40,3,log,25,100,10
S,30,40,790,1300
W,31,40,1,ctrl,7,300,1
D,31,40,1,1,4
W,31,40,2,ai,6,100,1
W,31,40,3,log,1,50,1
S,31,40,790,1563
J,1,ctrl,1,359,90,834,43,3315,48905,1,53
# done
# RUN config=medium alpha=40 rep=2/3
# prev_baseline_reset ngroups=3
# schedlab win=100 total=3600 groups=3
W,1,40,1,ctrl,39,300,1
D,1,40,18,2,16
W,1,40,2,ai,66,200,7
W,1,40,3,log,30,100,7
S,1,40,827,1736
W,2,40,1,ctrl,27,300,1
D,2,40,11,0,0
W,2,40,2,ai,33,200,7
W,2,40,3,log,22,100,7
S,2,40,877,1519
W,3,40,1,ctrl,25,300,1
D,3,40,11,0,0
W,3,40,2,ai,41,200,10
W,3,40,3,log,18,100,10
S,3,40,813,1683
W,4,40,1,ctrl,26,300,1
D,4,40,11,0,0
W,4,40,2,ai,44,200,13
W,4,40,3,log,13,100,10
S,4,40,700,1597
W,5,40,1,ctrl,26,300,1
D,5,40,11,0,0
W,5,40,2,ai,40,200,15
W,5,40,3,log,9,100,10
S,5,40,810,1445
W,6,40,1,ctrl,26,300,1
D,6,40,11,0,0
W,6,40,2,ai,42,200,15
W,6,40,3,log,14,100,10
S,6,40,681,1577
W,7,40,1,ctrl,25,300,2
D,7,40,11,1,2
W,7,40,2,ai,40,300,17
W,7,40,3,log,17,100,10
S,7,40,888,1407
W,8,40,1,ctrl,28,300,1
D,8,40,12,2,10
W,8,40,2,ai,50,300,20
W,8,40,3,log,5,100,10
S,8,40,886,2366
W,9,40,1,ctrl,25,300,2
D,9,40,11,0,0
W,9,40,2,ai,54,300,22
W,9,40,3,log,8,100,10
S,9,40,828,1560
W,10,40,1,ctrl,23,300,2
D,10,40,10,0,0
W,10,40,2,ai,46,300,22
W,10,40,3,log,10,100,10
S,10,40,735,1470
W,11,40,1,ctrl,29,300,2
D,11,40,11,1,4
W,11,40,2,ai,43,300,25
W,11,40,3,log,10,100,10
S,11,40,804,1212
W,12,40,1,ctrl,23,300,2
D,12,40,12,1,9
W,12,40,2,ai,46,300,25
W,12,40,3,log,13,100,10
S,12,40,737,1528
W,13,40,1,ctrl,29,300,1
D,13,40,12,1,7
W,13,40,2,ai,51,300,26
W,13,40,3,log,4,100,10
S,13,40,885,3021
W,14,40,1,ctrl,23,300,1
D,14,40,11,0,0
W,14,40,2,ai,36,300,26
W,14,40,3,log,20,100,10
S,14,40,792,1470
W,15,40,1,ctrl,23,300,1
D,15,40,11,0,0
W,15,40,2,ai,50,300,26
W,15,40,3,log,8,100,10
S,15,40,811,1512
W,16,40,1,ctrl,26,300,1
D,16,40,11,0,0
W,16,40,2,ai,47,300,26
W,16,40,3,log,7,100,10
S,16,40,860,1632
W,17,40,1,ctrl,22,300,1
D,17,40,11,0,0
W,17,40,2,ai,43,300,26
W,17,40,3,log,11,100,10
S,17,40,676,1480
W,18,40,1,ctrl,20,300,2
D,18,40,10,0,0
W,18,40,2,ai,43,300,26
W,18,40,3,log,18,100,10
S,18,40,884,1739
W,19,40,1,ctrl,28,300,2
D,19,40,11,1,1
W,19,40,2,ai,52,300,26
W,19,40,3,log,4,100,10
S,19,40,887,3021
W,20,40,1,ctrl,22,300,2
D,20,40,11,1,2
W,20,40,2,ai,58,300,26
W,20,40,3,log,8,100,10
S,20,40,807,1712
W,21,40,1,ctrl,28,300,1
D,21,40,12,1,7
W,21,40,2,ai,44,300,26
W,21,40,3,log,4,100,10
S,21,40,877,2730
W,22,40,1,ctrl,30,300,1
D,22,40,11,0,0
W,22,40,2,ai,41,300,26
W,22,40,3,log,11,100,10
S,22,40,739,1172
W,23,40,1,ctrl,22,300,2
D,23,40,11,1,3
W,23,40,2,ai,47,300,26
W,23,40,3,log,16,100,10
S,23,40,830,1658
W,24,40,1,ctrl,29,300,1
D,24,40,12,2,9
W,24,40,2,ai,41,300,26
W,24,40,3,log,14,100,10
S,24,40,840,1240
W,25,40,1,ctrl,28,300,2
D,25,40,11,1,2
W,25,40,2,ai,50,300,26
W,25,40,3,log,10,100,10
S,25,40,797,1345
W,26,40,1,ctrl,26,300,1
D,26,40,12,2,14
W,26,40,2,ai,54,300,26
W,26,40,3,log,5,100,10
S,26,40,878,2448
W,27,40,1,ctrl,26,300,1
D,27,40,11,0,0
W,27,40,2,ai,46,300,26
W,27,40,3,log,11,100,10
S,27,40,719,1367
W,28,40,1,ctrl,27,300,1
D,28,40,11,0,0
W,28,40,2,ai,41,300,26
W,28,40,3,log,13,100,10
S,28,40,787,1285
W,29,40,1,ctrl,26,300,2
D,29,40,11,1,2
W,29,40,2,ai,47,300,26
W,29,40,3,log,15,100,10
S,29,40,799,1450
W,30,40,1,ctrl,27,300,1
D,30,40,12,1,8
W,30,40,2,ai,34,300,26
W,30,40,3,log,20,100,10
S,30,40,723,1285
W,31,40,1,ctrl,27,300,1
D,31,40,11,1,6
W,31,40,2,ai,43,300,26
W,31,40,3,log,8,100,10
S,31,40,853,1392
W,32,40,1,ctrl,19,300,1
D,32,40,6,4,44
W,32,40,2,ai,24,100,1
W,32,40,3,log,8,50,1
S,32,40,765,1790
J,1,ctrl,1,359,24,146,17,2018,15176,3,27
# done
# RUN config=medium alpha=40 rep=3/3
# prev_baseline_reset ngroups=3
# schedlab win=100 total=3600 groups=3
W,1,40,1,ctrl,47,300,1
D,1,40,18,1,2
W,1,40,2,ai,58,200,7
W,1,40,3,log,39,100,6
S,1,40,875,1533
W,2,40,1,ctrl,31,300,2
D,2,40,11,1,4
W,2,40,2,ai,39,200,10
W,2,40,3,log,17,100,9
S,2,40,794,1404
W,3,40,1,ctrl,28,300,1
D,3,40,12,1,6
W,3,40,2,ai,33,200,13
W,3,40,3,log,22,100,9
S,3,40,875,1483
W,4,40,1,ctrl,27,300,1
D,4,40,11,0,0
W,4,40,2,ai,37,200,13
W,4,40,3,log,17,100,10
S,4,40,823,1501
W,5,40,1,ctrl,25,300,1
D,5,40,11,0,0
W,5,40,2,ai,37,200,14
W,5,40,3,log,19,100,10
S,5,40,863,1623
W,6,40,1,ctrl,25,300,2
D,6,40,11,1,4
W,6,40,2,ai,36,200,15
W,6,40,3,log,22,100,10
S,6,40,888,1661
W,7,40,1,ctrl,27,300,2
D,7,40,11,1,3
W,7,40,2,ai,37,300,17
W,7,40,3,log,22,100,10
S,7,40,678,1367
W,8,40,1,ctrl,33,300,2
D,8,40,12,2,18
W,8,40,2,ai,51,300,20
W,8,40,3,log,4,100,10
S,8,40,862,3155
W,9,40,1,ctrl,27,300,1
D,9,40,12,1,7
W,9,40,2,ai,31,300,20
W,9,40,3,log,25,100,10
S,9,40,860,1316
W,10,40,1,ctrl,28,300,2
D,10,40,11,1,3
W,10,40,2,ai,51,300,23
W,10,40,3,log,4,100,10
S,10,40,887,2958
W,11,40,1,ctrl,33,300,1
D,11,40,12,1,7
W,11,40,2,ai,49,300,23
W,11,40,3,log,4,100,10
S,11,40,851,3086
W,12,40,1,ctrl,29,300,1
D,12,40,12,1,7
W,12,40,2,ai,51,300,24
W,12,40,3,log,5,100,10
S,12,40,887,2448
W,13,40,1,ctrl,29,300,1
D,13,40,11,0,0
W,13,40,2,ai,37,300,26
W,13,40,3,log,15,100,10
S,13,40,879,1195
W,14,40,1,ctrl,24,300,1
D,14,40,11,0,0
W,14,40,2,ai,34,300,26
W,14,40,3,log,25,100,10
S,14,40,744,1480
W,15,40,1,ctrl,31,300,1
D,15,40,11,0,0
W,15,40,2,ai,35,300,26
W,15,40,3,log,20,100,10
S,15,40,817,1188
W,16,40,1,ctrl,29,300,2
D,16,40,11,1,3
W,16,40,2,ai,40,300,26
W,16,40,3,log,17,100,10
S,16,40,880,1270
W,17,40,1,ctrl,27,300,2
D,17,40,11,1,2
W,17,40,2,ai,43,300,26
W,17,40,3,log,13,100,10
S,17,40,755,1316
W,18,40,1,ctrl,21,300,2
D,18,40,11,1,2
W,18,40,2,ai,38,300,26
W,18,40,3,log,25,100,10
S,18,40,754,1712
W,19,40,1,ctrl,27,300,1
D,19,40,12,2,13
W,19,40,2,ai,38,300,26
W,19,40,3,log,16,100,10
S,19,40,885,1285
W,20,40,1,ctrl,34,300,2
D,20,40,11,2,10
W,20,40,2,ai,45,300,26
W,20,40,3,log,14,100,10
S,20,40,749,1172
W,21,40,1,ctrl,26,300,1
D,21,40,12,2,12
W,21,40,2,ai,39,300,26
W,21,40,3,log,20,100,10
S,21,40,817,1403
W,22,40,1,ctrl,28,300,2
D,22,40,10,2,6
W,22,40,2,ai,46,300,26
W,22,40,3,log,15,100,10
S,22,40,809,1363
W,23,40,1,ctrl,34,300,2
D,23,40,13,6,94
W,23,40,2,ai,44,300,26
W,23,40,3,log,18,100,10
S,23,40,880,1209
W,24,40,1,ctrl,31,300,1
D,24,40,13,5,52
W,24,40,2,ai,44,300,26
W,24,40,3,log,20,100,10
S,24,40,861,1312
W,25,40,1,ctrl,22,300,2
D,25,40,10,0,0
W,25,40,2,ai,38,300,26
W,25,40,3,log,18,100,10
S,25,40,879,1517
W,26,40,1,ctrl,30,300,1
D,26,40,12,3,20
W,26,40,2,ai,36,300,26
W,26,40,3,log,20,100,10
S,26,40,739,1229
W,27,40,1,ctrl,24,300,2
D,27,40,11,1,4
W,27,40,2,ai,39,300,26
W,27,40,3,log,25,100,10
S,27,40,730,1573
W,28,40,1,ctrl,27,300,1
D,28,40,12,2,7
W,28,40,2,ai,36,300,26
W,28,40,3,log,25,100,10
S,28,40,753,1398
W,29,40,1,ctrl,31,300,1
D,29,40,11,1,2
W,29,40,2,ai,37,300,26
W,29,40,3,log,20,100,10
S,29,40,728,1215
W,30,40,1,ctrl,29,300,1
D,30,40,13,4,56
W,30,40,2,ai,40,300,26
W,30,40,3,log,25,100,10
S,30,40,682,1389
W,31,40,1,ctrl,20,300,1
D,31,40,9,1,4
W,31,40,2,ai,41,100,2
W,31,40,3,log,11,50,2
S,31,40,736,2404
J,1,ctrl,1,359,45,348,29,2617,26985,1,39
# done
# WARMUP config=medium alpha=50
# prev_baseline_reset ngroups=3
# schedlab win=100 total=3600 groups=3
W,1,50,1,ctrl,40,300,1
D,1,50,18,0,0
W,1,50,2,ai,71,300,10
W,1,50,3,log,30,100,7
S,1,50,888,1512
W,2,50,1,ctrl,20,300,2
D,2,50,10,0,0
W,2,50,2,ai,39,300,10
W,2,50,3,log,17,150,9
S,2,50,774,1520
W,3,50,1,ctrl,30,300,2
D,3,50,11,1,4
W,3,50,2,ai,37,300,11
W,3,50,3,log,17,150,9
S,3,50,697,1120
W,4,50,1,ctrl,29,300,1
D,4,50,12,2,11
W,4,50,2,ai,30,300,11
W,4,50,3,log,25,150,10
S,4,50,887,1159
W,5,50,1,ctrl,21,300,2
D,5,50,10,0,0
W,5,50,2,ai,43,300,14
W,5,50,3,log,18,150,10
S,5,50,752,1562
W,6,50,1,ctrl,23,300,2
D,6,50,11,1,3
W,6,50,2,ai,43,400,17
W,6,50,3,log,16,150,10
S,6,50,828,1257
W,7,50,1,ctrl,29,300,2
D,7,50,12,6,58
W,7,50,2,ai,56,400,17
W,7,50,3,log,17,150,10
S,7,50,749,1239
W,8,50,1,ctrl,25,300,2
D,8,50,11,5,49
W,8,50,2,ai,52,400,17
W,8,50,3,log,21,150,10
S,8,50,876,1380
W,9,50,1,ctrl,30,300,2
D,9,50,12,9,94
W,9,50,2,ai,59,400,20
W,9,50,3,log,23,150,10
S,9,50,859,1318
W,10,50,1,ctrl,26,300,2
D,10,50,13,7,122
W,10,50,2,ai,43,400,20
W,10,50,3,log,25,150,10
S,10,50,761,1275
W,11,50,1,ctrl,28,300,2
D,11,50,13,7,93
W,11,50,2,ai,57,400,20
W,11,50,3,log,17,150,10
S,11,50,741,1284
W,12,50,1,ctrl,26,300,2
D,12,50,12,3,41
W,12,50,2,ai,59,400,21
W,12,50,3,log,13,150,10
S,12,50,856,1333
W,13,50,1,ctrl,28,300,2
D,13,50,12,3,38
W,13,50,2,ai,49,400,24
W,13,50,3,log,19,150,10
S,13,50,861,1209
W,14,50,1,ctrl,28,300,2
D,14,50,11,4,54
W,14,50,2,ai,50,400,24
W,14,50,3,log,20,150,10
S,14,50,883,1235
W,15,50,1,ctrl,34,300,2
D,15,50,15,13,288
W,15,50,2,ai,60,500,25
W,15,50,3,log,22,150,10
S,15,50,832,1075
W,16,50,1,ctrl,35,300,2
D,16,50,15,11,260
W,16,50,2,ai,62,500,26
W,16,50,3,log,20,150,10
S,16,50,786,1053
W,17,50,1,ctrl,35,300,2
D,17,50,15,11,235
W,17,50,2,ai,67,500,26
W,17,50,3,log,19,150,10
S,17,50,666,1089
W,18,50,1,ctrl,27,300,2
D,18,50,12,8,85
W,18,50,2,ai,60,500,26
W,18,50,3,log,16,150,10
S,18,50,690,1202
W,19,50,1,ctrl,33,300,2
D,19,50,13,10,162
W,19,50,2,ai,60,500,26
W,19,50,3,log,17,150,10
S,19,50,766,1050
W,20,50,1,ctrl,36,300,2
D,20,50,16,14,403
W,20,50,2,ai,69,500,26
W,20,50,3,log,22,150,10
S,20,50,897,1113
W,21,50,1,ctrl,31,300,2
D,21,50,13,11,242
W,21,50,2,ai,54,500,26
W,21,50,3,log,20,150,10
S,21,50,862,1067
W,22,50,1,ctrl,34,300,2
D,22,50,15,12,212
W,22,50,2,ai,73,500,26
W,22,50,3,log,19,150,10
S,22,50,752,1171
W,23,50,1,ctrl,31,300,2
D,23,50,12,7,95
W,23,50,2,ai,60,500,26
W,23,50,3,log,13,150,10
S,23,50,856,1256
W,24,50,1,ctrl,31,300,2
D,24,50,12,11,214
W,24,50,2,ai,66,500,26
W,24,50,3,log,17,150,10
S,24,50,766,1162
W,25,50,1,ctrl,31,300,2
D,25,50,14,9,157
W,25,50,2,ai,66,500,26
W,25,50,3,log,13,150,10
S,25,50,883,1330
W,26,50,1,ctrl,22,300,2
D,26,50,11,2,9
W,26,50,2,ai,58,500,26
W,26,50,3,log,14,150,10
S,26,50,731,1346
W,27,50,1,ctrl,25,300,2
D,27,50,11,6,75
W,27,50,2,ai,55,500,26
W,27,50,3,log,13,150,10
S,27,50,833,1175
W,28,50,1,ctrl,26,300,2
D,28,50,13,6,92
W,28,50,2,ai,61,500,26
W,28,50,3,log,15,150,10
S,28,50,756,1240
W,29,50,1,ctrl,11,300,1
D,29,50,4,2,9
W,29,50,2,ai,19,100,1
W,29,50,3,log,5,50,1
S,29,50,724,2121
J,1,ctrl,1,359,181,3105,54,6066,167698,1,64
# done
# RUN config=medium alpha=50 rep=1/3
# prev_baseline_reset ngroups=3
# schedlab win=100 total=3600 groups=3
W,1,50,1,ctrl,41,300,2
D,1,50,17,2,9
W,1,50,2,ai,72,300,10
W,1,50,3,log,28,100,6
S,1,50,878,1475
W,2,50,1,ctrl,25,300,1
D,2,50,12,1,7
W,2,50,2,ai,39,300,12
W,2,50,3,log,17,150,9
S,2,50,730,1298
W,3,50,1,ctrl,27,300,2
D,3,50,10,1,2
W,3,50,2,ai,39,300,15
W,3,50,3,log,18,150,9
S,3,50,780,1246
W,4,50,1,ctrl,36,300,2
D,4,50,15,8,173
W,4,50,2,ai,46,300,15
W,4,50,3,log,28,150,9
S,4,50,817,1223
W,5,50,1,ctrl,29,300,1
D,5,50,13,4,48
W,5,50,2,ai,47,400,17
W,5,50,3,log,19,150,10
S,5,50,895,1154
W,6,50,1,ctrl,35,300,1
D,6,50,14,9,148
W,6,50,2,ai,62,400,19
W,6,50,3,log,15,150,10
S,6,50,888,1323
W,7,50,1,ctrl,27,300,2
D,7,50,11,4,27
W,7,50,2,ai,56,400,22
W,7,50,3,log,9,150,10
S,7,50,882,1814
W,8,50,1,ctrl,21,300,2
D,8,50,11,4,21
W,8,50,2,ai,48,400,22
W,8,50,3,log,18,150,10
S,8,50,830,1460
W,9,50,1,ctrl,33,300,2
D,9,50,12,9,71
W,9,50,2,ai,52,400,23
W,9,50,3,log,22,150,10
S,9,50,859,1142
W,10,50,1,ctrl,26,300,2
D,10,50,13,6,75
W,10,50,2,ai,52,400,24
W,10,50,3,log,18,150,10
S,10,50,754,1303
W,11,50,1,ctrl,27,300,2
D,11,50,12,4,49
W,11,50,2,ai,47,400,24
W,11,50,3,log,21,150,10
S,11,50,865,1239
W,12,50,1,ctrl,28,300,2
D,12,50,13,6,65
W,12,50,2,ai,51,400,24
W,12,50,3,log,19,150,10
S,12,50,822,1235
W,13,50,1,ctrl,35,300,2
D,13,50,14,11,217
W,13,50,2,ai,66,400,24
W,13,50,3,log,15,150,10
S,13,50,888,1364
W,14,50,1,ctrl,26,300,2
D,14,50,12,8,124
W,14,50,2,ai,59,500,26
W,14,50,3,log,16,150,10
S,14,50,678,1225
W,15,50,1,ctrl,29,300,2
D,15,50,12,8,128
W,15,50,2,ai,62,500,26
W,15,50,3,log,14,150,10
S,15,50,868,1180
W,16,50,1,ctrl,40,300,2
D,16,50,16,16,545
W,16,50,2,ai,70,500,26
W,16,50,3,log,20,150,10
S,16,50,857,1026
W,17,50,1,ctrl,31,300,2
D,17,50,15,11,217
W,17,50,2,ai,65,500,26
W,17,50,3,log,21,150,10
S,17,50,883,1193
W,18,50,1,ctrl,31,300,2
D,18,50,13,12,256
W,18,50,2,ai,68,500,26
W,18,50,3,log,15,150,10
S,18,50,869,1198
W,19,50,1,ctrl,36,300,2
D,19,50,14,14,447
W,19,50,2,ai,59,500,26
W,19,50,3,log,20,150,10
S,19,50,746,1025
W,20,50,1,ctrl,30,300,2
D,20,50,14,9,149
W,20,50,2,ai,57,500,26
W,20,50,3,log,16,150,10
S,20,50,715,1082
W,21,50,1,ctrl,28,300,2
D,21,50,12,8,81
W,21,50,2,ai,59,500,26
W,21,50,3,log,20,150,10
S,21,50,887,1206
W,22,50,1,ctrl,29,300,2
D,22,50,12,9,99
W,22,50,2,ai,68,500,26
W,22,50,3,log,14,150,10
S,22,50,864,1246
W,23,50,1,ctrl,31,300,2
D,23,50,13,8,138
W,23,50,2,ai,50,500,26
W,23,50,3,log,18,150,10
S,23,50,721,1041
W,24,50,1,ctrl,33,300,2
D,24,50,13,12,251
W,24,50,2,ai,67,500,26
W,24,50,3,log,15,150,10
S,24,50,888,1207
W,25,50,1,ctrl,36,300,2
D,25,50,14,14,354
W,25,50,2,ai,65,500,26
W,25,50,3,log,17,150,10
S,25,50,871,1090
W,26,50,1,ctrl,26,300,2
D,26,50,13,7,108
W,26,50,2,ai,60,500,26
W,26,50,3,log,12,150,10
S,26,50,876,1286
W,27,50,1,ctrl,31,300,2
D,27,50,13,6,99
W,27,50,2,ai,51,500,26
W,27,50,3,log,16,150,10
S,27,50,771,1011
W,28,50,1,ctrl,13,300,1
D,28,50,5,5,71
W,28,50,2,ai,31,100,1
W,28,50,3,log,8,50,1
S,28,50,733,2664
J,1,ctrl,1,358,216,3979,60,7075,220161,1,70
# done
# RUN config=medium alpha=50 rep=2/3
# prev_baseline_reset ngroups=3
# schedlab win=100 total=3600 groups=3
W,1,50,1,ctrl,44,300,2
D,1,50,18,0,0
W,1,50,2,ai,54,200,8
W,1,50,3,log,35,100,6
S,1,50,883,1515
W,2,50,1,ctrl,27,300,2
D,2,50,11,0,0
W,2,50,2,ai,39,300,10
W,2,50,3,log,19,100,6
S,2,50,830,1350
W,3,50,1,ctrl,31,300,2
D,3,50,11,1,4
W,3,50,2,ai,37,300,12
W,3,50,3,log,15,150,9
S,3,50,894,1111
W,4,50,1,ctrl,28,300,1
D,4,50,12,1,6
W,4,50,2,ai,35,300,13
W,4,50,3,log,18,150,10
S,4,50,873,1159
W,5,50,1,ctrl,28,300,2
D,5,50,11,1,1
W,5,50,2,ai,46,300,13
W,5,50,3,log,16,150,10
S,5,50,798,1286
W,6,50,1,ctrl,30,300,1
D,6,50,12,6,33
W,6,50,2,ai,36,400,16
W,6,50,3,log,25,150,10
S,6,50,812,1189
W,7,50,1,ctrl,23,300,2
D,7,50,10,2,8
W,7,50,2,ai,46,400,16
W,7,50,3,log,12,150,10
S,7,50,838,1243
W,8,50,1,ctrl,31,300,2
D,8,50,13,6,72
W,8,50,2,ai,57,400,17
W,8,50,3,log,15,150,10
S,8,50,870,1213
W,9,50,1,ctrl,29,300,2
D,9,50,13,6,71
W,9,50,2,ai,58,400,20
W,9,50,3,log,12,150,10
S,9,50,888,1454
W,10,50,1,ctrl,30,300,2
D,10,50,13,8,151
W,10,50,2,ai,57,400,21
W,10,50,3,log,24,150,10
S,10,50,892,1303
W,11,50,1,ctrl,30,300,2
D,11,50,14,9,189
W,11,50,2,ai,53,400,22
W,11,50,3,log,19,150,10
S,11,50,778,1197
W,12,50,1,ctrl,31,300,2
D,12,50,14,7,114
W,12,50,2,ai,50,400,22
W,12,50,3,log,19,150,10
S,12,50,862,1135
W,13,50,1,ctrl,25,300,2
D,13,50,11,4,35
W,13,50,2,ai,58,500,25
W,13,50,3,log,10,150,10
S,13,50,888,1467
W,14,50,1,ctrl,25,300,2
D,14,50,13,8,119
W,14,50,2,ai,58,500,25
W,14,50,3,log,18,150,10
S,14,50,849,1275
W,15,50,1,ctrl,28,300,2
D,15,50,13,7,102
W,15,50,2,ai,62,500,26
W,15,50,3,log,11,150,10
S,15,50,884,1453
W,16,50,1,ctrl,32,300,2
D,16,50,12,7,118
W,16,50,2,ai,59,500,26
W,16,50,3,log,16,150,10
S,16,50,846,1053
W,17,50,1,ctrl,32,300,2
D,17,50,14,11,146
W,17,50,2,ai,53,500,26
W,17,50,3,log,19,150,10
S,17,50,852,1033
W,18,50,1,ctrl,37,300,2
D,18,50,14,12,265
W,18,50,2,ai,68,500,26
W,18,50,3,log,21,150,10
S,18,50,879,1075
W,19,50,1,ctrl,36,300,2
D,19,50,14,14,383
W,19,50,2,ai,67,500,26
W,19,50,3,log,21,150,10
S,19,50,898,1086
W,20,50,1,ctrl,32,300,2
D,20,50,13,9,189
W,20,50,2,ai,54,500,26
W,20,50,3,log,16,150,10
S,20,50,857,1006
W,21,50,1,ctrl,37,300,2
D,21,50,15,13,333
W,21,50,2,ai,58,500,26
W,21,50,3,log,21,150,10
S,21,50,742,1052
W,22,50,1,ctrl,31,300,2
D,22,50,12,10,170
W,22,50,2,ai,61,500,26
W,22,50,3,log,16,150,10
S,22,50,812,1097
W,23,50,1,ctrl,32,300,2
D,23,50,14,10,207
W,23,50,2,ai,62,500,26
W,23,50,3,log,16,150,10
S,23,50,853,1086
W,24,50,1,ctrl,36,300,2
D,24,50,15,13,259
W,24,50,2,ai,68,500,26
W,24,50,3,log,21,150,10
S,24,50,890,1093
W,25,50,1,ctrl,29,300,2
D,25,50,13,8,131
W,25,50,2,ai,64,500,26
W,25,50,3,log,12,150,10
S,25,50,884,1377
W,26,50,1,ctrl,37,300,2
D,26,50,15,13,329
W,26,50,2,ai,58,500,26
W,26,50,3,log,18,150,10
S,26,50,766,1025
W,27,50,1,ctrl,31,300,2
D,27,50,14,10,219
W,27,50,2,ai,56,500,26
W,27,50,3,log,16,150,10
S,27,50,743,1050
W,28,50,1,ctrl,14,300,1
D,28,50,5,4,58
W,28,50,2,ai,26,100,1
W,28,50,3,log,3,50,1
S,28,50,739,2049
J,1,ctrl,1,359,200,3712,52,6531,197437,2,62
# done
# RUN config=medium alpha=50 rep=3/3
# prev_baseline_reset ngroups=3
# schedlab win=100 total=3600 groups=3
W,1,50,1,ctrl,34,300,2
D,1,50,17,1,2
W,1,50,2,ai,85,300,9
W,1,50,3,log,16,100,4
S,1,50,745,1705
W,2,50,1,ctrl,29,300,1
D,2,50,12,1,6
W,2,50,2,ai,49,300,10
W,2,50,3,log,7,100,5
S,2,50,877,1731
W,3,50,1,ctrl,27,300,1
D,3,50,11,0,0
W,3,50,2,ai,44,300,12
W,3,50,3,log,8,100,5
S,3,50,852,1405
W,4,50,1,ctrl,27,300,1
D,4,50,11,0,0
W,4,50,2,ai,43,300,15
W,4,50,3,log,7,100,5
S,4,50,877,1577
W,5,50,1,ctrl,22,300,2
D,5,50,10,0,0
W,5,50,2,ai,40,300,15
W,5,50,3,log,21,100,8
S,5,50,854,1615
W,6,50,1,ctrl,32,300,2
D,6,50,11,3,12
W,6,50,2,ai,46,400,18
W,6,50,3,log,18,100,8
S,6,50,861,1126
W,7,50,1,ctrl,33,300,2
D,7,50,13,7,126
W,7,50,2,ai,55,400,19
W,7,50,3,log,14,150,9
S,7,50,878,1284
W,8,50,1,ctrl,37,300,2
D,8,50,15,10,207
W,8,50,2,ai,67,400,19
W,8,50,3,log,20,150,10
S,8,50,800,1181
W,9,50,1,ctrl,32,300,2
D,9,50,14,9,221
W,9,50,2,ai,52,400,22
W,9,50,3,log,20,150,10
S,9,50,867,1146
W,10,50,1,ctrl,31,300,2
D,10,50,13,8,120
W,10,50,2,ai,53,400,22
W,10,50,3,log,18,150,10
S,10,50,666,1161
W,11,50,1,ctrl,29,300,2
D,11,50,13,7,110
W,11,50,2,ai,57,400,22
W,11,50,3,log,19,150,10
S,11,50,701,1275
W,12,50,1,ctrl,29,300,2
D,12,50,13,9,134
W,12,50,2,ai,62,500,25
W,12,50,3,log,19,150,10
S,12,50,838,1197
W,13,50,1,ctrl,33,300,2
D,13,50,14,11,229
W,13,50,2,ai,58,500,26
W,13,50,3,log,16,150,10
S,13,50,868,1053
W,14,50,1,ctrl,30,300,2
D,14,50,13,9,137
W,14,50,2,ai,60,500,26
W,14,50,3,log,21,150,10
S,14,50,850,1166
W,15,50,1,ctrl,32,300,2
D,15,50,13,9,117
W,15,50,2,ai,64,500,26
W,15,50,3,log,10,150,10
S,15,50,783,1670
W,16,50,1,ctrl,37,300,2
D,16,50,13,12,211
W,16,50,2,ai,61,500,26
W,16,50,3,log,22,150,10
S,16,50,826,1035
W,17,50,1,ctrl,31,300,2
D,17,50,15,11,310
W,17,50,2,ai,68,500,26
W,17,50,3,log,17,150,10
S,17,50,783,1179
W,18,50,1,ctrl,28,300,2
D,18,50,12,7,112
W,18,50,2,ai,63,500,26
W,18,50,3,log,11,150,10
S,18,50,886,1467
W,19,50,1,ctrl,29,300,2
D,19,50,12,10,166
W,19,50,2,ai,59,500,26
W,19,50,3,log,15,150,10
S,19,50,825,1120
W,20,50,1,ctrl,29,300,2
D,20,50,14,7,90
W,20,50,2,ai,64,500,26
W,20,50,3,log,16,150,10
S,20,50,781,1184
W,21,50,1,ctrl,31,300,2
D,21,50,12,10,106
W,21,50,2,ai,66,500,26
W,21,50,3,log,12,150,10
S,21,50,873,1427
W,22,50,1,ctrl,29,300,2
D,22,50,12,8,124
W,22,50,2,ai,64,500,26
W,22,50,3,log,17,150,10
S,22,50,702,1197
W,23,50,1,ctrl,36,300,2
D,23,50,15,14,426
W,23,50,2,ai,65,500,26
W,23,50,3,log,17,150,10
S,23,50,871,1090
W,24,50,1,ctrl,33,300,2
D,24,50,15,12,309
W,24,50,2,ai,62,500,26
W,24,50,3,log,22,150,10
S,24,50,726,1117
W,25,50,1,ctrl,29,300,2
D,25,50,12,10,206
W,25,50,2,ai,66,500,26
W,25,50,3,log,17,150,10
S,25,50,729,1220
W,26,50,1,ctrl,29,300,2
D,26,50,13,9,176
W,26,50,2,ai,60,500,26
W,26,50,3,log,10,150,10
S,26,50,837,1554
W,27,50,1,ctrl,33,300,2
D,27,50,14,12,308
W,27,50,2,ai,68,500,26
W,27,50,3,log,15,150,10
S,27,50,883,1217
W,28,50,1,ctrl,21,300,1
D,28,50,7,6,99
W,28,50,2,ai,30,100,1
W,28,50,3,log,7,50,1
S,28,50,686,1839
J,1,ctrl,1,359,212,4064,58,7111,218863,1,68
# done
# WARMUP config=medium alpha=60
# prev_baseline_reset ngroups=3
# schedlab win=100 total=3600 groups=3
W,1,60,1,ctrl,43,300,2
D,1,60,17,0,0
W,1,60,2,ai,64,300,9
W,1,60,3,log,33,100,6
S,1,60,815,1394
W,2,60,1,ctrl,32,300,1
D,2,60,12,2,10
W,2,60,2,ai,44,400,12
W,2,60,3,log,12,100,6
S,2,60,665,1033
W,3,60,1,ctrl,20,300,2
D,3,60,10,0,0
W,3,60,2,ai,54,400,14
W,3,60,3,log,3,150,7
S,3,60,877,4631
W,4,60,1,ctrl,34,300,2
D,4,60,12,3,16
W,4,60,2,ai,58,500,16
W,4,60,3,log,11,150,7
S,4,60,842,1481
W,5,60,1,ctrl,33,300,2
D,5,60,14,13,313
W,5,60,2,ai,60,500,17
W,5,60,3,log,14,150,9
S,5,60,796,1207
W,6,60,1,ctrl,29,300,2
D,6,60,13,10,122
W,6,60,2,ai,63,500,17
W,6,60,3,log,16,150,9
S,6,60,768,1175
W,7,60,1,ctrl,28,300,2
D,7,60,11,8,131
W,7,60,2,ai,58,500,19
W,7,60,3,log,16,150,10
S,7,60,682,1149
W,8,60,1,ctrl,34,300,2
D,8,60,14,14,364
W,8,60,2,ai,65,600,21
W,8,60,3,log,17,150,10
S,8,60,877,1019
W,9,60,1,ctrl,30,300,2
D,9,60,14,12,212
W,9,60,2,ai,66,600,24
W,9,60,3,log,16,150,10
S,9,60,666,1067
W,10,60,1,ctrl,33,300,2
D,10,60,15,14,334
W,10,60,2,ai,76,600,24
W,10,60,3,log,18,150,10
S,10,60,691,1100
W,11,60,1,ctrl,30,300,2
D,11,60,13,10,189
W,11,60,2,ai,64,600,24
W,11,60,3,log,16,150,10
S,11,60,810,1047
W,12,60,1,ctrl,34,300,2
D,12,60,14,13,240
W,12,60,2,ai,79,700,26
W,12,60,3,log,16,150,10
S,12,60,923,1048
W,13,60,1,ctrl,29,300,2
D,13,60,13,12,250
W,13,60,2,ai,66,700,26
W,13,60,3,log,15,150,10
S,13,60,883,1013
W,14,60,1,ctrl,29,300,2
D,14,60,12,12,365
W,14,60,2,ai,71,700,26
W,14,60,3,log,16,150,10
S,14,60,890,1040
W,15,60,1,ctrl,29,300,2
D,15,60,12,12,573
W,15,60,2,ai,70,700,26
W,15,60,3,log,15,150,10
S,15,60,771,1023
W,16,60,1,ctrl,30,300,2
D,16,60,13,13,925
W,16,60,2,ai,80,700,26
W,16,60,3,log,21,150,10
S,16,60,709,1135
W,17,60,1,ctrl,32,300,2
D,17,60,12,12,1243
W,17,60,2,ai,86,700,26
W,17,60,3,log,16,150,10
S,17,60,857,1092
W,18,60,1,ctrl,31,300,2
D,18,60,12,12,1674
W,18,60,2,ai,74,700,26
W,18,60,3,log,15,150,10
S,18,60,806,1040
W,19,60,1,ctrl,31,300,2
D,19,60,12,12,2090
W,19,60,2,ai,78,700,26
W,19,60,3,log,18,150,10
S,19,60,878,1065
W,20,60,1,ctrl,30,300,2
D,20,60,11,11,2247
W,20,60,2,ai,77,700,26
W,20,60,3,log,18,150,10
S,20,60,890,1083
W,21,60,1,ctrl,31,300,2
D,21,60,13,13,3091
W,21,60,2,ai,76,700,26
W,21,60,3,log,18,150,10
S,21,60,662,1048
W,22,60,1,ctrl,30,300,2
D,22,60,12,12,2917
W,22,60,2,ai,73,700,26
W,22,60,3,log,12,150,10
S,22,60,666,1250
W,23,60,1,ctrl,29,300,2
D,23,60,13,13,3312
W,23,60,2,ai,71,700,26
W,23,60,3,log,15,150,10
S,23,60,664,1031
W,24,60,1,ctrl,30,300,2
D,24,60,11,11,3145
W,24,60,2,ai,80,700,26
W,24,60,3,log,18,150,10
S,24,60,879,1111
W,25,60,1,ctrl,29,300,2
D,25,60,11,11,3401
W,25,60,2,ai,72,700,26
W,25,60,3,log,12,150,10
S,25,60,755,1226
W,26,60,1,ctrl,26,300,1
D,26,60,11,11,3744
W,26,60,2,ai,56,100,1
W,26,60,3,log,8,50,1
S,26,60,704,2312
J,1,ctrl,1,327,266,30908,358,33957,7524031,2,368
# done
# RUN config=medium alpha=60 rep=1/3
# prev_baseline_reset ngroups=3
# schedlab win=100 total=3600 groups=3
W,1,60,1,ctrl,43,300,2
D,1,60,17,1,2
W,1,60,2,ai,61,300,9
W,1,60,3,log,37,100,6
S,1,60,688,1407
W,2,60,1,ctrl,28,300,2
D,2,60,12,2,15
W,2,60,2,ai,34,400,11
W,2,60,3,log,20,150,8
S,2,60,772,1135
W,3,60,1,ctrl,30,300,2
D,3,60,12,5,40
W,3,60,2,ai,52,400,13
W,3,60,3,log,15,150,9
S,3,60,855,1142
W,4,60,1,ctrl,30,300,2
D,4,60,14,9,122
W,4,60,2,ai,61,500,15
W,4,60,3,log,18,150,9
S,4,60,794,1145
W,5,60,1,ctrl,33,300,2
D,5,60,13,9,106
W,5,60,2,ai,64,500,18
W,5,60,3,log,13,150,9
S,5,60,830,1330
W,6,60,1,ctrl,32,300,2
D,6,60,14,11,233
W,6,60,2,ai,75,600,20
W,6,60,3,log,12,150,9
S,6,60,838,1420
W,7,60,1,ctrl,29,300,2
D,7,60,13,11,187
W,7,60,2,ai,68,600,23
W,7,60,3,log,18,150,10
S,7,60,888,1130
W,8,60,1,ctrl,35,300,2
D,8,60,15,15,469
W,8,60,2,ai,71,600,25
W,8,60,3,log,17,150,10
S,8,60,761,1028
W,9,60,1,ctrl,28,300,2
D,9,60,14,11,207
W,9,60,2,ai,61,600,25
W,9,60,3,log,14,150,10
S,9,60,857,1051
W,10,60,1,ctrl,29,300,2
D,10,60,12,9,114
W,10,60,2,ai,69,700,26
W,10,60,3,log,14,150,10
S,10,60,806,1040
W,11,60,1,ctrl,29,300,2
D,11,60,13,12,303
W,11,60,2,ai,73,700,26
W,11,60,3,log,15,150,10
S,11,60,753,1052
W,12,60,1,ctrl,29,300,2
D,12,60,12,12,409
W,12,60,2,ai,72,700,26
W,12,60,3,log,12,150,10
S,12,60,755,1226
W,13,60,1,ctrl,28,300,2
D,13,60,12,12,496
W,13,60,2,ai,68,700,26
W,13,60,3,log,17,150,10
S,13,60,862,1052
W,14,60,1,ctrl,30,300,2
D,14,60,12,12,630
W,14,60,2,ai,76,700,26
W,14,60,3,log,11,150,10
S,14,60,730,1382
W,15,60,1,ctrl,29,300,2
D,15,60,12,12,778
W,15,60,2,ai,69,700,26
W,15,60,3,log,18,150,10
S,15,60,868,1040
W,16,60,1,ctrl,29,300,2
D,16,60,13,13,1003
W,16,60,2,ai,75,700,26
W,16,60,3,log,16,150,10
S,16,60,769,1078
W,17,60,1,ctrl,29,300,2
D,17,60,12,12,949
W,17,60,2,ai,70,700,26
W,17,60,3,log,15,150,10
S,17,60,771,1023
W,18,60,1,ctrl,30,300,2
D,18,60,13,13,1071
W,18,60,2,ai,73,700,26
W,18,60,3,log,11,150,10
S,18,60,724,1354
W,19,60,1,ctrl,28,300,2
D,19,60,12,12,1023
W,19,60,2,ai,78,700,26
W,19,60,3,log,16,150,10
S,19,60,687,1135
W,20,60,1,ctrl,29,300,2
D,20,60,13,13,1237
W,20,60,2,ai,68,700,26
W,20,60,3,log,11,150,10
S,20,60,833,1287
W,21,60,1,ctrl,29,300,2
D,21,60,13,13,1238
W,21,60,2,ai,70,700,26
W,21,60,3,log,17,150,10
S,21,60,840,1040
W,22,60,1,ctrl,31,300,2
D,22,60,12,12,1503
W,22,60,2,ai,82,700,26
W,22,60,3,log,18,150,10
S,22,60,840,1101
W,23,60,1,ctrl,28,300,2
D,23,60,12,12,1406
W,23,60,2,ai,66,700,26
W,23,60,3,log,15,150,10
S,23,60,882,1015
W,24,60,1,ctrl,28,300,2
D,24,60,14,14,1709
W,24,60,2,ai,73,700,26
W,24,60,3,log,15,150,10
S,24,60,697,1078
W,25,60,1,ctrl,27,300,2
D,25,60,11,11,1182
W,25,60,2,ai,67,700,26
W,25,60,3,log,11,150,10
S,25,60,732,1250
W,26,60,1,ctrl,29,300,2
D,26,60,12,12,1532
W,26,60,2,ai,70,700,26
W,26,60,3,log,19,150,10
S,26,60,879,1061
W,27,60,1,ctrl,29,300,2
D,27,60,13,13,1707
W,27,60,2,ai,71,600,22
W,27,60,3,log,13,150,9
S,27,60,883,1234
J,1,ctrl,1,347,293,19671,152,22900,2285180,3,162
# done
# RUN config=medium alpha=60 rep=2/3
# prev_baseline_reset ngroups=3
# schedlab win=100 total=3600 groups=3
W,1,60,1,ctrl,40,300,2
D,1,60,18,1,2
W,1,60,2,ai,78,300,10
W,1,60,3,log,17,100,4
S,1,60,741,1445
W,2,60,1,ctrl,32,300,2
D,2,60,11,1,1
W,2,60,2,ai,32,300,10
W,2,60,3,log,20,100,6
S,2,60,888,1126
W,3,60,1,ctrl,34,300,2
D,3,60,12,2,14
W,3,60,2,ai,38,400,11
W,3,60,3,log,16,150,9
S,3,60,750,1090
W,4,60,1,ctrl,26,300,2
D,4,60,11,2,10
W,4,60,2,ai,53,400,13
W,4,60,3,log,10,150,9
S,4,60,886,1571
W,5,60,1,ctrl,27,300,2
D,5,60,11,6,61
W,5,60,2,ai,55,500,16
W,5,60,3,log,17,150,10
S,5,60,854,1158
W,6,60,1,ctrl,35,300,2
D,6,60,16,13,337
W,6,60,2,ai,73,500,18
W,6,60,3,log,17,150,10
S,6,60,861,1154
W,7,60,1,ctrl,35,300,2
D,7,60,15,12,282
W,7,60,2,ai,66,500,18
W,7,60,3,log,18,150,10
S,7,60,799,1071
W,8,60,1,ctrl,29,300,2
D,8,60,13,11,161
W,8,60,2,ai,66,600,20
W,8,60,3,log,13,150,10
S,8,60,876,1183
W,9,60,1,ctrl,33,300,2
D,9,60,13,11,195
W,9,60,2,ai,70,600,23
W,9,60,3,log,17,150,10
S,9,60,719,1036
W,10,60,1,ctrl,30,300,2
D,10,60,14,10,176
W,10,60,2,ai,64,600,24
W,10,60,3,log,17,150,10
S,10,60,863,1055
W,11,60,1,ctrl,26,300,2
D,11,60,12,9,151
W,11,60,2,ai,67,600,24
W,11,60,3,log,10,150,10
S,11,60,878,1463
W,12,60,1,ctrl,32,300,2
D,12,60,13,12,228
W,12,60,2,ai,68,600,25
W,12,60,3,log,14,150,10
S,12,60,793,1163
W,13,60,1,ctrl,33,300,2
D,13,60,14,13,260
W,13,60,2,ai,70,700,26
W,13,60,3,log,15,150,10
S,13,60,766,1025
W,14,60,1,ctrl,29,300,2
D,14,60,13,12,238
W,14,60,2,ai,69,700,26
W,14,60,3,log,12,150,10
S,14,60,759,1192
W,15,60,1,ctrl,30,300,2
D,15,60,12,12,246
W,15,60,2,ai,70,700,26
W,15,60,3,log,15,150,10
S,15,60,1000,1000
W,16,60,1,ctrl,29,300,2
D,16,60,13,13,276
W,16,60,2,ai,74,700,26
W,16,60,3,log,13,150,10
S,16,60,856,1160
W,17,60,1,ctrl,29,300,2
D,17,60,10,10,393
W,17,60,2,ai,70,700,26
W,17,60,3,log,15,150,10
S,17,60,771,1023
W,18,60,1,ctrl,29,300,2
D,18,60,14,14,766
W,18,60,2,ai,73,700,26
W,18,60,3,log,12,150,10
S,18,60,785,1238
W,19,60,1,ctrl,31,300,2
D,19,60,12,12,879
W,19,60,2,ai,81,700,26
W,19,60,3,log,16,150,10
S,19,60,796,1074
W,20,60,1,ctrl,30,300,2
D,20,60,13,13,1086
W,20,60,2,ai,78,700,26
W,20,60,3,log,15,150,10
S,20,60,861,1074
W,21,60,1,ctrl,30,300,2
D,21,60,11,11,1213
W,21,60,2,ai,74,700,26
W,21,60,3,log,17,150,10
S,21,60,810,1052
W,22,60,1,ctrl,30,300,2
D,22,60,13,13,1673
W,22,60,2,ai,73,700,26
W,22,60,3,log,15,150,10
S,22,60,829,1023
W,23,60,1,ctrl,29,300,2
D,23,60,13,13,1772
W,23,60,2,ai,67,700,26
W,23,60,3,log,16,150,10
S,23,60,774,1016
W,24,60,1,ctrl,30,300,2
D,24,60,11,11,1877
W,24,60,2,ai,80,700,26
W,24,60,3,log,19,150,10
S,24,60,889,1120
W,25,60,1,ctrl,30,300,2
D,25,60,12,12,2428
W,25,60,2,ai,77,700,26
W,25,60,3,log,15,150,10
S,25,60,862,1065
W,26,60,1,ctrl,29,300,2
D,26,60,13,13,2813
W,26,60,2,ai,78,700,26
W,26,60,3,log,16,150,10
S,26,60,666,1106
W,27,60,1,ctrl,7,300,1
D,27,60,1,1,255
W,27,60,2,ai,15,100,1
W,27,60,3,log,3,50,1
S,27,60,682,2378
J,1,ctrl,1,334,263,17793,255,20833,2754771,3,265
# done
# RUN config=medium alpha=60 rep=3/3
# prev_baseline_reset ngroups=3
# schedlab win=100 total=3600 groups=3
W,1,60,1,ctrl,52,300,2
D,1,60,18,1,2
W,1,60,2,ai,67,300,9
W,1,60,3,log,25,100,5
S,1,60,890,1185
W,2,60,1,ctrl,27,300,2
D,2,60,11,1,9
W,2,60,2,ai,40,400,11
W,2,60,3,log,16,150,7
S,2,60,878,1083
W,3,60,1,ctrl,35,300,2
D,3,60,12,8,117
W,3,60,2,ai,47,400,14
W,3,60,3,log,22,150,10
S,3,60,886,1047
W,4,60,1,ctrl,31,300,2
D,4,60,14,8,131
W,4,60,2,ai,59,500,16
W,4,60,3,log,13,150,10
S,4,60,854,1246
W,5,60,1,ctrl,29,300,2
D,5,60,13,6,76
W,5,60,2,ai,58,500,19
W,5,60,3,log,18,150,10
S,5,60,869,1141
W,6,60,1,ctrl,26,300,2
D,6,60,12,4,47
W,6,60,2,ai,60,600,20
W,6,60,3,log,17,150,10
S,6,60,860,1130
W,7,60,1,ctrl,36,300,2
D,7,60,13,13,347
W,7,60,2,ai,68,600,21
W,7,60,3,log,15,150,10
S,7,60,666,1126
W,8,60,1,ctrl,35,300,2
D,8,60,14,14,403
W,8,60,2,ai,72,600,21
W,8,60,3,log,21,150,10
S,8,60,869,1043
W,9,60,1,ctrl,31,300,2
D,9,60,13,13,605
W,9,60,2,ai,66,600,22
W,9,60,3,log,16,150,10
S,9,60,715,1040
W,10,60,1,ctrl,34,300,2
D,10,60,13,13,627
W,10,60,2,ai,74,600,25
W,10,60,3,log,17,150,10
S,10,60,825,1047
W,11,60,1,ctrl,35,300,2
D,11,60,13,13,915
W,11,60,2,ai,70,600,25
W,11,60,3,log,13,150,10
S,11,60,864,1290
W,12,60,1,ctrl,31,300,2
D,12,60,12,12,1220
W,12,60,2,ai,77,700,26
W,12,60,3,log,18,150,10
S,12,60,803,1056
W,13,60,1,ctrl,30,300,2
D,13,60,12,12,1387
W,13,60,2,ai,76,700,26
W,13,60,3,log,11,150,10
S,13,60,730,1382
W,14,60,1,ctrl,29,300,2
D,14,60,10,10,1383
W,14,60,2,ai,72,700,26
W,14,60,3,log,17,150,10
S,14,60,753,1061
W,15,60,1,ctrl,29,300,2
D,15,60,13,13,2008
W,15,60,2,ai,69,700,26
W,15,60,3,log,17,150,10
S,15,60,870,1031
W,16,60,1,ctrl,29,300,2
D,16,60,13,13,1918
W,16,60,2,ai,72,700,26
W,16,60,3,log,15,150,10
S,16,60,719,1040
W,17,60,1,ctrl,29,300,2
D,17,60,11,11,1966
W,17,60,2,ai,75,700,26
W,17,60,3,log,18,150,10
S,17,60,825,1097
W,18,60,1,ctrl,29,300,2
D,18,60,12,12,2406
W,18,60,2,ai,74,700,26
W,18,60,3,log,15,150,10
S,18,60,766,1061
W,19,60,1,ctrl,30,300,2
D,19,60,12,12,2570
W,19,60,2,ai,70,700,26
W,19,60,3,log,15,150,10
S,19,60,1000,1000
W,20,60,1,ctrl,31,300,2
D,20,60,13,13,3024
W,20,60,2,ai,77,700,26
W,20,60,3,log,18,150,10
S,20,60,803,1056
W,21,60,1,ctrl,30,300,2
D,21,60,12,12,2988
W,21,60,2,ai,75,700,26
W,21,60,3,log,11,150,10
S,21,60,701,1382
W,22,60,1,ctrl,29,300,2
D,22,60,11,11,2899
W,22,60,2,ai,69,700,26
W,22,60,3,log,18,150,10
S,22,60,868,1040
W,23,60,1,ctrl,30,300,2
D,23,60,14,14,3763
W,23,60,2,ai,73,700,26
W,23,60,3,log,12,150,10
S,23,60,666,1250
W,24,60,1,ctrl,30,300,2
D,24,60,12,12,3317
W,24,60,2,ai,73,700,26
W,24,60,3,log,17,150,10
S,24,60,665,1040
W,25,60,1,ctrl,31,300,2
D,25,60,12,12,3673
W,25,60,2,ai,77,700,26
W,25,60,3,log,18,150,10
S,25,60,803,1056
W,26,60,1,ctrl,28,300,1
D,26,60,12,12,4104
W,26,60,2,ai,68,500,15
W,26,60,3,log,12,150,7
S,26,60,883,1414
J,1,ctrl,1,327,275,41905,359,45011,10167229,1,369
# done
# WARMUP config=medium alpha=70
# prev_baseline_reset ngroups=3
# schedlab win=100 total=3600 groups=3
W,1,70,1,ctrl,41,300,2
D,1,70,18,3,8
W,1,70,2,ai,71,400,9
W,1,70,3,log,36,150,6
S,1,70,745,1270
W,2,70,1,ctrl,30,300,2
D,2,70,13,6,85
W,2,70,2,ai,58,600,13
W,2,70,3,log,16,150,7
S,2,70,801,1025
W,3,70,1,ctrl,30,300,2
D,3,70,13,11,175
W,3,70,2,ai,70,600,15
W,3,70,3,log,12,150,7
S,3,70,854,1327
W,4,70,1,ctrl,30,300,2
D,4,70,10,10,337
W,4,70,2,ai,71,700,18
W,4,70,3,log,17,250,10
S,4,70,819,1388
W,5,70,1,ctrl,29,300,2
D,5,70,14,14,797
W,5,70,2,ai,75,800,20
W,5,70,3,log,30,250,10
S,5,70,769,1059
W,6,70,1,ctrl,25,300,2
D,6,70,10,10,1086
W,6,70,2,ai,70,800,23
W,6,70,3,log,26,250,10
S,6,70,897,1077
W,7,70,1,ctrl,27,300,2
D,7,70,10,10,1665
W,7,70,2,ai,81,800,23
W,7,70,3,log,27,250,10
S,7,70,873,1110
W,8,70,1,ctrl,25,300,2
D,8,70,10,10,2017
W,8,70,2,ai,77,900,25
W,8,70,3,log,21,250,10
S,8,70,823,1014
W,9,70,1,ctrl,24,300,2
D,9,70,9,9,2277
W,9,70,2,ai,79,900,26
W,9,70,3,log,21,250,10
S,9,70,777,1067
W,10,70,1,ctrl,26,300,2
D,10,70,10,10,3092
W,10,70,2,ai,87,900,26
W,10,70,3,log,21,250,10
S,10,70,872,1102
W,11,70,1,ctrl,24,300,2
D,11,70,9,9,3491
W,11,70,2,ai,81,900,26
W,11,70,3,log,19,250,10
S,11,70,869,1124
W,12,70,1,ctrl,24,300,2
D,12,70,10,10,4316
W,12,70,2,ai,76,900,26
W,12,70,3,log,19,250,10
S,12,70,833,1081
W,13,70,1,ctrl,24,300,2
D,13,70,9,9,4279
W,13,70,2,ai,76,900,26
W,13,70,3,log,20,250,10
S,13,70,864,1036
W,14,70,1,ctrl,25,300,2
D,14,70,11,11,5659
W,14,70,2,ai,84,900,26
W,14,70,3,log,23,250,10
S,14,70,743,1089
W,15,70,1,ctrl,26,300,2
D,15,70,10,10,5918
W,15,70,2,ai,75,900,26
W,15,70,3,log,24,250,10
S,15,70,731,1033
W,16,70,1,ctrl,24,300,2
D,16,70,11,11,6961
W,16,70,2,ai,74,900,26
W,16,70,3,log,22,250,10
S,16,70,849,1030
W,17,70,1,ctrl,27,300,2
D,17,70,10,10,7001
W,17,70,2,ai,95,900,26
W,17,70,3,log,25,250,10
S,17,70,717,1125
W,18,70,1,ctrl,25,300,2
D,18,70,10,10,7665
W,18,70,2,ai,74,900,26
W,18,70,3,log,22,250,10
S,18,70,666,1014
W,19,70,1,ctrl,25,300,2
D,19,70,9,9,7274
W,19,70,2,ai,73,900,26
W,19,70,3,log,22,250,10
S,19,70,774,1019
W,20,70,1,ctrl,25,300,2
D,20,70,10,10,8496
W,20,70,2,ai,76,900,26
W,20,70,3,log,22,250,10
S,20,70,888,1014
W,21,70,1,ctrl,24,300,2
D,21,70,11,11,9719
W,21,70,2,ai,84,900,26
W,21,70,3,log,23,250,10
S,21,70,752,1125
W,22,70,1,ctrl,27,300,2
D,22,70,10,10,9504
W,22,70,2,ai,80,900,26
W,22,70,3,log,21,250,10
S,22,70,917,1048
W,23,70,1,ctrl,25,300,2
D,23,70,10,10,9860
W,23,70,2,ai,71,900,26
W,23,70,3,log,19,250,10
S,23,70,821,1042
W,24,70,1,ctrl,15,300,1
D,24,70,6,6,6372
W,24,70,2,ai,53,100,1
W,24,70,3,log,12,50,1
S,24,70,720,3561
J,1,ctrl,1,253,229,108054,1073,110500,78649066,4,1083
# done
# RUN config=medium alpha=70 rep=1/3
# prev_baseline_reset ngroups=3
# schedlab win=100 total=3600 groups=3
W,1,70,1,ctrl,43,300,2
D,1,70,16,0,0
W,1,70,2,ai,80,500,11
W,1,70,3,log,25,150,6
S,1,70,884,1086
W,2,70,1,ctrl,35,300,2
D,2,70,15,15,542
W,2,70,2,ai,63,600,13
W,2,70,3,log,23,200,8
S,2,70,871,1048
W,3,70,1,ctrl,29,300,2
D,3,70,11,11,488
W,3,70,2,ai,66,600,16
W,3,70,3,log,21,250,10
S,3,70,799,1198
W,4,70,1,ctrl,30,300,2
D,4,70,12,12,712
W,4,70,2,ai,61,700,18
W,4,70,3,log,28,250,10
S,4,70,819,1093
W,5,70,1,ctrl,30,300,2
D,5,70,12,12,1008
W,5,70,2,ai,69,800,21
W,5,70,3,log,26,250,10
S,5,70,891,1072
W,6,70,1,ctrl,24,300,2
D,6,70,9,9,1116
W,6,70,2,ai,70,800,23
W,6,70,3,log,20,250,10
S,6,70,886,1057
W,7,70,1,ctrl,24,300,2
D,7,70,9,9,1503
W,7,70,2,ai,72,800,23
W,7,70,3,log,25,250,10
S,7,70,748,1121
W,8,70,1,ctrl,26,300,2
D,8,70,10,10,2255
W,8,70,2,ai,90,900,26
W,8,70,3,log,26,250,10
S,8,70,899,1125
W,9,70,1,ctrl,27,300,2
D,9,70,11,11,3469
W,9,70,2,ai,98,900,26
W,9,70,3,log,23,250,10
S,9,70,873,1131
W,10,70,1,ctrl,27,300,2
D,10,70,10,10,3792
W,10,70,2,ai,87,900,26
W,10,70,3,log,26,250,10
S,10,70,714,1072
W,11,70,1,ctrl,25,300,2
D,11,70,11,11,4856
W,11,70,2,ai,76,900,26
W,11,70,3,log,22,250,10
S,11,70,888,1014
W,12,70,1,ctrl,22,300,2
D,12,70,10,10,4590
W,12,70,2,ai,71,900,26
W,12,70,3,log,20,250,10
S,12,70,857,1061
W,13,70,1,ctrl,24,300,2
D,13,70,10,10,5038
W,13,70,2,ai,75,900,26
W,13,70,3,log,22,250,10
S,13,70,739,1040
W,14,70,1,ctrl,25,300,2
D,14,70,11,11,5915
W,14,70,2,ai,75,900,26
W,14,70,3,log,22,250,10
S,14,70,820,1009
W,15,70,1,ctrl,25,300,2
D,15,70,10,10,5767
W,15,70,2,ai,74,900,26
W,15,70,3,log,23,250,10
S,15,70,748,1023
W,16,70,1,ctrl,25,300,2
D,16,70,9,9,5589
W,16,70,2,ai,73,900,26
W,16,70,3,log,21,250,10
S,16,70,925,1011
W,17,70,1,ctrl,25,300,2
D,17,70,10,10,6615
W,17,70,2,ai,75,900,26
W,17,70,3,log,22,250,10
S,17,70,820,1009
W,18,70,1,ctrl,24,300,2
D,18,70,11,11,7703
W,18,70,2,ai,78,900,26
W,18,70,3,log,22,250,10
S,18,70,883,1067
W,19,70,1,ctrl,25,300,2
D,19,70,10,10,7489
W,19,70,2,ai,75,900,26
W,19,70,3,log,25,250,10
S,19,70,796,1033
W,20,70,1,ctrl,25,300,2
D,20,70,9,9,7158
W,20,70,2,ai,81,900,26
W,20,70,3,log,21,250,10
S,20,70,879,1051
W,21,70,1,ctrl,27,300,2
D,21,70,11,11,9388
W,21,70,2,ai,75,900,26
W,21,70,3,log,23,250,10
S,21,70,913,1033
W,22,70,1,ctrl,24,300,2
D,22,70,10,10,8975
W,22,70,2,ai,74,900,26
W,22,70,3,log,24,250,10
S,22,70,880,1051
W,23,70,1,ctrl,25,300,2
D,23,70,10,10,9304
W,23,70,2,ai,71,900,26
W,23,70,3,log,23,250,10
S,23,70,774,1040
W,24,70,1,ctrl,25,300,2
D,24,70,9,9,8786
W,24,70,2,ai,69,900,26
W,24,70,3,log,20,250,10
S,24,70,794,1024
W,25,70,1,ctrl,4,300,1
D,25,70,1,1,1018
W,25,70,2,ai,9,100,1
W,25,70,3,log,6,50,1
S,25,70,885,3171
J,1,ctrl,1,257,241,113076,1018,115587,78077347,4,1028
# done
# RUN config=medium alpha=70 rep=2/3
# prev_baseline_reset ngroups=3
# schedlab win=100 total=3600 groups=3
W,1,70,1,ctrl,45,300,2
D,1,70,18,1,1
W,1,70,2,ai,74,400,9
W,1,70,3,log,26,150,6
S,1,70,714,1135
W,2,70,1,ctrl,35,300,2
D,2,70,14,12,275
W,2,70,2,ai,65,500,11
W,2,70,3,log,22,200,8
S,2,70,896,1111
W,3,70,1,ctrl,28,300,2
D,3,70,14,9,183
W,3,70,2,ai,55,600,15
W,3,70,3,log,16,200,9
S,3,70,888,1124
W,4,70,1,ctrl,31,300,2
D,4,70,12,12,435
W,4,70,2,ai,71,700,17
W,4,70,3,log,26,200,9
S,4,70,802,1052
W,5,70,1,ctrl,30,300,2
D,5,70,13,13,866
W,5,70,2,ai,75,800,20
W,5,70,3,log,22,250,10
S,5,70,759,1069
W,6,70,1,ctrl,24,300,2
D,6,70,11,11,1051
W,6,70,2,ai,67,800,22
W,6,70,3,log,23,250,10
S,6,70,854,1057
W,7,70,1,ctrl,27,300,2
D,7,70,10,10,1463
W,7,70,2,ai,85,900,24
W,7,70,3,log,24,250,10
S,7,70,917,1040
W,8,70,1,ctrl,24,300,2
D,8,70,10,10,2062
W,8,70,2,ai,88,900,24
W,8,70,3,log,30,250,10
S,8,70,683,1218
W,9,70,1,ctrl,25,300,2
D,9,70,9,9,2554
W,9,70,2,ai,92,900,25
W,9,70,3,log,21,250,10
S,9,70,878,1138
W,10,70,1,ctrl,26,300,2
D,10,70,10,10,3868
W,10,70,2,ai,75,900,26
W,10,70,3,log,23,250,10
S,10,70,786,1026
W,11,70,1,ctrl,23,300,2
D,11,70,10,10,4244
W,11,70,2,ai,77,900,26
W,11,70,3,log,22,250,10
S,11,70,896,1095
W,12,70,1,ctrl,23,300,2
D,12,70,10,10,4619
W,12,70,2,ai,72,900,26
W,12,70,3,log,28,250,10
S,12,70,867,1107
W,13,70,1,ctrl,26,300,2
D,13,70,11,11,5879
W,13,70,2,ai,85,900,26
W,13,70,3,log,21,250,10
S,13,70,883,1081
W,14,70,1,ctrl,24,300,2
D,14,70,10,10,5735
W,14,70,2,ai,78,900,26
W,14,70,3,log,23,250,10
S,14,70,842,1072
W,15,70,1,ctrl,25,300,2
D,15,70,10,10,6161
W,15,70,2,ai,75,900,26
W,15,70,3,log,22,250,10
S,15,70,820,1009
W,16,70,1,ctrl,25,300,2
D,16,70,9,9,6003
W,16,70,2,ai,74,900,26
W,16,70,3,log,21,250,10
S,16,70,931,1006
W,17,70,1,ctrl,26,300,2
D,17,70,10,10,7394
W,17,70,2,ai,80,900,26
W,17,70,3,log,22,250,10
S,17,70,771,1014
W,18,70,1,ctrl,25,300,2
D,18,70,11,11,8559
W,18,70,2,ai,73,900,26
W,18,70,3,log,26,250,10
S,18,70,754,1054
W,19,70,1,ctrl,25,300,2
D,19,70,10,10,8165
W,19,70,2,ai,73,900,26
W,19,70,3,log,22,250,10
S,19,70,774,1019
W,20,70,1,ctrl,24,300,2
D,20,70,9,9,7728
W,20,70,2,ai,82,900,26
W,20,70,3,log,23,250,10
S,20,70,847,1107
W,21,70,1,ctrl,23,300,2
D,21,70,10,10,9095
W,21,70,2,ai,71,900,26
W,21,70,3,log,21,250,10
S,21,70,829,1030
W,22,70,1,ctrl,23,300,2
D,22,70,10,10,9545
W,22,70,2,ai,79,900,26
W,22,70,3,log,20,250,10
S,22,70,857,1095
W,23,70,1,ctrl,24,300,2
D,23,70,11,11,10848
W,23,70,2,ai,76,900,26
W,23,70,3,log,25,250,10
S,23,70,864,1072
W,24,70,1,ctrl,12,300,1
D,24,70,4,4,4175
W,24,70,2,ai,30,100,1
W,24,70,3,log,12,50,1
S,24,70,820,3000
J,1,ctrl,1,256,232,110908,1056,113339,81333441,2,1066
# done
# RUN config=medium alpha=70 rep=3/3
# prev_baseline_reset ngroups=3
# schedlab win=100 total=3600 groups=3
W,1,70,1,ctrl,39,300,2
D,1,70,17,1,2
W,1,70,2,ai,76,400,9
W,1,70,3,log,34,150,7
S,1,70,887,1348
W,2,70,1,ctrl,29,300,2
D,2,70,13,8,107
W,2,70,2,ai,56,500,12
W,2,70,3,log,17,150,7
S,2,70,842,1109
W,3,70,1,ctrl,30,300,2
D,3,70,13,11,159
W,3,70,2,ai,71,600,16
W,3,70,3,log,15,250,10
S,3,70,681,1682
W,4,70,1,ctrl,32,300,2
D,4,70,12,12,472
W,4,70,2,ai,64,700,18
W,4,70,3,log,31,250,10
S,4,70,788,1113
W,5,70,1,ctrl,25,300,2
D,5,70,9,9,745
W,5,70,2,ai,66,700,18
W,5,70,3,log,21,250,10
S,5,70,893,1076
W,6,70,1,ctrl,25,300,2
D,6,70,10,10,1179
W,6,70,2,ai,75,800,20
W,6,70,3,log,19,250,10
S,6,70,850,1163
W,7,70,1,ctrl,25,300,2
D,7,70,10,10,1532
W,7,70,2,ai,78,800,23
W,7,70,3,log,19,250,10
S,7,70,876,1193
W,8,70,1,ctrl,25,300,2
D,8,70,9,9,1963
W,8,70,2,ai,71,900,25
W,8,70,3,log,23,250,10
S,8,70,774,1040
W,9,70,1,ctrl,25,300,2
D,9,70,9,9,2420
W,9,70,2,ai,74,900,26
W,9,70,3,log,20,250,10
S,9,70,818,1023
W,10,70,1,ctrl,26,300,2
D,10,70,10,10,3206
W,10,70,2,ai,72,900,26
W,10,70,3,log,21,250,10
S,10,70,832,1024
W,11,70,1,ctrl,24,300,2
D,11,70,9,9,3330
W,11,70,2,ai,72,900,26
W,11,70,3,log,21,250,10
S,11,70,751,1008
W,12,70,1,ctrl,27,300,2
D,12,70,10,10,4341
W,12,70,2,ai,81,900,26
W,12,70,3,log,22,250,10
S,12,70,859,1017
W,13,70,1,ctrl,24,300,2
D,13,70,10,10,4747
W,13,70,2,ai,73,900,26
W,13,70,3,log,24,250,10
S,13,70,842,1040
W,14,70,1,ctrl,25,300,2
D,14,70,11,11,5927
W,14,70,2,ai,83,900,26
W,14,70,3,log,25,250,10
S,14,70,799,1101
W,15,70,1,ctrl,24,300,2
D,15,70,10,10,5781
W,15,70,2,ai,75,900,26
W,15,70,3,log,20,250,10
S,15,70,853,1024
W,16,70,1,ctrl,23,300,2
D,16,70,10,10,6256
W,16,70,2,ai,76,900,26
W,16,70,3,log,23,250,10
S,16,70,739,1095
W,17,70,1,ctrl,25,300,2
D,17,70,10,10,6725
W,17,70,2,ai,74,900,26
W,17,70,3,log,21,250,10
S,17,70,931,1006
W,18,70,1,ctrl,24,300,2
D,18,70,10,10,7157
W,18,70,2,ai,74,900,26
W,18,70,3,log,21,250,10
S,18,70,793,1024
W,19,70,1,ctrl,26,300,2
D,19,70,10,10,7822
W,19,70,2,ai,91,900,26
W,19,70,3,log,25,250,10
S,19,70,779,1125
W,20,70,1,ctrl,26,300,2
D,20,70,11,11,9260
W,20,70,2,ai,83,900,26
W,20,70,3,log,24,250,10
S,20,70,877,1056
W,21,70,1,ctrl,26,300,2
D,21,70,10,10,9133
W,21,70,2,ai,77,900,26
W,21,70,3,log,18,250,10
S,21,70,857,1162
W,22,70,1,ctrl,25,300,2
D,22,70,10,10,9577
W,22,70,2,ai,78,900,26
W,22,70,3,log,19,250,10
S,22,70,735,1109
W,23,70,1,ctrl,24,300,2
D,23,70,10,10,9981
W,23,70,2,ai,77,900,26
W,23,70,3,log,19,250,10
S,23,70,832,1088
W,24,70,1,ctrl,24,300,2
D,24,70,10,10,10282
W,24,70,2,ai,68,900,26
W,24,70,3,log,18,200,9
S,24,70,774,1038
J,1,ctrl,1,253,230,112104,1037,114537,82265509,4,1047
# done
# WARMUP config=medium alpha=80
# prev_baseline_reset ngroups=3
# schedlab win=100 total=3600 groups=3
W,1,80,1,ctrl,46,300,2
D,1,80,18,2,3
W,1,80,2,ai,86,600,10
W,1,80,3,log,10,50,2
S,1,80,847,1042
W,2,80,1,ctrl,29,300,2
D,2,80,11,6,48
W,2,80,2,ai,67,800,14
W,2,80,3,log,2,50,2
S,2,80,860,2150
W,3,80,1,ctrl,30,300,2
D,3,80,12,12,336
W,3,80,2,ai,84,900,16
W,3,80,3,log,1,100,3
S,3,80,884,9500
W,4,80,1,ctrl,25,300,2
D,4,80,7,7,399
W,4,80,2,ai,91,1000,19
W,4,80,3,log,9,150,4
S,4,80,764,1430
W,5,80,1,ctrl,25,300,2
D,5,80,9,9,1295
W,5,80,2,ai,88,1100,21
W,5,80,3,log,12,150,4
S,5,80,648,1007
W,6,80,1,ctrl,21,300,2
D,6,80,6,6,1472
W,6,80,2,ai,92,1200,24
W,6,80,3,log,6,150,4
S,6,80,737,1800
W,7,80,1,ctrl,19,300,2
D,7,80,8,8,2514
W,7,80,2,ai,90,1300,26
W,7,80,3,log,11,200,7
S,7,80,837,1219
W,8,80,1,ctrl,21,300,2
D,8,80,8,8,3298
W,8,80,2,ai,101,1300,26
W,8,80,3,log,14,200,7
S,8,80,896,1088
W,9,80,1,ctrl,20,300,2
D,9,80,8,8,4134
W,9,80,2,ai,106,1300,26
W,9,80,3,log,20,250,9
S,9,80,691,1191
W,10,80,1,ctrl,19,300,2
D,10,80,8,8,4743
W,10,80,2,ai,91,1300,26
W,10,80,3,log,15,250,9
S,10,80,866,1125
W,11,80,1,ctrl,19,300,2
D,11,80,8,8,5388
W,11,80,2,ai,89,1300,26
W,11,80,3,log,21,300,10
S,11,80,888,1068
W,12,80,1,ctrl,20,300,2
D,12,80,7,7,5252
W,12,80,2,ai,89,1300,26
W,12,80,3,log,21,300,10
S,12,80,666,1026
W,13,80,1,ctrl,21,300,2
D,13,80,8,8,6919
W,13,80,2,ai,97,1300,26
W,13,80,3,log,23,300,10
S,13,80,857,1060
W,14,80,1,ctrl,19,300,2
D,14,80,8,8,7585
W,14,80,2,ai,108,1300,26
W,14,80,3,log,19,300,10
S,14,80,883,1207
W,15,80,1,ctrl,19,300,2
D,15,80,8,8,8466
W,15,80,2,ai,90,1300,26
W,15,80,3,log,23,300,10
S,15,80,780,1097
W,16,80,1,ctrl,20,300,2
D,16,80,6,6,6906
W,16,80,2,ai,99,1300,26
W,16,80,3,log,19,300,10
S,16,80,875,1145
W,17,80,1,ctrl,22,300,2
D,17,80,7,7,8932
W,17,80,2,ai,84,1300,26
W,17,80,3,log,22,300,10
S,17,80,888,1042
W,18,80,1,ctrl,19,300,2
D,18,80,7,7,9553
W,18,80,2,ai,91,1300,26
W,18,80,3,log,23,300,10
S,18,80,666,1105
W,19,80,1,ctrl,20,300,2
D,19,80,6,6,8715
W,19,80,2,ai,86,1300,26
W,19,80,3,log,21,300,10
S,19,80,663,1010
W,20,80,1,ctrl,19,300,2
D,20,80,8,8,12298
W,20,80,2,ai,88,1300,26
W,20,80,3,log,22,300,10
S,20,80,763,1068
W,21,80,1,ctrl,21,300,2
D,21,80,6,6,9964
W,21,80,2,ai,100,1300,26
W,21,80,3,log,26,300,10
S,21,80,799,1105
W,22,80,1,ctrl,19,300,2
D,22,80,8,8,14042
W,22,80,2,ai,92,1000,20
W,22,80,3,log,18,250,9
S,22,80,853,1312
J,1,ctrl,1,182,161,122262,1767,123982,144995902,3,1777
# done
# RUN config=medium alpha=80 rep=1/3
# prev_baseline_reset ngroups=3
# schedlab win=100 total=3600 groups=3
W,1,80,1,ctrl,43,300,2
D,1,80,17,3,14
W,1,80,2,ai,74,500,9
W,1,80,3,log,29,150,5
S,1,80,888,1071
W,2,80,1,ctrl,33,300,2
D,2,80,13,12,180
W,2,80,2,ai,73,700,13
W,2,80,3,log,15,150,5
S,2,80,880,1056
W,3,80,1,ctrl,31,300,2
D,3,80,11,11,719
W,3,80,2,ai,83,800,15
W,3,80,3,log,21,200,6
S,3,80,888,1004
W,4,80,1,ctrl,24,300,2
D,4,80,9,9,910
W,4,80,2,ai,77,900,16
W,4,80,3,log,16,250,9
S,4,80,684,1264
W,5,80,1,ctrl,23,300,2
D,5,80,10,10,1575
W,5,80,2,ai,77,1000,19
W,5,80,3,log,23,250,9
S,5,80,837,1037
W,6,80,1,ctrl,24,300,2
D,6,80,9,9,1921
W,6,80,2,ai,83,1000,20
W,6,80,3,log,26,300,10
S,6,80,748,1038
W,7,80,1,ctrl,26,300,2
D,7,80,11,11,3279
W,7,80,2,ai,95,1200,23
W,7,80,3,log,31,300,10
S,7,80,746,1065
W,8,80,1,ctrl,21,300,2
D,8,80,7,7,2769
W,8,80,2,ai,100,1300,25
W,8,80,3,log,24,300,10
S,8,80,873,1090
W,9,80,1,ctrl,19,300,2
D,9,80,7,7,3354
W,9,80,2,ai,84,1300,26
W,9,80,3,log,23,300,10
S,9,80,835,1046
W,10,80,1,ctrl,21,300,2
D,10,80,7,7,4451
W,10,80,2,ai,108,1300,26
W,10,80,3,log,21,300,10
S,10,80,871,1121
W,11,80,1,ctrl,21,300,2
D,11,80,6,6,4588
W,11,80,2,ai,98,1300,26
W,11,80,3,log,27,300,10
S,11,80,888,1097
W,12,80,1,ctrl,20,300,2
D,12,80,6,6,5215
W,12,80,2,ai,104,1300,26
W,12,80,3,log,20,300,10
S,12,80,888,1137
W,13,80,1,ctrl,21,300,2
D,13,80,8,8,7864
W,13,80,2,ai,85,1300,26
W,13,80,3,log,23,300,10
S,13,80,789,1039
W,14,80,1,ctrl,20,300,2
D,14,80,8,8,8744
W,14,80,2,ai,102,1300,26
W,14,80,3,log,20,300,10
S,14,80,888,1121
W,15,80,1,ctrl,17,300,2
D,15,80,7,7,7982
W,15,80,2,ai,79,1300,26
W,15,80,3,log,21,300,10
S,15,80,869,1082
W,16,80,1,ctrl,20,300,2
D,16,80,7,7,8849
W,16,80,2,ai,101,1300,26
W,16,80,3,log,24,300,10
S,16,80,877,1145
W,17,80,1,ctrl,20,300,2
D,17,80,7,7,9400
W,17,80,2,ai,85,1300,26
W,17,80,3,log,20,300,10
S,17,80,980,1005
W,18,80,1,ctrl,20,300,2
D,18,80,8,8,11415
W,18,80,2,ai,85,1300,26
W,18,80,3,log,18,300,10
S,18,80,904,1075
W,19,80,1,ctrl,19,300,2
D,19,80,8,8,12041
W,19,80,2,ai,87,1300,26
W,19,80,3,log,24,300,10
S,19,80,871,1075
W,20,80,1,ctrl,20,300,2
D,20,80,7,7,11123
W,20,80,2,ai,87,1300,26
W,20,80,3,log,20,300,10
S,20,80,333,1000
W,21,80,1,ctrl,20,300,2
D,21,80,8,8,13415
W,21,80,2,ai,93,1300,26
W,21,80,3,log,20,300,10
S,21,80,867,1046
W,22,80,1,ctrl,10,300,1
D,22,80,3,3,5260
W,22,80,2,ai,41,100,1
W,22,80,3,log,7,50,1
S,22,80,678,3872
J,1,ctrl,1,184,169,125068,1759,126851,151882787,2,1769
# done
# RUN config=medium alpha=80 rep=2/3
# prev_baseline_reset ngroups=3
# schedlab win=100 total=3600 groups=3
W,1,80,1,ctrl,46,300,2
D,1,80,18,7,52
W,1,80,2,ai,78,400,7
W,1,80,3,log,39,200,6
S,1,80,857,1180
W,2,80,1,ctrl,36,300,2
D,2,80,15,14,409
W,2,80,2,ai,56,500,9
W,2,80,3,log,30,250,9
S,2,80,879,1037
W,3,80,1,ctrl,30,300,2
D,3,80,12,12,322
W,3,80,2,ai,62,700,13
W,3,80,3,log,26,250,9
S,3,80,871,1066
W,4,80,1,ctrl,24,300,2
D,4,80,11,11,516
W,4,80,2,ai,63,800,15
W,4,80,3,log,23,250,9
S,4,80,774,1034
W,5,80,1,ctrl,24,300,2
D,5,80,10,10,828
W,5,80,2,ai,82,1000,18
W,5,80,3,log,20,300,10
S,5,80,734,1183
W,6,80,1,ctrl,20,300,2
D,6,80,7,7,1028
W,6,80,2,ai,75,1000,20
W,6,80,3,log,23,300,10
S,6,80,863,1106
W,7,80,1,ctrl,21,300,2
D,7,80,6,6,1520
W,7,80,2,ai,91,1200,23
W,7,80,3,log,26,300,10
S,7,80,845,1092
W,8,80,1,ctrl,19,300,2
D,8,80,7,7,2282
W,8,80,2,ai,83,1300,25
W,8,80,3,log,19,300,10
S,8,80,333,1000
W,9,80,1,ctrl,20,300,2
D,9,80,7,7,2969
W,9,80,2,ai,88,1300,26
W,9,80,3,log,22,300,10
S,9,80,857,1026
W,10,80,1,ctrl,21,300,2
D,10,80,9,9,4511
W,10,80,2,ai,84,1300,26
W,10,80,3,log,21,300,10
S,10,80,888,1027
W,11,80,1,ctrl,18,300,2
D,11,80,8,8,4602
W,11,80,2,ai,98,1300,26
W,11,80,3,log,19,300,10
S,11,80,880,1180
W,12,80,1,ctrl,19,300,2
D,12,80,8,8,5186
W,12,80,2,ai,80,1300,26
W,12,80,3,log,20,300,10
S,12,80,774,1017
W,13,80,1,ctrl,20,300,2
D,13,80,8,8,5810
W,13,80,2,ai,90,1300,26
W,13,80,3,log,21,300,10
S,13,80,937,1032
W,14,80,1,ctrl,20,300,2
D,14,80,8,8,6440
W,14,80,2,ai,90,1300,26
W,14,80,3,log,18,300,10
S,14,80,700,1121
W,15,80,1,ctrl,19,300,2
D,15,80,8,8,7053
W,15,80,2,ai,89,1300,26
W,15,80,3,log,19,300,10
S,15,80,888,1053
W,16,80,1,ctrl,19,300,2
D,16,80,7,7,6699
W,16,80,2,ai,96,1300,26
W,16,80,3,log,22,300,10
S,16,80,768,1137
W,17,80,1,ctrl,20,300,2
D,17,80,6,6,6488
W,17,80,2,ai,88,1300,26
W,17,80,3,log,23,300,10
S,17,80,833,1032
W,18,80,1,ctrl,20,300,2
D,18,80,8,8,9607
W,18,80,2,ai,100,1300,26
W,18,80,3,log,24,300,10
S,18,80,888,1137
W,19,80,1,ctrl,20,300,2
D,19,80,8,8,10268
W,19,80,2,ai,89,1300,26
W,19,80,3,log,23,300,10
S,19,80,854,1039
W,20,80,1,ctrl,21,300,2
D,20,80,6,6,8553
W,20,80,2,ai,127,1300,26
W,20,80,3,log,23,300,10
S,20,80,876,1286
W,21,80,1,ctrl,22,300,2
D,21,80,8,8,12447
W,21,80,2,ai,98,1300,26
W,21,80,3,log,22,300,10
S,21,80,888,1019
W,22,80,1,ctrl,17,300,1
D,22,80,6,6,10018
W,22,80,2,ai,67,100,1
W,22,80,3,log,18,50,1
S,22,80,751,4012
J,1,ctrl,1,191,179,107608,1680,109473,115164619,4,1690
# done
# RUN config=medium alpha=80 rep=3/3
# prev_baseline_reset ngroups=3
# schedlab win=100 total=3600 groups=3
W,1,80,1,ctrl,39,300,2
D,1,80,16,3,14
W,1,80,2,ai,75,500,8
W,1,80,3,log,34,150,5
S,1,80,833,1197
W,2,80,1,ctrl,34,300,2
D,2,80,15,13,375
W,2,80,2,ai,64,600,11
W,2,80,3,log,24,250,8
S,2,80,759,1107
W,3,80,1,ctrl,27,300,2
D,3,80,13,8,89
W,3,80,2,ai,53,600,11
W,3,80,3,log,27,250,8
S,3,80,807,1052
W,4,80,1,ctrl,25,300,2
D,4,80,10,10,351
W,4,80,2,ai,72,800,14
W,4,80,3,log,24,300,10
S,4,80,857,1080
W,5,80,1,ctrl,26,300,2
D,5,80,10,10,943
W,5,80,2,ai,75,900,16
W,5,80,3,log,29,300,10
S,5,80,666,1041
W,6,80,1,ctrl,25,300,2
D,6,80,10,10,1674
W,6,80,2,ai,87,1000,19
W,6,80,3,log,27,300,10
S,6,80,663,1044
W,7,80,1,ctrl,20,300,2
D,7,80,8,8,2017
W,7,80,2,ai,84,1100,21
W,7,80,3,log,25,300,10
S,7,80,788,1135
W,8,80,1,ctrl,21,300,2
D,8,80,7,7,2245
W,8,80,2,ai,81,1200,24
W,8,80,3,log,23,300,10
S,8,80,738,1027
W,9,80,1,ctrl,20,300,2
D,9,80,7,7,3009
W,9,80,2,ai,88,1300,26
W,9,80,3,log,23,300,10
S,9,80,833,1032
W,10,80,1,ctrl,20,300,2
D,10,80,8,8,4363
W,10,80,2,ai,110,1300,26
W,10,80,3,log,22,300,10
S,10,80,857,1198
W,11,80,1,ctrl,22,300,2
D,11,80,8,8,5270
W,11,80,2,ai,103,1300,26
W,11,80,3,log,23,300,10
S,11,80,783,1060
W,12,80,1,ctrl,21,300,2
D,12,80,7,7,5459
W,12,80,2,ai,102,1300,26
W,12,80,3,log,23,300,10
S,12,80,666,1097
W,13,80,1,ctrl,20,300,2
D,13,80,7,7,6012
W,13,80,2,ai,76,1300,26
W,13,80,3,log,20,300,10
S,13,80,898,1044
W,14,80,1,ctrl,20,300,2
D,14,80,8,8,7717
W,14,80,2,ai,99,1300,26
W,14,80,3,log,23,300,10
S,14,80,812,1121
W,15,80,1,ctrl,21,300,2
D,15,80,9,9,9617
W,15,80,2,ai,98,1300,26
W,15,80,3,log,22,300,10
S,15,80,724,1060
W,16,80,1,ctrl,20,300,2
D,16,80,6,6,6904
W,16,80,2,ai,91,1300,26
W,16,80,3,log,20,300,10
S,16,80,888,1032
W,17,80,1,ctrl,21,300,2
D,17,80,8,8,10178
W,17,80,2,ai,108,1300,26
W,17,80,3,log,21,300,10
S,17,80,871,1121
W,18,80,1,ctrl,22,300,2
D,18,80,8,8,11134
W,18,80,2,ai,93,1300,26
W,18,80,3,log,24,300,10
S,18,80,710,1022
W,19,80,1,ctrl,21,300,2
D,19,80,8,8,11981
W,19,80,2,ai,105,1300,26
W,19,80,3,log,20,300,10
S,19,80,877,1154
W,20,80,1,ctrl,20,300,2
D,20,80,8,8,12899
W,20,80,2,ai,96,1300,26
W,20,80,3,log,24,300,10
S,20,80,710,1105
W,21,80,1,ctrl,14,300,1
D,21,80,4,4,6931
W,21,80,2,ai,65,100,1
W,21,80,3,log,14,50,1
S,21,80,716,4440
J,1,ctrl,1,185,165,109182,1741,110963,125259901,1,1751
# done
# WARMUP config=medium alpha=90
# prev_baseline_reset ngroups=3
# schedlab win=100 total=3600 groups=3
W,1,90,1,ctrl,40,300,2
D,1,90,17,3,15
W,1,90,2,ai,92,700,10
W,1,90,3,log,17,150,4
S,1,90,905,1140
W,2,90,1,ctrl,24,300,2
D,2,90,9,9,316
W,2,90,2,ai,72,900,12
W,2,90,3,log,20,250,7
S,2,90,1000,1000
W,3,90,1,ctrl,24,300,2
D,3,90,10,10,906
W,3,90,2,ai,84,1200,16
W,3,90,3,log,18,350,9
S,3,90,869,1330
W,4,90,1,ctrl,19,300,2
D,4,90,7,7,1182
W,4,90,2,ai,88,1400,19
W,4,90,3,log,24,350,9
S,4,90,715,1016
W,5,90,1,ctrl,14,300,2
D,5,90,6,6,1584
W,5,90,2,ai,83,1500,21
W,5,90,3,log,25,350,10
S,5,90,878,1219
W,6,90,1,ctrl,15,300,2
D,6,90,4,4,1428
W,6,90,2,ai,103,1600,23
W,6,90,3,log,21,350,10
S,6,90,753,1242
W,7,90,1,ctrl,15,300,2
D,7,90,5,5,2541
W,7,90,2,ai,94,1800,25
W,7,90,3,log,21,350,10
S,7,90,859,1060
W,8,90,1,ctrl,15,300,2
D,8,90,5,5,3165
W,8,90,2,ai,114,1800,26
W,8,90,3,log,21,350,10
S,8,90,715,1220
W,9,90,1,ctrl,17,300,2
D,9,90,4,4,3211
W,9,90,2,ai,102,1800,26
W,9,90,3,log,19,350,10
S,9,90,790,1036
W,10,90,1,ctrl,14,300,2
D,10,90,4,4,3656
W,10,90,2,ai,100,1800,26
W,10,90,3,log,24,350,10
S,10,90,853,1207
W,11,90,1,ctrl,15,300,2
D,11,90,5,5,5152
W,11,90,2,ai,99,1800,26
W,11,90,3,log,16,350,10
S,11,90,822,1154
W,12,90,1,ctrl,15,300,2
D,12,90,5,5,5710
W,12,90,2,ai,110,1800,26
W,12,90,3,log,20,350,10
S,12,90,798,1184
W,13,90,1,ctrl,16,300,2
D,13,90,6,6,7795
W,13,90,2,ai,97,1800,26
W,13,90,3,log,20,350,10
S,13,90,806,1016
W,14,90,1,ctrl,14,300,2
D,14,90,4,4,5656
W,14,90,2,ai,116,1800,26
W,14,90,3,log,21,350,10
S,14,90,724,1326
W,15,90,1,ctrl,17,300,2
D,15,90,5,5,7875
W,15,90,2,ai,92,1800,26
W,15,90,3,log,23,350,10
S,15,90,768,1054
W,16,90,1,ctrl,17,300,2
D,16,90,5,5,8651
W,16,90,2,ai,119,1800,26
W,16,90,3,log,23,350,10
S,16,90,748,1150
W,17,90,1,ctrl,15,300,2
D,17,90,4,4,7757
W,17,90,2,ai,110,1800,26
W,17,90,3,log,22,350,10
S,17,90,868,1196
W,18,90,1,ctrl,15,300,2
D,18,90,5,5,10311
W,18,90,2,ai,116,1800,26
W,18,90,3,log,20,350,10
S,18,90,838,1232
W,19,90,1,ctrl,15,300,2
D,19,90,5,5,11100
W,19,90,2,ai,111,1800,26
W,19,90,3,log,22,350,10
S,19,90,840,1207
W,20,90,1,ctrl,16,300,1
D,20,90,5,5,11865
W,20,90,2,ai,86,100,2
W,20,90,3,log,14,50,2
S,20,90,678,4861
J,1,ctrl,1,120,106,99876,2389,101035,158882007,5,2399
# done
# RUN config=medium alpha=90 rep=1/3
# prev_baseline_reset ngroups=3
# schedlab win=100 total=3600 groups=3
W,1,90,1,ctrl,52,300,2
D,1,90,18,5,21
W,1,90,2,ai,99,700,10
W,1,90,3,log,22,250,6
S,1,90,772,1574
W,2,90,1,ctrl,26,300,2
D,2,90,9,9,656
W,2,90,2,ai,81,1000,13
W,2,90,3,log,24,250,7
S,2,90,785,1043
W,3,90,1,ctrl,25,300,2
D,3,90,10,10,1547
W,3,90,2,ai,82,1200,16
W,3,90,3,log,25,250,7
S,3,90,836,1103
W,4,90,1,ctrl,20,300,2
D,4,90,8,8,1871
W,4,90,2,ai,87,1300,18
W,4,90,3,log,20,350,9
S,4,90,783,1140
W,5,90,1,ctrl,20,300,2
D,5,90,8,8,2596
W,5,90,2,ai,100,1500,21
W,5,90,3,log,22,350,10
S,5,90,748,1051
W,6,90,1,ctrl,15,300,2
D,6,90,5,5,2096
W,6,90,2,ai,99,1600,23
W,6,90,3,log,23,350,10
S,6,90,875,1220
W,7,90,1,ctrl,16,300,2
D,7,90,4,4,2102
W,7,90,2,ai,80,1800,26
W,7,90,3,log,19,350,10
S,7,90,889,1056
W,8,90,1,ctrl,16,300,2
D,8,90,6,6,4052
W,8,90,2,ai,112,1800,26
W,8,90,3,log,20,350,10
S,8,90,845,1129
W,9,90,1,ctrl,17,300,2
D,9,90,3,3,2524
W,9,90,2,ai,129,1800,26
W,9,90,3,log,25,350,10
S,9,90,779,1232
W,10,90,1,ctrl,17,300,2
D,10,90,7,7,7052
W,10,90,2,ai,101,1800,26
W,10,90,3,log,20,350,10
S,10,90,857,1004
W,11,90,1,ctrl,16,300,2
D,11,90,4,4,4612
W,11,90,2,ai,112,1800,26
W,11,90,3,log,23,350,10
S,11,90,879,1161
W,12,90,1,ctrl,17,300,2
D,12,90,5,5,6558
W,12,90,2,ai,116,1800,26
W,12,90,3,log,24,350,10
S,12,90,837,1129
W,13,90,1,ctrl,15,300,2
D,13,90,5,5,7356
W,13,90,2,ai,114,1800,26
W,13,90,3,log,20,350,10
S,13,90,821,1220
W,14,90,1,ctrl,14,300,2
D,14,90,5,5,7932
W,14,90,2,ai,96,1800,26
W,14,90,3,log,17,350,10
S,14,90,882,1109
W,15,90,1,ctrl,15,300,2
D,15,90,6,6,10469
W,15,90,2,ai,117,1800,26
W,15,90,3,log,21,350,10
S,15,90,773,1244
W,16,90,1,ctrl,15,300,2
D,16,90,4,4,7402
W,16,90,2,ai,114,1800,26
W,16,90,3,log,20,350,10
S,16,90,821,1220
W,17,90,1,ctrl,15,300,2
D,17,90,5,5,10079
W,17,90,2,ai,96,1800,26
W,17,90,3,log,24,350,10
S,17,90,846,1099
W,18,90,1,ctrl,16,300,2
D,18,90,6,6,12836
W,18,90,2,ai,110,1800,26
W,18,90,3,log,20,350,10
S,18,90,850,1119
W,19,90,1,ctrl,13,300,2
D,19,90,5,5,11395
W,19,90,2,ai,98,1800,26
W,19,90,3,log,17,350,10
S,19,90,853,1207
W,20,90,1,ctrl,7,300,1
D,20,90,1,1,2366
W,20,90,2,ai,25,100,1
W,20,90,3,log,3,50,1
S,20,90,701,3330
J,1,ctrl,1,124,111,105522,2366,106712,166297998,1,2376
# done
# RUN config=medium alpha=90 rep=2/3
# prev_baseline_reset ngroups=3
# schedlab win=100 total=3600 groups=3
W,1,90,1,ctrl,48,300,2
D,1,90,18,9,84
W,1,90,2,ai,96,700,10
W,1,90,3,log,17,150,4
S,1,90,847,1238
W,2,90,1,ctrl,21,300,2
D,2,90,11,7,52
W,2,90,2,ai,59,1000,13
W,2,90,3,log,18,250,7
S,2,90,888,1071
W,3,90,1,ctrl,25,300,2
D,3,90,10,10,604
W,3,90,2,ai,91,1100,15
W,3,90,3,log,19,350,9
S,3,90,811,1428
W,4,90,1,ctrl,20,300,2
D,4,90,8,8,1045
W,4,90,2,ai,86,1300,18
W,4,90,3,log,19,350,9
S,4,90,828,1177
W,5,90,1,ctrl,19,300,2
D,5,90,7,7,1540
W,5,90,2,ai,98,1400,20
W,5,90,3,log,25,350,10
S,5,90,903,1097
W,6,90,1,ctrl,17,300,2
D,6,90,5,5,1720
W,6,90,2,ai,83,1600,22
W,6,90,3,log,22,350,10
S,6,90,789,1045
W,7,90,1,ctrl,14,300,2
D,7,90,5,5,2182
W,7,90,2,ai,86,1800,25
W,7,90,3,log,18,350,10
S,7,90,877,1033
W,8,90,1,ctrl,14,300,2
D,8,90,5,5,2769
W,8,90,2,ai,97,1800,26
W,8,90,3,log,21,350,10
S,8,90,666,1150
W,9,90,1,ctrl,16,300,2
D,9,90,3,3,2039
W,9,90,2,ai,91,1800,26
W,9,90,3,log,20,350,10
S,9,90,774,1025
W,10,90,1,ctrl,13,300,2
D,10,90,6,6,4708
W,10,90,2,ai,95,1800,26
W,10,90,3,log,19,350,10
S,10,90,868,1196
W,11,90,1,ctrl,15,300,2
D,11,90,5,5,4520
W,11,90,2,ai,121,1800,26
W,11,90,3,log,16,350,10
S,11,90,871,1352
W,12,90,1,ctrl,16,300,2
D,12,90,4,4,4262
W,12,90,2,ai,108,1800,26
W,12,90,3,log,22,350,10
S,12,90,873,1119
W,13,90,1,ctrl,17,300,2
D,13,90,5,5,6091
W,13,90,2,ai,97,1800,26
W,13,90,3,log,27,350,10
S,13,90,693,1068
W,14,90,1,ctrl,17,300,2
D,14,90,5,5,7115
W,14,90,2,ai,151,1800,26
W,14,90,3,log,24,350,10
S,14,90,852,1386
W,15,90,1,ctrl,16,300,2
D,15,90,5,5,7931
W,15,90,2,ai,116,1800,26
W,15,90,3,log,24,350,10
S,15,90,885,1196
W,16,90,1,ctrl,15,300,2
D,16,90,5,5,8706
W,16,90,2,ai,112,1800,26
W,16,90,3,log,25,350,10
S,16,90,721,1244
W,17,90,1,ctrl,16,300,2
D,17,90,5,5,9533
W,17,90,2,ai,98,1800,26
W,17,90,3,log,18,350,10
S,17,90,742,1044
W,18,90,1,ctrl,14,300,2
D,18,90,4,4,8139
W,18,90,2,ai,122,1800,26
W,18,90,3,log,21,350,10
S,18,90,797,1370
W,19,90,1,ctrl,15,300,2
D,19,90,6,6,12900
W,19,90,2,ai,83,1800,26
W,19,90,3,log,18,350,10
S,19,90,875,1026
W,20,90,1,ctrl,15,300,2
D,20,90,4,4,9060
W,20,90,2,ai,104,1600,22
W,20,90,3,log,20,350,9
S,20,90,856,1242
J,1,ctrl,1,126,113,95000,2279,96211,147494561,2,2289
# done
# RUN config=medium alpha=90 rep=3/3
# prev_baseline_reset ngroups=3
# schedlab win=100 total=3600 groups=3
W,1,90,1,ctrl,48,300,2
D,1,90,18,5,34
W,1,90,2,ai,60,500,7
W,1,90,3,log,28,250,6
S,1,90,892,1160
W,2,90,1,ctrl,30,300,2
D,2,90,13,13,570
W,2,90,2,ai,73,900,12
W,2,90,3,log,32,350,9
S,2,90,846,1074
W,3,90,1,ctrl,20,300,2
D,3,90,7,7,608
W,3,90,2,ai,80,1100,15
W,3,90,3,log,22,350,9
S,3,90,845,1111
W,4,90,1,ctrl,21,300,2
D,4,90,8,8,1493
W,4,90,2,ai,82,1300,18
W,4,90,3,log,25,350,10
S,4,90,889,1040
W,5,90,1,ctrl,19,300,2
D,5,90,7,7,1880
W,5,90,2,ai,89,1400,20
W,5,90,3,log,26,350,10
S,5,90,796,1035
W,6,90,1,ctrl,15,300,2
D,6,90,6,6,2189
W,6,90,2,ai,85,1600,23
W,6,90,3,log,23,350,10
S,6,90,879,1099
W,7,90,1,ctrl,14,300,2
D,7,90,5,5,2281
W,7,90,2,ai,90,1800,25
W,7,90,3,log,22,350,10
S,7,90,856,1099
W,8,90,1,ctrl,14,300,2
D,8,90,5,5,2830
W,8,90,2,ai,95,1800,26
W,8,90,3,log,15,350,10
S,8,90,849,1183
W,9,90,1,ctrl,15,300,2
D,9,90,5,5,3577
W,9,90,2,ai,129,1800,26
W,9,90,3,log,22,350,10
S,9,90,810,1355
W,10,90,1,ctrl,16,300,2
D,10,90,5,5,4607
W,10,90,2,ai,118,1800,26
W,10,90,3,log,19,350,10
S,10,90,880,1173
W,11,90,1,ctrl,15,300,2
D,11,90,6,6,6219
W,11,90,2,ai,94,1800,26
W,11,90,3,log,20,350,10
S,11,90,864,1051
W,12,90,1,ctrl,15,300,2
D,12,90,5,5,5695
W,12,90,2,ai,95,1800,26
W,12,90,3,log,15,350,10
S,12,90,715,1183
W,13,90,1,ctrl,13,300,2
D,13,90,4,4,5002
W,13,90,2,ai,99,1800,26
W,13,90,3,log,22,350,10
S,13,90,770,1257
W,14,90,1,ctrl,14,300,2
D,14,90,5,5,6855
W,14,90,2,ai,99,1800,26
W,14,90,3,log,19,350,10
S,14,90,707,1150
W,15,90,1,ctrl,16,300,2
D,15,90,6,6,9122
W,15,90,2,ai,114,1800,26
W,15,90,3,log,23,350,10
S,15,90,896,1173
W,16,90,1,ctrl,15,300,2
D,16,90,4,4,6540
W,16,90,2,ai,97,1800,26
W,16,90,3,log,15,350,10
S,16,90,755,1203
W,17,90,1,ctrl,13,300,2
D,17,90,6,6,10454
W,17,90,2,ai,115,1800,26
W,17,90,3,log,24,350,10
S,17,90,878,1435
W,18,90,1,ctrl,15,300,2
D,18,90,5,5,9495
W,18,90,2,ai,107,1800,26
W,18,90,3,log,21,350,10
S,18,90,805,1173
W,19,90,1,ctrl,16,300,2
D,19,90,4,4,8200
W,19,90,2,ai,109,1800,26
W,19,90,3,log,23,350,10
S,19,90,759,1129
W,20,90,1,ctrl,14,300,2
D,20,90,6,6,12895
W,20,90,2,ai,84,1800,26
W,20,90,3,log,16,350,10
S,20,90,666,1014
W,21,90,1,ctrl,11,300,1
D,21,90,3,3,6792
W,21,90,2,ai,45,100,1
W,21,90,3,log,8,50,1
S,21,90,685,3894
J,1,ctrl,1,133,120,107338,2270,108628,162581094,2,2280
# done
# WARMUP config=medium alpha=100
# prev_baseline_reset ngroups=3
# schedlab win=100 total=3600 groups=3
W,1,100,1,ctrl,40,600,2
D,1,100,16,2,12
W,1,100,2,ai,71,700,7
W,1,100,3,log,42,300,6
S,1,100,813,1436
W,2,100,1,ctrl,25,600,2
D,2,100,11,11,472
W,2,100,2,ai,82,1200,12
W,2,100,3,log,24,450,9
S,2,100,785,1400
W,3,100,1,ctrl,20,600,2
D,3,100,7,7,760
W,3,100,2,ai,74,1500,15
W,3,100,3,log,25,500,10
S,3,100,841,1369
W,4,100,1,ctrl,20,600,2
D,4,100,6,6,1262
W,4,100,2,ai,93,1700,17
W,4,100,3,log,27,500,10
S,4,100,789,1507
W,5,100,1,ctrl,15,600,2
D,5,100,6,6,1881
W,5,100,2,ai,84,2000,20
W,5,100,3,log,23,500,10
S,5,100,869,1581
W,6,100,1,ctrl,16,600,2
D,6,100,4,4,1791
W,6,100,2,ai,103,2200,22
W,6,100,3,log,30,500,10
S,6,100,860,1691
W,7,100,1,ctrl,16,600,2
D,7,100,5,5,2925
W,7,100,2,ai,98,2500,25
W,7,100,3,log,19,500,10
S,7,100,724,1383
W,8,100,1,ctrl,14,600,2
D,8,100,5,5,3525
W,8,100,2,ai,114,2600,26
W,8,100,3,log,20,500,10
S,8,100,666,1723
W,9,100,1,ctrl,14,600,2
D,9,100,5,5,4321
W,9,100,2,ai,98,2600,26
W,9,100,3,log,21,500,10
S,9,100,870,1542
W,10,100,1,ctrl,15,600,2
D,10,100,5,5,4946
W,10,100,2,ai,101,2600,26
W,10,100,3,log,21,500,10
S,10,100,859,1486
W,11,100,1,ctrl,15,600,2
D,11,100,5,5,5567
W,11,100,2,ai,112,2600,26
W,11,100,3,log,20,500,10
S,11,100,677,1588
W,12,100,1,ctrl,16,600,2
D,12,100,5,5,6346
W,12,100,2,ai,102,2600,26
W,12,100,3,log,19,500,10
S,12,100,709,1396
W,13,100,1,ctrl,14,600,2
D,13,100,5,5,6972
W,13,100,2,ai,103,2600,26
W,13,100,3,log,19,500,10
S,13,100,710,1588
W,14,100,1,ctrl,14,600,2
D,14,100,5,5,7596
W,14,100,2,ai,102,2600,26
W,14,100,3,log,20,500,10
S,14,100,793,1588
W,15,100,1,ctrl,15,600,2
D,15,100,5,5,8411
W,15,100,2,ai,119,2600,26
W,15,100,3,log,20,500,10
S,15,100,723,1670
W,16,100,1,ctrl,17,600,2
D,16,100,5,5,9305
W,16,100,2,ai,111,2600,26
W,16,100,3,log,22,500,10
S,16,100,807,1433
W,17,100,1,ctrl,17,600,2
D,17,100,4,4,8049
W,17,100,2,ai,112,2600,26
W,17,100,3,log,22,500,10
S,17,100,792,1446
W,18,100,1,ctrl,14,600,2
D,18,100,5,5,10710
W,18,100,2,ai,114,2600,26
W,18,100,3,log,19,500,10
S,18,100,721,1705
W,19,100,1,ctrl,14,600,2
D,19,100,6,6,13771
W,19,100,2,ai,119,2600,26
W,19,100,3,log,21,500,10
S,19,100,675,1800
W,20,100,1,ctrl,7,300,1
D,20,100,1,1,2430
W,20,100,2,ai,20,100,1
W,20,100,3,log,4,50,1
S,20,100,693,2960
J,1,ctrl,1,116,102,101052,2430,102162,160277346,1,2440
# done
# RUN config=medium alpha=100 rep=1/3
# prev_baseline_reset ngroups=3
# schedlab win=100 total=3600 groups=3
W,1,100,1,ctrl,45,600,2
D,1,100,18,9,40
W,1,100,2,ai,96,900,9
W,1,100,3,log,32,300,6
S,1,100,817,1280
W,2,100,1,ctrl,25,600,2
D,2,100,10,10,408
W,2,100,2,ai,71,1200,12
W,2,100,3,log,23,300,6
S,2,100,858,1357
W,3,100,1,ctrl,18,600,2
D,3,100,7,7,654
W,3,100,2,ai,80,1500,15
W,3,100,3,log,17,350,7
S,3,100,704,1564
W,4,100,1,ctrl,21,600,2
D,4,100,7,7,1339
W,4,100,2,ai,92,1800,18
W,4,100,3,log,22,450,9
S,4,100,726,1354
W,5,100,1,ctrl,16,600,2
D,5,100,4,4,1124
W,5,100,2,ai,89,2000,20
W,5,100,3,log,16,450,9
S,5,100,786,1484
W,6,100,1,ctrl,14,600,2
D,6,100,4,4,1656
W,6,100,2,ai,94,2200,22
W,6,100,3,log,25,500,10
S,6,100,888,1723
W,7,100,1,ctrl,17,600,2
D,7,100,5,5,2755
W,7,100,2,ai,104,2400,24
W,7,100,3,log,24,500,10
S,7,100,886,1461
W,8,100,1,ctrl,15,600,2
D,8,100,6,6,4091
W,8,100,2,ai,110,2600,26
W,8,100,3,log,19,500,10
S,8,100,710,1557
W,9,100,1,ctrl,15,600,2
D,9,100,4,4,3326
W,9,100,2,ai,101,2600,26
W,9,100,3,log,20,500,10
S,9,100,810,1472
W,10,100,1,ctrl,16,600,2
D,10,100,6,6,6024
W,10,100,2,ai,121,2600,26
W,10,100,3,log,20,500,10
S,10,100,744,1603
W,11,100,1,ctrl,13,600,2
D,11,100,4,4,4494
W,11,100,2,ai,105,2600,26
W,11,100,3,log,20,500,10
S,11,100,752,1723
W,12,100,1,ctrl,17,600,2
D,12,100,6,6,7673
W,12,100,2,ai,122,2600,26
W,12,100,3,log,19,500,10
S,12,100,801,1514
W,13,100,1,ctrl,14,600,2
D,13,100,5,5,7145
W,13,100,2,ai,102,2600,26
W,13,100,3,log,24,500,10
S,13,100,881,1620
W,14,100,1,ctrl,16,600,2
D,14,100,5,5,7723
W,14,100,2,ai,104,2600,26
W,14,100,3,log,20,500,10
S,14,100,761,1421
W,15,100,1,ctrl,14,600,2
D,15,100,4,4,6758
W,15,100,2,ai,109,2600,26
W,15,100,3,log,23,500,10
S,15,100,853,1705
W,16,100,1,ctrl,14,600,2
D,16,100,5,5,9096
W,16,100,2,ai,105,2600,26
W,16,100,3,log,18,500,10
S,16,100,708,1588
W,17,100,1,ctrl,15,600,2
D,17,100,6,6,11636
W,17,100,2,ai,102,2600,26
W,17,100,3,log,21,500,10
S,17,100,850,1500
W,18,100,1,ctrl,14,600,2
D,18,100,6,6,12520
W,18,100,2,ai,114,2600,26
W,18,100,3,log,23,500,10
S,18,100,815,1760
W,19,100,1,ctrl,16,600,2
D,19,100,4,4,8955
W,19,100,2,ai,117,2600,26
W,19,100,3,log,20,500,10
S,19,100,720,1557
W,20,100,1,ctrl,13,300,1
D,20,100,4,4,9546
W,20,100,2,ai,64,100,1
W,20,100,3,log,10,50,1
S,20,100,670,4469
J,1,ctrl,1,120,111,106963,2394,108127,173132745,4,2404
# done
# RUN config=medium alpha=100 rep=2/3
# prev_baseline_reset ngroups=3
# schedlab win=100 total=3600 groups=3
W,1,100,1,ctrl,42,600,2
D,1,100,15,11,123
W,1,100,2,ai,83,1000,10
W,1,100,3,log,39,300,6
S,1,100,819,1230
W,2,100,1,ctrl,23,600,2
D,2,100,8,8,636
W,2,100,2,ai,78,1400,14
W,2,100,3,log,31,400,8
S,2,100,727,1436
W,3,100,1,ctrl,19,600,2
D,3,100,7,7,1352
W,3,100,2,ai,87,1600,16
W,3,100,3,log,24,450,9
S,3,100,786,1547
W,4,100,1,ctrl,18,600,2
D,4,100,8,8,2187
W,4,100,2,ai,95,2000,20
W,4,100,3,log,26,500,10
S,4,100,878,1496
W,5,100,1,ctrl,14,600,2
D,5,100,6,6,2236
W,5,100,2,ai,90,2100,21
W,5,100,3,log,25,500,10
S,5,100,884,1731
W,6,100,1,ctrl,14,600,2
D,6,100,4,4,2076
W,6,100,2,ai,90,2300,23
W,6,100,3,log,24,500,10
S,6,100,877,1614
W,7,100,1,ctrl,14,600,2
D,7,100,5,5,3125
W,7,100,2,ai,100,2600,26
W,7,100,3,log,20,500,10
S,7,100,816,1557
W,8,100,1,ctrl,14,600,2
D,8,100,5,5,3677
W,8,100,2,ai,106,2600,26
W,8,100,3,log,20,500,10
S,8,100,740,1620
W,9,100,1,ctrl,17,600,2
D,9,100,5,5,4504
W,9,100,2,ai,109,2600,26
W,9,100,3,log,22,500,10
S,9,100,828,1421
W,10,100,1,ctrl,15,600,2
D,10,100,5,5,5246
W,10,100,2,ai,118,2600,26
W,10,100,3,log,19,500,10
S,10,100,754,1653
W,11,100,1,ctrl,16,600,2
D,11,100,5,5,6012
W,11,100,2,ai,110,2600,26
W,11,100,3,log,20,500,10
S,11,100,679,1486
W,12,100,1,ctrl,14,600,2
D,12,100,5,5,6664
W,12,100,2,ai,107,2600,26
W,12,100,3,log,23,500,10
S,12,100,869,1670
W,13,100,1,ctrl,17,600,2
D,13,100,5,5,7496
W,13,100,2,ai,130,2600,26
W,13,100,3,log,21,500,10
S,13,100,758,1603
W,14,100,1,ctrl,16,600,2
D,14,100,6,6,9976
W,14,100,2,ai,106,2600,26
W,14,100,3,log,19,500,10
S,14,100,680,1433
W,15,100,1,ctrl,17,600,2
D,15,100,5,5,9175
W,15,100,2,ai,117,2600,26
W,15,100,3,log,24,500,10
S,15,100,838,1514
W,16,100,1,ctrl,16,600,2
D,16,100,5,5,9876
W,16,100,2,ai,113,2600,26
W,16,100,3,log,18,500,10
S,16,100,792,1500
W,17,100,1,ctrl,16,600,2
D,17,100,5,5,10679
W,17,100,2,ai,119,2600,26
W,17,100,3,log,23,500,10
S,17,100,772,1603
W,18,100,1,ctrl,15,600,2
D,18,100,5,5,11370
W,18,100,2,ai,99,2600,26
W,18,100,3,log,20,500,10
S,18,100,830,1459
W,19,100,1,ctrl,14,300,1
D,19,100,5,5,12090
W,19,100,2,ai,70,100,1
W,19,100,3,log,15,50,1
S,19,100,717,4723
J,1,ctrl,1,114,110,108500,2446,109626,177420602,2,2456
# done
# RUN config=medium alpha=100 rep=3/3
# prev_baseline_reset ngroups=3
# schedlab win=100 total=3600 groups=3
W,1,100,1,ctrl,44,600,2
D,1,100,17,12,288
W,1,100,2,ai,98,1000,10
W,1,100,3,log,42,300,6
S,1,100,718,1317
W,2,100,1,ctrl,22,600,2
D,2,100,8,8,570
W,2,100,2,ai,74,1300,13
W,2,100,3,log,20,300,6
S,2,100,883,1439
W,3,100,1,ctrl,20,600,2
D,3,100,7,7,900
W,3,100,2,ai,82,1600,16
W,3,100,3,log,23,450,9
S,3,100,809,1412
W,4,100,1,ctrl,13,600,2
D,4,100,5,5,1070
W,4,100,2,ai,80,1800,18
W,4,100,3,log,21,450,9
S,4,100,836,1842
W,5,100,1,ctrl,14,600,2
D,5,100,6,6,1713
W,5,100,2,ai,93,2100,21
W,5,100,3,log,25,500,10
S,5,100,878,1764
W,6,100,1,ctrl,17,600,2
D,6,100,5,5,1996
W,6,100,2,ai,81,2300,23
W,6,100,3,log,19,500,10
S,6,100,888,1213
W,7,100,1,ctrl,15,600,2
D,7,100,5,5,2743
W,7,100,2,ai,116,2600,26
W,7,100,3,log,20,500,10
S,7,100,696,1636
W,8,100,1,ctrl,16,600,2
D,8,100,5,5,3475
W,8,100,2,ai,118,2600,26
W,8,100,3,log,19,500,10
S,8,100,769,1557
W,9,100,1,ctrl,17,600,2
D,9,100,6,6,5136
W,9,100,2,ai,105,2600,26
W,9,100,3,log,19,500,10
S,9,100,682,1350
W,10,100,1,ctrl,17,600,2
D,10,100,5,5,5095
W,10,100,2,ai,126,2600,26
W,10,100,3,log,22,500,10
S,10,100,688,1572
W,11,100,1,ctrl,15,600,2
D,11,100,5,5,5842
W,11,100,2,ai,121,2600,26
W,11,100,3,log,21,500,10
S,11,100,686,1705
W,12,100,1,ctrl,16,600,2
D,12,100,6,6,8033
W,12,100,2,ai,103,2600,26
W,12,100,3,log,22,500,10
S,12,100,882,1433
W,13,100,1,ctrl,15,600,2
D,13,100,5,5,7295
W,13,100,2,ai,101,2600,26
W,13,100,3,log,20,500,10
S,13,100,810,1472
W,14,100,1,ctrl,15,600,2
D,14,100,5,5,8070
W,14,100,2,ai,123,2600,26
W,14,100,3,log,23,500,10
S,14,100,733,1741
W,15,100,1,ctrl,17,600,2
D,15,100,4,4,7063
W,15,100,2,ai,103,2600,26
W,15,100,3,log,20,500,10
S,15,100,775,1338
W,16,100,1,ctrl,18,600,2
D,16,100,6,6,11602
W,16,100,2,ai,124,2600,26
W,16,100,3,log,28,500,10
S,16,100,883,1542
W,17,100,1,ctrl,14,600,2
D,17,100,5,5,10342
W,17,100,2,ai,104,2600,26
W,17,100,3,log,19,500,10
S,17,100,699,1588
W,18,100,1,ctrl,18,600,2
D,18,100,6,6,13497
W,18,100,2,ai,126,2600,26
W,18,100,3,log,29,500,10
S,18,100,885,1557
W,19,100,1,ctrl,12,300,1
D,19,100,4,4,9652
W,19,100,2,ai,85,100,1
W,19,100,3,log,8,50,1
S,19,100,706,5842
J,1,ctrl,1,115,110,104382,2442,105518,168516364,3,2452
# done

# === CONFIG heavy ai=75 log=25 ===
# WARMUP config=heavy alpha=0
# prev_baseline_reset ngroups=3
# schedlab win=100 total=3600 groups=3
W,1,0,1,ctrl,41,300,2
D,1,0,17,1,3
W,1,0,2,ai,60,100,9
W,1,0,3,log,23,50,5
S,1,0,804,2018
W,2,0,1,ctrl,25,300,2
D,2,0,11,1,2
W,2,0,2,ai,30,100,9
W,2,0,3,log,19,50,8
S,2,0,884,1976
W,3,0,1,ctrl,30,300,1
D,3,0,12,1,5
W,3,0,2,ai,28,100,9
W,3,0,3,log,15,50,8
S,3,0,867,1624
W,4,0,1,ctrl,26,300,2
D,4,0,11,0,0
W,4,0,2,ai,40,100,12
W,4,0,3,log,13,50,8
S,4,0,768,2024
W,5,0,1,ctrl,31,300,1
D,5,0,12,1,7
W,5,0,2,ai,24,100,14
W,5,0,3,log,18,50,8
S,5,0,883,1570
W,6,0,1,ctrl,26,300,2
D,6,0,11,1,1
W,6,0,2,ai,31,100,14
W,6,0,3,log,16,50,10
S,6,0,862,1870
W,7,0,1,ctrl,33,300,1
D,7,0,12,1,6
W,7,0,2,ai,27,100,16
W,7,0,3,log,12,50,10
S,7,0,827,1454
W,8,0,1,ctrl,29,300,1
D,8,0,12,1,7
W,8,0,2,ai,28,100,16
W,8,0,3,log,13,50,10
S,8,0,841,1608
W,9,0,1,ctrl,27,300,2
D,9,0,11,0,0
W,9,0,2,ai,29,100,17
W,9,0,3,log,25,50,13
S,9,0,879,2000
W,10,0,1,ctrl,27,300,2
D,10,0,11,1,2
W,10,0,2,ai,34,100,17
W,10,0,3,log,12,50,13
S,10,0,781,1804
W,11,0,1,ctrl,34,300,1
D,11,0,13,2,24
W,11,0,2,ai,30,100,17
W,11,0,3,log,16,50,13
S,11,0,869,1567
W,12,0,1,ctrl,26,300,2
D,12,0,11,1,3
W,12,0,2,ai,33,100,19
W,12,0,3,log,13,50,14
S,12,0,808,1844
W,13,0,1,ctrl,30,300,2
D,13,0,11,1,7
W,13,0,2,ai,23,100,19
W,13,0,3,log,18,50,14
S,13,0,879,1578
W,14,0,1,ctrl,33,300,2
D,14,0,12,3,27
W,14,0,2,ai,31,100,22
W,14,0,3,log,13,50,14
S,14,0,814,1556
W,15,0,1,ctrl,26,300,2
D,15,0,12,2,13
W,15,0,2,ai,30,100,22
W,15,0,3,log,17,50,14
S,15,0,874,1870
W,16,0,1,ctrl,36,300,2
D,16,0,11,1,7
W,16,0,2,ai,29,100,22
W,16,0,3,log,13,50,16
S,16,0,829,1444
W,17,0,1,ctrl,31,300,2
D,17,0,12,2,11
W,17,0,2,ai,27,100,22
W,17,0,3,log,18,50,16
S,17,0,887,1636
W,18,0,1,ctrl,33,300,2
D,18,0,12,2,18
W,18,0,2,ai,31,100,22
W,18,0,3,log,14,50,16
S,18,0,834,1574
W,19,0,1,ctrl,34,300,2
D,19,0,12,2,16
W,19,0,2,ai,26,100,22
W,19,0,3,log,22,50,16
S,19,0,871,1608
W,20,0,1,ctrl,35,300,2
D,20,0,11,1,7
W,20,0,2,ai,32,100,25
W,20,0,3,log,13,50,18
S,20,0,806,1524
W,21,0,1,ctrl,32,300,2
D,21,0,12,2,13
W,21,0,2,ai,26,100,25
W,21,0,3,log,19,50,18
S,21,0,885,1604
W,22,0,1,ctrl,27,300,2
D,22,0,11,1,8
W,22,0,2,ai,33,100,25
W,22,0,3,log,18,50,18
S,22,0,869,1924
W,23,0,1,ctrl,35,300,2
D,23,0,12,2,15
W,23,0,2,ai,26,100,27
W,23,0,3,log,18,50,18
S,23,0,888,1503
W,24,0,1,ctrl,27,300,1
D,24,0,12,1,4
W,24,0,2,ai,28,100,27
W,24,0,3,log,20,50,18
S,24,0,888,1850
W,25,0,1,ctrl,40,300,2
D,25,0,12,2,17
W,25,0,2,ai,32,100,27
W,25,0,3,log,12,50,21
S,25,0,771,1399
W,26,0,1,ctrl,30,300,1
D,26,0,12,1,8
W,26,0,2,ai,24,100,27
W,26,0,3,log,16,50,21
S,26,0,887,1556
W,27,0,1,ctrl,29,300,2
D,27,0,11,1,2
W,27,0,2,ai,35,100,29
W,27,0,3,log,12,50,21
S,27,0,770,1748
W,28,0,1,ctrl,32,300,2
D,28,0,11,1,5
W,28,0,2,ai,29,100,29
W,28,0,3,log,16,50,21
S,28,0,872,1604
W,29,0,1,ctrl,29,300,2
D,29,0,11,1,5
W,29,0,2,ai,28,100,29
W,29,0,3,log,15,50,21
S,29,0,867,1656
W,30,0,1,ctrl,27,300,2
D,30,0,12,2,13
W,30,0,2,ai,34,100,29
W,30,0,3,log,17,50,21
S,30,0,855,1924
W,31,0,1,ctrl,20,300,1
D,31,0,6,1,6
W,31,0,2,ai,30,100,3
W,31,0,3,log,13,50,2
S,31,0,831,2100
J,1,ctrl,1,359,40,262,16,2481,22523,1,26
# done
# RUN config=heavy alpha=0 rep=1/3
# prev_baseline_reset ngroups=3
# schedlab win=100 total=3600 groups=3
W,1,0,1,ctrl,40,300,2
D,1,0,17,2,5
W,1,0,2,ai,56,100,8
W,1,0,3,log,29,50,5
S,1,0,863,2081
W,2,0,1,ctrl,30,300,1
D,2,0,12,1,8
W,2,0,2,ai,36,100,11
W,2,0,3,log,10,50,7
S,2,0,715,1690
W,3,0,1,ctrl,30,300,2
D,3,0,11,1,4
W,3,0,2,ai,23,100,11
W,3,0,3,log,20,50,7
S,3,0,866,1624
W,4,0,1,ctrl,30,300,1
D,4,0,12,1,8
W,4,0,2,ai,33,100,13
W,4,0,3,log,14,50,10
S,4,0,821,1712
W,5,0,1,ctrl,34,300,2
D,5,0,12,2,18
W,5,0,2,ai,38,100,16
W,5,0,3,log,11,50,10
S,5,0,720,1628
W,6,0,1,ctrl,34,300,2
D,6,0,12,3,32
W,6,0,2,ai,29,100,16
W,6,0,3,log,16,50,10
S,6,0,873,1548
W,7,0,1,ctrl,29,300,2
D,7,0,12,2,22
W,7,0,2,ai,27,100,16
W,7,0,3,log,15,50,12
S,7,0,874,1632
W,8,0,1,ctrl,29,300,2
D,8,0,12,2,15
W,8,0,2,ai,32,100,17
W,8,0,3,log,15,50,12
S,8,0,844,1748
W,9,0,1,ctrl,25,300,2
D,9,0,12,2,17
W,9,0,2,ai,29,100,17
W,9,0,3,log,19,50,12
S,9,0,886,1947
W,10,0,1,ctrl,29,300,2
D,10,0,11,1,3
W,10,0,2,ai,31,100,20
W,10,0,3,log,13,50,14
S,10,0,820,1677
W,11,0,1,ctrl,25,300,2
D,11,0,11,1,4
W,11,0,2,ai,37,100,20
W,11,0,3,log,15,50,14
S,11,0,816,2055
W,12,0,1,ctrl,29,300,1
D,12,0,12,2,12
W,12,0,2,ai,33,100,20
W,12,0,3,log,13,50,14
S,12,0,805,1725
W,13,0,1,ctrl,34,300,2
D,13,0,11,2,11
W,13,0,2,ai,30,100,22
W,13,0,3,log,14,50,14
S,13,0,841,1531
W,14,0,1,ctrl,29,300,2
D,14,0,12,1,7
W,14,0,2,ai,27,100,22
W,14,0,3,log,19,50,17
S,14,0,888,1725
W,15,0,1,ctrl,31,300,2
D,15,0,12,3,42
W,15,0,2,ai,31,100,22
W,15,0,3,log,11,50,17
S,15,0,770,1570
W,16,0,1,ctrl,33,300,1
D,16,0,12,2,7
W,16,0,2,ai,26,100,24
W,16,0,3,log,15,50,17
S,16,0,878,1496
W,17,0,1,ctrl,25,300,2
D,17,0,10,0,0
W,17,0,2,ai,28,100,24
W,17,0,3,log,13,50,17
S,17,0,841,1761
W,18,0,1,ctrl,31,300,2
D,18,0,12,2,12
W,18,0,2,ai,30,100,24
W,18,0,3,log,15,50,17
S,18,0,856,1636
W,19,0,1,ctrl,26,300,1
D,19,0,11,2,18
W,19,0,2,ai,31,100,24
W,19,0,3,log,13,50,19
S,19,0,820,1795
W,20,0,1,ctrl,22,300,1
D,20,0,11,1,3
W,20,0,2,ai,28,100,27
W,20,0,3,log,15,50,19
S,20,0,866,1970
W,21,0,1,ctrl,27,300,2
D,21,0,11,1,1
W,21,0,2,ai,29,100,27
W,21,0,3,log,16,50,19
S,21,0,872,1776
W,22,0,1,ctrl,29,300,1
D,22,0,12,2,10
W,22,0,2,ai,31,100,27
W,22,0,3,log,15,50,19
S,22,0,851,1725
W,23,0,1,ctrl,28,300,2
D,23,0,11,1,1
W,23,0,2,ai,34,100,27
W,23,0,3,log,13,50,19
S,23,0,800,1785
W,24,0,1,ctrl,32,300,2
D,24,0,12,2,10
W,24,0,2,ai,25,100,29
W,24,0,3,log,17,50,19
S,24,0,887,1541
W,25,0,1,ctrl,29,300,2
D,25,0,11,2,16
W,25,0,2,ai,34,100,29
W,25,0,3,log,15,50,22
S,25,0,832,1795
W,26,0,1,ctrl,31,300,2
D,26,0,12,1,6
W,26,0,2,ai,36,100,29
W,26,0,3,log,9,50,22
S,26,0,684,1636
W,27,0,1,ctrl,32,300,1
D,27,0,13,4,60
W,27,0,2,ai,28,100,29
W,27,0,3,log,13,50,22
S,27,0,841,1520
W,28,0,1,ctrl,31,300,2
D,28,0,11,1,3
W,28,0,2,ai,29,100,31
W,28,0,3,log,14,50,22
S,28,0,849,1593
W,29,0,1,ctrl,34,300,2
D,29,0,13,3,30
W,29,0,2,ai,38,100,31
W,29,0,3,log,8,50,22
S,29,0,695,1567
W,30,0,1,ctrl,23,300,1
D,30,0,11,1,8
W,30,0,2,ai,37,100,31
W,30,0,3,log,12,50,22
S,30,0,769,2087
W,31,0,1,ctrl,15,300,1
D,31,0,4,1,1
W,31,0,2,ai,30,100,2
W,31,0,3,log,9,50,2
S,31,0,758,2404
J,1,ctrl,1,358,52,394,27,2904,31380,1,37
# done
# RUN config=heavy alpha=0 rep=2/3
# prev_baseline_reset ngroups=3
# schedlab win=100 total=3600 groups=3
W,1,0,1,ctrl,44,300,2
D,1,0,18,4,29
W,1,0,2,ai,43,100,6
W,1,0,3,log,29,50,6
S,1,0,888,1757
W,2,0,1,ctrl,28,300,2
D,2,0,12,2,20
W,2,0,2,ai,39,100,9
W,2,0,3,log,11,50,6
S,2,0,730,1860
W,3,0,1,ctrl,33,300,2
D,3,0,13,3,33
W,3,0,2,ai,28,100,11
W,3,0,3,log,14,50,9
S,3,0,856,1513
W,4,0,1,ctrl,31,300,2
D,4,0,11,2,20
W,4,0,2,ai,33,100,13
W,4,0,3,log,11,50,9
S,4,0,756,1612
W,5,0,1,ctrl,30,300,2
D,5,0,12,2,15
W,5,0,2,ai,24,100,13
W,5,0,3,log,19,50,9
S,5,0,879,1624
W,6,0,1,ctrl,32,300,1
D,6,0,13,3,35
W,6,0,2,ai,30,100,15
W,6,0,3,log,14,50,11
S,6,0,843,1581
W,7,0,1,ctrl,27,300,1
D,7,0,12,2,10
W,7,0,2,ai,28,100,15
W,7,0,3,log,15,50,11
S,7,0,868,1729
W,8,0,1,ctrl,29,300,2
D,8,0,11,2,10
W,8,0,2,ai,38,100,17
W,8,0,3,log,9,50,11
S,8,0,683,1748
W,9,0,1,ctrl,26,300,2
D,9,0,12,2,19
W,9,0,2,ai,31,100,17
W,9,0,3,log,15,50,14
S,9,0,851,1844
W,10,0,1,ctrl,27,300,2
D,10,0,11,2,9
W,10,0,2,ai,27,100,17
W,10,0,3,log,20,50,14
S,10,0,886,1829
W,11,0,1,ctrl,34,300,2
D,11,0,12,2,15
W,11,0,2,ai,36,100,19
W,11,0,3,log,9,50,14
S,11,0,672,1548
W,12,0,1,ctrl,25,300,2
D,12,0,12,2,18
W,12,0,2,ai,30,100,19
W,12,0,3,log,20,50,14
S,12,0,887,2000
W,13,0,1,ctrl,32,300,2
D,13,0,12,3,33
W,13,0,2,ai,31,100,21
W,13,0,3,log,11,50,14
S,13,0,768,1541
W,14,0,1,ctrl,32,300,2
D,14,0,12,2,19
W,14,0,2,ai,26,100,21
W,14,0,3,log,18,50,14
S,14,0,888,1581
W,15,0,1,ctrl,28,300,1
D,15,0,12,2,10
W,15,0,2,ai,30,100,21
W,15,0,3,log,15,50,14
S,15,0,856,1738
W,16,0,1,ctrl,31,300,2
D,16,0,11,1,1
W,16,0,2,ai,28,100,23
W,16,0,3,log,17,50,14
S,16,0,882,1636
W,17,0,1,ctrl,52,300,2
D,17,0,12,4,52
W,17,0,2,ai,19,100,23
W,17,0,3,log,10,50,17
S,17,0,876,1039
W,18,0,1,ctrl,27,300,2
D,18,0,12,2,13
W,18,0,2,ai,29,100,23
W,18,0,3,log,19,50,17
S,18,0,887,1850
W,19,0,1,ctrl,29,300,2
D,19,0,12,2,18
W,19,0,2,ai,28,100,23
W,19,0,3,log,14,50,17
S,19,0,857,1632
W,20,0,1,ctrl,29,300,1
D,20,0,12,2,10
W,20,0,2,ai,25,100,26
W,20,0,3,log,14,50,17
S,20,0,874,1563
W,21,0,1,ctrl,26,300,2
D,21,0,11,1,6
W,21,0,2,ai,26,100,26
W,21,0,3,log,18,50,17
S,21,0,888,1795
W,22,0,1,ctrl,36,300,2
D,22,0,13,3,37
W,22,0,2,ai,28,100,26
W,22,0,3,log,12,50,18
S,22,0,814,1408
W,23,0,1,ctrl,34,300,2
D,23,0,12,3,39
W,23,0,2,ai,23,100,26
W,23,0,3,log,14,50,18
S,23,0,885,1393
W,24,0,1,ctrl,32,300,2
D,24,0,12,2,15
W,24,0,2,ai,29,100,28
W,24,0,3,log,13,50,18
S,24,0,831,1541
W,25,0,1,ctrl,38,300,2
D,25,0,12,3,33
W,25,0,2,ai,23,100,28
W,25,0,3,log,16,50,18
S,25,0,883,1350
W,26,0,1,ctrl,31,300,2
D,26,0,13,4,50
W,26,0,2,ai,31,100,28
W,26,0,3,log,13,50,18
S,26,0,818,1612
W,27,0,1,ctrl,34,300,1
D,27,0,13,4,41
W,27,0,2,ai,28,100,28
W,27,0,3,log,16,50,21
S,27,0,877,1531
W,28,0,1,ctrl,33,300,2
D,28,0,11,2,9
W,28,0,2,ai,27,100,29
W,28,0,3,log,20,50,21
S,28,0,886,1616
W,29,0,1,ctrl,28,300,2
D,29,0,13,3,33
W,29,0,2,ai,34,100,29
W,29,0,3,log,14,50,21
S,29,0,817,1809
W,30,0,1,ctrl,17,300,1
D,30,0,5,2,11
W,30,0,2,ai,33,100,3
W,30,0,3,log,14,50,3
S,30,0,828,2513
J,1,ctrl,1,359,73,663,22,3282,42238,2,32
# done
# RUN config=heavy alpha=0 rep=3/3
# prev_baseline_reset ngroups=3
# schedlab win=100 total=3600 groups=3
W,1,0,1,ctrl,35,300,2
D,1,0,16,2,5
W,1,0,2,ai,45,100,8
W,1,0,3,log,27,50,6
S,1,0,880,2036
W,2,0,1,ctrl,28,300,1
D,2,0,12,2,10
W,2,0,2,ai,29,100,8
W,2,0,3,log,14,50,6
S,2,0,850,1690
W,3,0,1,ctrl,33,300,2
D,3,0,12,2,19
W,3,0,2,ai,28,100,9
W,3,0,3,log,15,50,8
S,3,0,869,1534
W,4,0,1,ctrl,27,300,2
D,4,0,11,1,7
W,4,0,2,ai,28,100,12
W,4,0,3,log,16,50,8
S,4,0,876,1752
W,5,0,1,ctrl,30,300,2
D,5,0,12,2,13
W,5,0,2,ai,32,100,12
W,5,0,3,log,6,50,10
S,5,0,727,1510
W,6,0,1,ctrl,29,300,1
D,6,0,12,2,12
W,6,0,2,ai,24,100,14
W,6,0,3,log,15,50,10
S,6,0,885,1563
W,7,0,1,ctrl,32,300,2
D,7,0,12,2,14
W,7,0,2,ai,30,100,14
W,7,0,3,log,15,50,10
S,7,0,855,1604
W,8,0,1,ctrl,29,300,2
D,8,0,12,2,14
W,8,0,2,ai,27,100,16
W,8,0,3,log,20,50,12
S,8,0,887,1748
W,9,0,1,ctrl,32,300,1
D,9,0,12,2,13
W,9,0,2,ai,29,100,16
W,9,0,3,log,11,50,12
S,9,0,784,1500
W,10,0,1,ctrl,31,300,2
D,10,0,11,1,5
W,10,0,2,ai,29,100,18
W,10,0,3,log,16,50,12
S,10,0,872,1636
W,11,0,1,ctrl,30,300,2
D,11,0,11,2,18
W,11,0,2,ai,30,100,18
W,11,0,3,log,15,50,15
S,11,0,858,1665
W,12,0,1,ctrl,30,300,2
D,12,0,12,2,14
W,12,0,2,ai,25,100,18
W,12,0,3,log,20,50,15
S,12,0,880,1665
W,13,0,1,ctrl,31,300,2
D,13,0,11,2,10
W,13,0,2,ai,31,100,20
W,13,0,3,log,15,50,15
S,13,0,849,1656
W,14,0,1,ctrl,25,300,1
D,14,0,13,2,20
W,14,0,2,ai,33,100,20
W,14,0,3,log,15,50,15
S,14,0,839,1947
W,15,0,1,ctrl,27,300,2
D,15,0,11,1,1
W,15,0,2,ai,30,100,22
W,15,0,3,log,17,50,15
S,15,0,874,1829
W,16,0,1,ctrl,32,300,2
D,16,0,11,2,10
W,16,0,2,ai,26,100,22
W,16,0,3,log,14,50,17
S,16,0,870,1500
W,17,0,1,ctrl,32,300,2
D,17,0,13,4,47
W,17,0,2,ai,32,100,22
W,17,0,3,log,20,50,17
S,17,0,884,1752
W,18,0,1,ctrl,31,300,1
D,18,0,12,1,8
W,18,0,2,ai,30,100,22
W,18,0,3,log,15,50,17
S,18,0,856,1636
W,19,0,1,ctrl,26,300,2
D,19,0,11,1,8
W,19,0,2,ai,26,100,24
W,19,0,3,log,20,50,17
S,19,0,886,1844
W,20,0,1,ctrl,36,300,2
D,20,0,13,5,64
W,20,0,2,ai,32,100,24
W,20,0,3,log,14,50,17
S,20,0,825,1517
W,21,0,1,ctrl,28,300,2
D,21,0,11,2,9
W,21,0,2,ai,27,100,24
W,21,0,3,log,18,50,19
S,21,0,887,1738
W,22,0,1,ctrl,27,300,2
D,22,0,12,2,15
W,22,0,2,ai,29,100,26
W,22,0,3,log,14,50,19
S,22,0,850,1729
W,23,0,1,ctrl,29,300,2
D,23,0,11,1,5
W,23,0,2,ai,32,100,26
W,23,0,3,log,10,50,19
S,23,0,740,1632
W,24,0,1,ctrl,27,300,2
D,24,0,12,2,13
W,24,0,2,ai,31,100,26
W,24,0,3,log,16,50,19
S,24,0,861,1829
W,25,0,1,ctrl,33,300,2
D,25,0,11,2,10
W,25,0,2,ai,27,100,26
W,25,0,3,log,13,50,19
S,25,0,849,1473
W,26,0,1,ctrl,26,300,2
D,26,0,12,2,14
W,26,0,2,ai,27,100,28
W,26,0,3,log,14,50,21
S,26,0,862,1716
W,27,0,1,ctrl,25,300,2
D,27,0,11,1,5
W,27,0,2,ai,29,100,28
W,27,0,3,log,15,50,21
S,27,0,862,1839
W,28,0,1,ctrl,26,300,2
D,28,0,12,1,2
W,28,0,2,ai,32,100,28
W,28,0,3,log,15,50,21
S,28,0,845,1870
W,29,0,1,ctrl,28,300,2
D,29,0,11,2,14
W,29,0,2,ai,29,100,28
W,29,0,3,log,15,50,21
S,29,0,862,1716
W,30,0,1,ctrl,26,300,2
D,30,0,12,2,14
W,30,0,2,ai,30,100,30
W,30,0,3,log,16,50,21
S,30,0,867,1844
W,31,0,1,ctrl,11,300,1
D,31,0,3,2,15
W,31,0,2,ai,34,100,2
W,31,0,3,log,8,50,1
S,31,0,722,3217
J,1,ctrl,1,358,59,428,27,3018,33168,1,37
# done
# WARMUP config=heavy alpha=10
# prev_baseline_reset ngroups=3
# schedlab win=100 total=3600 groups=3
W,1,10,1,ctrl,41,300,2
D,1,10,16,1,2
W,1,10,2,ai,43,100,7
W,1,10,3,log,27,50,5
S,1,10,885,1804
W,2,10,1,ctrl,29,300,2
D,2,10,12,3,19
W,2,10,2,ai,31,100,8
W,2,10,3,log,17,50,7
S,2,10,870,1771
W,3,10,1,ctrl,35,300,2
D,3,10,12,3,37
W,3,10,2,ai,27,100,10
W,3,10,3,log,14,50,7
S,3,10,864,1447
W,4,10,1,ctrl,28,300,2
D,4,10,13,4,39
W,4,10,2,ai,30,100,12
W,4,10,3,log,21,50,10
S,4,10,887,1881
W,5,10,1,ctrl,29,300,2
D,5,10,12,2,17
W,5,10,2,ai,32,100,12
W,5,10,3,log,12,50,10
S,5,10,791,1677
W,6,10,1,ctrl,31,300,2
D,6,10,12,2,15
W,6,10,2,ai,32,100,15
W,6,10,3,log,9,50,10
S,6,10,706,1548
W,7,10,1,ctrl,37,300,2
D,7,10,13,6,127
W,7,10,2,ai,25,100,15
W,7,10,3,log,18,50,12
S,7,10,884,1441
W,8,10,1,ctrl,29,300,2
D,8,10,12,2,18
W,8,10,2,ai,29,100,17
W,8,10,3,log,18,50,12
S,8,10,883,1748
W,9,10,1,ctrl,34,300,2
D,9,10,12,2,17
W,9,10,2,ai,30,100,17
W,9,10,3,log,13,50,12
S,9,10,821,1510
W,10,10,1,ctrl,35,300,2
D,10,10,14,7,121
W,10,10,2,ai,26,100,19
W,10,10,3,log,19,50,15
S,10,10,885,1524
W,11,10,1,ctrl,29,300,2
D,11,10,11,2,9
W,11,10,2,ai,32,100,19
W,11,10,3,log,12,50,15
S,11,10,791,1677
W,12,10,1,ctrl,35,300,2
D,12,10,12,2,19
W,12,10,2,ai,27,100,19
W,12,10,3,log,15,50,15
S,12,10,874,1466
W,13,10,1,ctrl,34,300,2
D,13,10,11,1,7
W,13,10,2,ai,25,100,21
W,13,10,3,log,13,50,15
S,13,10,864,1411
W,14,10,1,ctrl,31,300,2
D,14,10,12,3,18
W,14,10,2,ai,29,100,21
W,14,10,3,log,18,50,17
S,14,10,884,1677
W,15,10,1,ctrl,29,300,1
D,15,10,12,2,10
W,15,10,2,ai,26,100,21
W,15,10,3,log,15,50,17
S,15,10,879,1608
W,16,10,1,ctrl,30,300,2
D,16,10,11,2,17
W,16,10,2,ai,28,100,23
W,16,10,3,log,20,50,17
S,16,10,887,1734
W,17,10,1,ctrl,30,300,2
D,17,10,12,3,27
W,17,10,2,ai,30,100,23
W,17,10,3,log,14,50,17
S,17,10,843,1644
W,18,10,1,ctrl,40,300,2
D,18,10,13,5,69
W,18,10,2,ai,28,100,23
W,18,10,3,log,11,50,17
S,18,10,779,1316
W,19,10,1,ctrl,30,300,1
D,19,10,13,1,8
W,19,10,2,ai,26,100,23
W,19,10,3,log,18,50,19
S,19,10,888,1644
W,20,10,1,ctrl,33,300,2
D,20,10,12,3,29
W,20,10,2,ai,34,100,23
W,20,10,3,log,8,50,19
S,20,10,681,1513
W,21,10,1,ctrl,30,300,2
D,21,10,12,2,17
W,21,10,2,ai,25,100,23
W,21,10,3,log,18,50,19
S,21,10,886,1624
W,22,10,1,ctrl,31,300,2
D,22,10,11,2,18
W,22,10,2,ai,31,100,23
W,22,10,3,log,10,50,19
S,22,10,741,1548
W,23,10,1,ctrl,30,300,2
D,23,10,12,3,33
W,23,10,2,ai,31,100,26
W,23,10,3,log,16,50,19
S,23,10,861,1712
W,24,10,1,ctrl,32,300,2
D,24,10,14,5,95
W,24,10,2,ai,34,100,26
W,24,10,3,log,14,50,21
S,24,10,815,1665
W,25,10,1,ctrl,31,300,2
D,25,10,11,2,19
W,25,10,2,ai,37,100,26
W,25,10,3,log,11,50,21
S,25,10,734,1698
W,26,10,1,ctrl,28,300,2
D,26,10,12,2,13
W,26,10,2,ai,32,100,28
W,26,10,3,log,15,50,21
S,26,10,845,1785
W,27,10,1,ctrl,33,300,2
D,27,10,11,2,10
W,27,10,2,ai,28,100,28
W,27,10,3,log,12,50,21
S,27,10,819,1473
W,28,10,1,ctrl,28,300,2
D,28,10,12,2,11
W,28,10,2,ai,35,100,28
W,28,10,3,log,13,50,21
S,28,10,794,1809
W,29,10,1,ctrl,27,300,1
D,29,10,12,1,8
W,29,10,2,ai,30,100,28
W,29,10,3,log,14,50,21
S,29,10,844,1752
W,30,10,1,ctrl,12,300,1
D,30,10,4,2,18
W,30,10,2,ai,36,100,2
W,30,10,3,log,10,50,2
S,30,10,753,3233
J,1,ctrl,1,358,79,867,38,3565,54307,1,48
# done
# RUN config=heavy alpha=10 rep=1/3
# prev_baseline_reset ngroups=3
# schedlab win=100 total=3600 groups=3
W,1,10,1,ctrl,46,300,2
D,1,10,17,3,13
W,1,10,2,ai,44,100,6
W,1,10,3,log,25,50,6
S,1,10,876,1665
W,2,10,1,ctrl,31,300,2
D,2,10,12,3,26
W,2,10,2,ai,26,100,9
W,2,10,3,log,18,50,6
S,2,10,888,1612
W,3,10,1,ctrl,30,300,2
D,3,10,13,3,42
W,3,10,2,ai,32,100,11
W,3,10,3,log,12,50,9
S,3,10,791,1644
W,4,10,1,ctrl,33,300,2
D,4,10,12,3,44
W,4,10,2,ai,35,100,14
W,4,10,3,log,12,50,9
S,4,10,766,1616
W,5,10,1,ctrl,33,300,2
D,5,10,13,4,50
W,5,10,2,ai,23,100,14
W,5,10,3,log,19,50,11
S,5,10,869,1513
W,6,10,1,ctrl,32,300,2
D,6,10,12,3,32
W,6,10,2,ai,31,100,15
W,6,10,3,log,10,50,11
S,6,10,738,1520
W,7,10,1,ctrl,35,300,2
D,7,10,13,3,42
W,7,10,2,ai,26,100,15
W,7,10,3,log,16,50,11
S,7,10,885,1466
W,8,10,1,ctrl,33,300,2
D,8,10,12,3,35
W,8,10,2,ai,29,100,18
W,8,10,3,log,15,50,11
S,8,10,861,1556
W,9,10,1,ctrl,31,300,2
D,9,10,12,4,45
W,9,10,2,ai,29,100,18
W,9,10,3,log,18,50,13
S,9,10,884,1677
W,10,10,1,ctrl,33,300,2
D,10,10,12,3,36
W,10,10,2,ai,29,100,18
W,10,10,3,log,15,50,13
S,10,10,861,1556
W,11,10,1,ctrl,37,300,2
D,11,10,14,7,115
W,11,10,2,ai,32,100,19
W,11,10,3,log,13,50,13
S,11,10,804,1476
W,12,10,1,ctrl,31,300,1
D,12,10,13,3,39
W,12,10,2,ai,30,100,19
W,12,10,3,log,16,50,15
S,12,10,866,1656
W,13,10,1,ctrl,32,300,2
D,13,10,12,2,20
W,13,10,2,ai,31,100,19
W,13,10,3,log,15,50,15
S,13,10,850,1624
W,14,10,1,ctrl,36,300,1
D,14,10,14,5,88
W,14,10,2,ai,28,100,20
W,14,10,3,log,16,50,15
S,14,10,880,1480
W,15,10,1,ctrl,33,300,1
D,15,10,13,4,55
W,15,10,2,ai,29,100,20
W,15,10,3,log,19,50,15
S,15,10,888,1636
W,16,10,1,ctrl,36,300,2
D,16,10,13,5,70
W,16,10,2,ai,27,100,23
W,16,10,3,log,19,50,18
S,16,10,887,1517
W,17,10,1,ctrl,31,300,2
D,17,10,12,3,42
W,17,10,2,ai,29,100,23
W,17,10,3,log,10,50,18
S,17,10,756,1506
W,18,10,1,ctrl,32,300,2
D,18,10,12,3,31
W,18,10,2,ai,32,100,23
W,18,10,3,log,16,50,18
S,18,10,858,1665
W,19,10,1,ctrl,37,300,2
D,19,10,11,3,23
W,19,10,2,ai,31,100,25
W,19,10,3,log,8,50,18
S,19,10,688,1370
W,20,10,1,ctrl,31,300,2
D,20,10,12,2,13
W,20,10,2,ai,33,100,25
W,20,10,3,log,15,50,18
S,20,10,836,1698
W,21,10,1,ctrl,38,300,2
D,21,10,11,2,13
W,21,10,2,ai,27,100,25
W,21,10,3,log,12,50,20
S,21,10,822,1350
W,22,10,1,ctrl,31,300,2
D,22,10,12,2,15
W,22,10,2,ai,30,100,25
W,22,10,3,log,13,50,20
S,22,10,824,1593
W,23,10,1,ctrl,30,300,2
D,23,10,12,3,36
W,23,10,2,ai,27,100,28
W,23,10,3,log,15,50,20
S,23,10,874,1600
W,24,10,1,ctrl,33,300,2
D,24,10,13,5,85
W,24,10,2,ai,31,100,28
W,24,10,3,log,11,50,20
S,24,10,767,1513
W,25,10,1,ctrl,29,300,2
D,25,10,12,3,27
W,25,10,2,ai,27,100,28
W,25,10,3,log,14,50,20
S,25,10,864,1608
W,26,10,1,ctrl,32,300,2
D,26,10,12,2,15
W,26,10,2,ai,27,100,28
W,26,10,3,log,13,50,20
S,26,10,848,1500
W,27,10,1,ctrl,34,300,2
D,27,10,11,3,20
W,27,10,2,ai,29,100,29
W,27,10,3,log,11,50,21
S,27,10,781,1450
W,28,10,1,ctrl,34,300,2
D,28,10,13,2,18
W,28,10,2,ai,26,100,29
W,28,10,3,log,18,50,21
S,28,10,887,1531
W,29,10,1,ctrl,24,300,1
D,29,10,9,5,96
W,29,10,2,ai,30,100,3
W,29,10,3,log,17,50,6
S,29,10,874,1970
J,1,ctrl,1,359,96,1186,36,3957,67909,1,46
# done
# RUN config=heavy alpha=10 rep=2/3
# prev_baseline_reset ngroups=3
# schedlab win=100 total=3600 groups=3
W,1,10,1,ctrl,44,300,2
D,1,10,17,4,31
W,1,10,2,ai,47,100,9
W,1,10,3,log,23,50,5
S,1,10,851,1729
W,2,10,1,ctrl,33,300,2
D,2,10,13,3,45
W,2,10,2,ai,27,100,11
W,2,10,3,log,15,50,8
S,2,10,876,1513
W,3,10,1,ctrl,36,300,2
D,3,10,12,3,33
W,3,10,2,ai,27,100,11
W,3,10,3,log,16,50,8
S,3,10,882,1463
W,4,10,1,ctrl,25,300,2
D,4,10,12,2,12
W,4,10,2,ai,32,100,13
W,4,10,3,log,15,50,8
S,4,10,845,1919
W,5,10,1,ctrl,35,300,2
D,5,10,13,3,38
W,5,10,2,ai,27,100,13
W,5,10,3,log,19,50,10
S,5,10,888,1541
W,6,10,1,ctrl,33,300,2
D,6,10,11,3,14
W,6,10,2,ai,22,100,15
W,6,10,3,log,13,50,10
S,6,10,884,1373
W,7,10,1,ctrl,34,300,2
D,7,10,12,2,17
W,7,10,2,ai,27,100,15
W,7,10,3,log,13,50,12
S,7,10,847,1450
W,8,10,1,ctrl,32,300,2
D,8,10,11,1,6
W,8,10,2,ai,28,100,18
W,8,10,3,log,12,50,12
S,8,10,819,1500
W,9,10,1,ctrl,32,300,1
D,9,10,13,4,28
W,9,10,2,ai,29,100,18
W,9,10,3,log,18,50,12
S,9,10,885,1644
W,10,10,1,ctrl,33,300,2
D,10,10,11,1,8
W,10,10,2,ai,29,100,18
W,10,10,3,log,13,50,12
S,10,10,832,1513
W,11,10,1,ctrl,28,300,2
D,11,10,12,2,10
W,11,10,2,ai,25,100,19
W,11,10,3,log,18,50,14
S,11,10,888,1690
W,12,10,1,ctrl,31,300,2
D,12,10,12,4,45
W,12,10,2,ai,30,100,19
W,12,10,3,log,14,50,14
S,12,10,842,1612
W,13,10,1,ctrl,30,300,2
D,13,10,12,2,18
W,13,10,2,ai,25,100,21
W,13,10,3,log,18,50,14
S,13,10,886,1624
W,14,10,1,ctrl,33,300,2
D,14,10,12,3,46
W,14,10,2,ai,33,100,21
W,14,10,3,log,14,50,14
S,14,10,821,1616
W,15,10,1,ctrl,34,300,2
D,15,10,12,5,69
W,15,10,2,ai,31,100,21
W,15,10,3,log,19,50,16
S,15,10,884,1648
W,16,10,1,ctrl,29,300,2
D,16,10,12,2,15
W,16,10,2,ai,33,100,23
W,16,10,3,log,13,50,16
S,16,10,805,1725
W,17,10,1,ctrl,30,300,2
D,17,10,11,2,10
W,17,10,2,ai,19,100,23
W,17,10,3,log,17,50,16
S,17,10,846,1466
W,18,10,1,ctrl,34,300,2
D,18,10,13,3,45
W,18,10,2,ai,30,100,23
W,18,10,3,log,12,50,16
S,18,10,799,1489
W,19,10,1,ctrl,34,300,2
D,19,10,12,4,43
W,19,10,2,ai,33,100,23
W,19,10,3,log,15,50,16
S,19,10,835,1608
W,20,10,1,ctrl,35,300,2
D,20,10,13,4,41
W,20,10,2,ai,31,100,25
W,20,10,3,log,15,50,17
S,20,10,850,1541
W,21,10,1,ctrl,36,300,2
D,21,10,12,4,38
W,21,10,2,ai,27,100,25
W,21,10,3,log,15,50,17
S,21,10,876,1444
W,22,10,1,ctrl,32,300,2
D,22,10,12,2,13
W,22,10,2,ai,25,100,25
W,22,10,3,log,13,50,17
S,22,10,864,1457
W,23,10,1,ctrl,40,300,2
D,23,10,13,6,78
W,23,10,2,ai,26,100,28
W,23,10,3,log,17,50,17
S,23,10,887,1384
W,24,10,1,ctrl,35,300,2
D,24,10,12,4,39
W,24,10,2,ai,32,100,28
W,24,10,3,log,15,50,18
S,24,10,841,1563
W,25,10,1,ctrl,34,300,2
D,25,10,12,3,28
W,25,10,2,ai,24,100,28
W,25,10,3,log,14,50,18
S,25,10,882,1411
W,26,10,1,ctrl,34,300,2
D,26,10,12,2,16
W,26,10,2,ai,31,100,28
W,26,10,3,log,14,50,18
S,26,10,834,1548
W,27,10,1,ctrl,30,300,1
D,27,10,12,1,8
W,27,10,2,ai,22,100,30
W,27,10,3,log,16,50,18
S,27,10,885,1510
W,28,10,1,ctrl,28,300,2
D,28,10,11,1,4
W,28,10,2,ai,32,100,30
W,28,10,3,log,11,50,18
S,28,10,768,1690
W,29,10,1,ctrl,35,300,2
D,29,10,12,2,18
W,29,10,2,ai,32,100,30
W,29,10,3,log,15,50,20
S,29,10,841,1563
W,30,10,1,ctrl,17,300,1
D,30,10,5,2,13
W,30,10,2,ai,31,100,3
W,30,10,3,log,11,50,3
S,30,10,792,2312
J,1,ctrl,1,359,84,829,28,3608,51382,1,38
# done
# RUN config=heavy alpha=10 rep=3/3
# prev_baseline_reset ngroups=3
# schedlab win=100 total=3600 groups=3
W,1,10,1,ctrl,46,300,2
D,1,10,18,3,22
W,1,10,2,ai,50,100,8
W,1,10,3,log,28,50,6
S,1,10,872,1800
W,2,10,1,ctrl,28,300,2
D,2,10,11,1,2
W,2,10,2,ai,25,100,8
W,2,10,3,log,16,50,6
S,2,10,886,1644
W,3,10,1,ctrl,30,300,2
D,3,10,11,1,7
W,3,10,2,ai,22,100,10
W,3,10,3,log,15,50,9
S,3,10,887,1489
W,4,10,1,ctrl,33,300,2
D,4,10,12,3,17
W,4,10,2,ai,30,100,12
W,4,10,3,log,14,50,9
S,4,10,840,1556
W,5,10,1,ctrl,31,300,2
D,5,10,12,3,18
W,5,10,2,ai,27,100,12
W,5,10,3,log,18,50,11
S,5,10,887,1636
W,6,10,1,ctrl,31,300,2
D,6,10,11,1,3
W,6,10,2,ai,23,100,14
W,6,10,3,log,19,50,11
S,6,10,873,1570
W,7,10,1,ctrl,32,300,2
D,7,10,12,3,20
W,7,10,2,ai,31,100,14
W,7,10,3,log,14,50,11
S,7,10,834,1604
W,8,10,1,ctrl,36,300,2
D,8,10,11,2,10
W,8,10,2,ai,23,100,16
W,8,10,3,log,15,50,14
S,8,10,887,1370
W,9,10,1,ctrl,33,300,2
D,9,10,13,4,47
W,9,10,2,ai,28,100,16
W,9,10,3,log,12,50,14
S,9,10,819,1473
W,10,10,1,ctrl,32,300,1
D,10,10,12,2,13
W,10,10,2,ai,24,100,18
W,10,10,3,log,15,50,14
S,10,10,887,1480
W,11,10,1,ctrl,29,300,2
D,11,10,10,1,2
W,11,10,2,ai,28,100,18
W,11,10,3,log,13,50,14
S,11,10,841,1608
W,12,10,1,ctrl,28,300,2
D,12,10,12,2,11
W,12,10,2,ai,23,100,18
W,12,10,3,log,19,50,15
S,12,10,876,1665
W,13,10,1,ctrl,33,300,2
D,13,10,13,4,62
W,13,10,2,ai,31,100,21
W,13,10,3,log,12,50,15
S,13,10,792,1534
W,14,10,1,ctrl,31,300,1
D,14,10,12,2,24
W,14,10,2,ai,23,100,21
W,14,10,3,log,17,50,15
S,14,10,883,1527
W,15,10,1,ctrl,31,300,2
D,15,10,11,2,13
W,15,10,2,ai,28,100,22
W,15,10,3,log,14,50,15
S,15,10,855,1570
W,16,10,1,ctrl,35,300,2
D,16,10,13,5,72
W,16,10,2,ai,27,100,22
W,16,10,3,log,14,50,15
S,16,10,864,1447
W,17,10,1,ctrl,33,300,2
D,17,10,13,4,64
W,17,10,2,ai,27,100,22
W,17,10,3,log,19,50,18
S,17,10,887,1597
W,18,10,1,ctrl,30,300,2
D,18,10,12,2,25
W,18,10,2,ai,29,100,24
W,18,10,3,log,15,50,18
S,18,10,862,1644
W,19,10,1,ctrl,38,300,2
D,19,10,12,3,33
W,19,10,2,ai,23,100,24
W,19,10,3,log,18,50,18
S,19,10,870,1384
W,20,10,1,ctrl,31,300,2
D,20,10,13,5,65
W,20,10,2,ai,34,100,24
W,20,10,3,log,16,50,18
S,20,10,844,1743
W,21,10,1,ctrl,35,300,2
D,21,10,14,5,108
W,21,10,2,ai,24,100,24
W,21,10,3,log,15,50,20
S,21,10,886,1411
W,22,10,1,ctrl,36,300,2
D,22,10,14,6,97
W,22,10,2,ai,31,100,25
W,22,10,3,log,14,50,20
S,22,10,832,1500
W,23,10,1,ctrl,32,300,2
D,23,10,11,1,7
W,23,10,2,ai,26,100,25
W,23,10,3,log,17,50,20
S,23,10,887,1563
W,24,10,1,ctrl,29,300,2
D,24,10,12,3,30
W,24,10,2,ai,28,100,25
W,24,10,3,log,14,50,20
S,24,10,857,1632
W,25,10,1,ctrl,33,300,2
D,25,10,13,4,46
W,25,10,2,ai,28,100,27
W,25,10,3,log,17,50,20
S,25,10,883,1574
W,26,10,1,ctrl,37,300,2
D,26,10,14,6,96
W,26,10,2,ai,29,100,27
W,26,10,3,log,18,50,20
S,26,10,886,1513
W,27,10,1,ctrl,36,300,2
D,27,10,13,3,43
W,27,10,2,ai,24,100,27
W,27,10,3,log,18,50,22
S,27,10,879,1444
W,28,10,1,ctrl,32,300,2
D,28,10,12,2,12
W,28,10,2,ai,24,100,27
W,28,10,3,log,12,50,22
S,28,10,855,1417
W,29,10,1,ctrl,34,300,2
D,29,10,11,1,6
W,29,10,2,ai,29,100,29
W,29,10,3,log,13,50,22
S,29,10,832,1489
J,1,ctrl,1,358,84,975,36,3541,56283,2,46
# done
# WARMUP config=heavy alpha=20
# prev_baseline_reset ngroups=3
# schedlab win=100 total=3600 groups=3
W,1,20,1,ctrl,46,300,2
D,1,20,17,2,4
W,1,20,2,ai,45,100,6
W,1,20,3,log,24,50,6
S,1,20,867,1665
W,2,20,1,ctrl,33,300,2
D,2,20,11,1,8
W,2,20,2,ai,29,100,7
W,2,20,3,log,12,50,6
S,2,20,810,1496
W,3,20,1,ctrl,35,300,1
D,3,20,13,3,37
W,3,20,2,ai,31,100,10
W,3,20,3,log,14,50,8
S,3,20,834,1524
W,4,20,1,ctrl,31,300,2
D,4,20,11,3,20
W,4,20,2,ai,30,100,12
W,4,20,3,log,15,50,8
S,4,20,856,1636
W,5,20,1,ctrl,32,300,2
D,5,20,12,2,19
W,5,20,2,ai,30,100,12
W,5,20,3,log,13,50,10
S,5,20,824,1563
W,6,20,1,ctrl,38,300,2
D,6,20,11,2,12
W,6,20,2,ai,22,100,14
W,6,20,3,log,10,50,10
S,6,20,819,1228
W,7,20,1,ctrl,39,300,2
D,7,20,15,7,172
W,7,20,2,ai,33,100,14
W,7,20,3,log,16,50,10
S,7,20,849,1503
W,8,20,1,ctrl,35,300,2
D,8,20,11,2,11
W,8,20,2,ai,29,100,16
W,8,20,3,log,11,50,12
S,8,20,779,1429
W,9,20,1,ctrl,35,300,2
D,9,20,13,6,61
W,9,20,2,ai,30,100,16
W,9,20,3,log,14,50,12
S,9,20,842,1503
W,10,20,1,ctrl,36,300,1
D,10,20,12,2,11
W,10,20,2,ai,28,100,19
W,10,20,3,log,13,50,12
S,10,20,837,1426
W,11,20,1,ctrl,33,300,2
D,11,20,11,1,4
W,11,20,2,ai,27,100,19
W,11,20,3,log,11,50,12
S,11,20,800,1435
W,12,20,1,ctrl,28,300,2
D,12,20,11,3,9
W,12,20,2,ai,31,100,19
W,12,20,3,log,14,50,13
S,12,20,835,1738
W,13,20,1,ctrl,32,300,2
D,13,20,11,1,6
W,13,20,2,ai,28,100,20
W,13,20,3,log,6,50,13
S,13,20,735,1376
W,14,20,1,ctrl,29,300,1
D,14,20,12,1,9
W,14,20,2,ai,28,100,20
W,14,20,3,log,7,50,13
S,14,20,672,1470
W,15,20,1,ctrl,34,300,2
D,15,20,12,4,39
W,15,20,2,ai,29,100,20
W,15,20,3,log,13,50,15
S,15,20,832,1489
W,16,20,1,ctrl,35,300,2
D,16,20,13,4,22
W,16,20,2,ai,30,100,22
W,16,20,3,log,10,50,15
S,16,20,739,1429
W,17,20,1,ctrl,35,300,2
D,17,20,13,5,72
W,17,20,2,ai,27,100,22
W,17,20,3,log,19,50,15
S,17,20,888,1541
W,18,20,1,ctrl,32,300,1
D,18,20,13,4,42
W,18,20,2,ai,29,100,22
W,18,20,3,log,12,50,15
S,18,20,811,1520
W,19,20,1,ctrl,24,300,2
D,19,20,10,1,3
W,19,20,2,ai,23,100,24
W,19,20,3,log,14,50,15
S,19,20,883,1694
W,20,20,1,ctrl,33,300,2
D,20,20,12,2,18
W,20,20,2,ai,29,100,24
W,20,20,3,log,11,50,17
S,20,20,783,1473
W,21,20,1,ctrl,33,300,1
D,21,20,12,2,10
W,21,20,2,ai,24,100,24
W,21,20,3,log,13,50,17
S,21,20,871,1414
W,22,20,1,ctrl,28,300,2
D,22,20,11,1,8
W,22,20,2,ai,30,100,24
W,22,20,3,log,14,50,17
S,22,20,842,1716
W,23,20,1,ctrl,35,300,2
D,23,20,12,4,50
W,23,20,2,ai,25,100,25
W,23,20,3,log,13,50,17
S,23,20,865,1390
W,24,20,1,ctrl,30,300,2
D,24,20,13,4,62
W,24,20,2,ai,29,100,25
W,24,20,3,log,15,50,17
S,24,20,862,1644
W,25,20,1,ctrl,27,300,2
D,25,20,11,1,9
W,25,20,2,ai,32,100,25
W,25,20,3,log,10,50,19
S,25,20,745,1703
W,26,20,1,ctrl,31,300,2
D,26,20,13,5,82
W,26,20,2,ai,26,100,28
W,26,20,3,log,19,50,19
S,26,20,887,1636
W,27,20,1,ctrl,37,300,2
D,27,20,12,4,37
W,27,20,2,ai,31,100,28
W,27,20,3,log,12,50,19
S,27,20,788,1441
W,28,20,1,ctrl,28,300,2
D,28,20,12,4,37
W,28,20,2,ai,26,100,28
W,28,20,3,log,20,50,19
S,28,20,885,1761
W,29,20,1,ctrl,30,300,2
D,29,20,13,3,33
W,29,20,2,ai,31,100,28
W,29,20,3,log,18,50,19
S,29,20,877,1757
W,30,20,1,ctrl,19,300,1
D,30,20,6,2,9
W,30,20,2,ai,32,100,3
W,30,20,3,log,6,50,2
S,30,20,678,2000
J,1,ctrl,1,359,86,916,48,3699,57755,1,58
# done
# RUN config=heavy alpha=20 rep=1/3
# prev_baseline_reset ngroups=3
# schedlab win=100 total=3600 groups=3
W,1,20,1,ctrl,52,300,2
D,1,20,18,5,46
W,1,20,2,ai,41,100,6
W,1,20,3,log,28,50,7
S,1,20,887,1552
W,2,20,1,ctrl,29,300,2
D,2,20,11,2,24
W,2,20,2,ai,27,100,8
W,2,20,3,log,13,50,7
S,2,20,849,1585
W,3,20,1,ctrl,35,300,1
D,3,20,13,4,47
W,3,20,2,ai,30,100,11
W,3,20,3,log,12,50,7
S,3,20,797,1466
W,4,20,1,ctrl,30,300,2
D,4,20,11,1,7
W,4,20,2,ai,25,100,12
W,4,20,3,log,19,50,9
S,4,20,883,1644
W,5,20,1,ctrl,34,300,2
D,5,20,11,1,8
W,5,20,2,ai,28,100,12
W,5,20,3,log,12,50,9
S,5,20,818,1450
W,6,20,1,ctrl,31,300,2
D,6,20,12,3,20
W,6,20,2,ai,29,100,14
W,6,20,3,log,16,50,12
S,6,20,872,1636
W,7,20,1,ctrl,35,300,2
D,7,20,12,4,32
W,7,20,2,ai,26,100,14
W,7,20,3,log,15,50,12
S,7,20,880,1447
W,8,20,1,ctrl,32,300,2
D,8,20,12,3,18
W,8,20,2,ai,25,100,16
W,8,20,3,log,18,50,12
S,8,20,887,1563
W,9,20,1,ctrl,33,300,2
D,9,20,13,4,62
W,9,20,2,ai,28,100,16
W,9,20,3,log,15,50,14
S,9,20,869,1534
W,10,20,1,ctrl,32,300,2
D,10,20,12,3,20
W,10,20,2,ai,29,100,18
W,10,20,3,log,12,50,14
S,10,20,811,1520
W,11,20,1,ctrl,32,300,2
D,11,20,11,2,8
W,11,20,2,ai,24,100,18
W,11,20,3,log,16,50,14
S,11,20,888,1500
W,12,20,1,ctrl,35,300,1
D,12,20,13,3,30
W,12,20,2,ai,25,100,18
W,12,20,3,log,13,50,14
S,12,20,865,1390
W,13,20,1,ctrl,28,300,2
D,13,20,11,2,6
W,13,20,2,ai,29,100,19
W,13,20,3,log,15,50,16
S,13,20,862,1716
W,14,20,1,ctrl,34,300,2
D,14,20,11,2,18
W,14,20,2,ai,22,100,19
W,14,20,3,log,13,50,16
S,14,20,883,1353
W,15,20,1,ctrl,38,300,1
D,15,20,13,4,46
W,15,20,2,ai,28,100,19
W,15,20,3,log,16,50,16
S,15,20,880,1438
W,16,20,1,ctrl,41,300,1
D,16,20,17,10,309
W,16,20,2,ai,33,100,20
W,16,20,3,log,16,50,16
S,16,20,848,1463
W,17,20,1,ctrl,28,300,2
D,17,20,11,2,5
W,17,20,2,ai,31,100,20
W,17,20,3,log,14,50,16
S,17,20,835,1738
W,18,20,1,ctrl,37,300,2
D,18,20,13,4,62
W,18,20,2,ai,27,100,22
W,18,20,3,log,17,50,19
S,18,20,886,1460
W,19,20,1,ctrl,36,300,2
D,19,20,15,6,133
W,19,20,2,ai,28,100,22
W,19,20,3,log,15,50,19
S,19,20,868,1463
W,20,20,1,ctrl,29,300,2
D,20,20,11,2,7
W,20,20,2,ai,28,100,22
W,20,20,3,log,17,50,19
S,20,20,882,1703
W,21,20,1,ctrl,30,300,2
D,21,20,12,3,30
W,21,20,2,ai,27,100,24
W,21,20,3,log,12,50,19
S,21,20,828,1534
W,22,20,1,ctrl,39,300,2
D,22,20,13,4,70
W,22,20,2,ai,27,100,24
W,22,20,3,log,14,50,19
S,22,20,865,1367
W,23,20,1,ctrl,34,300,2
D,23,20,12,4,37
W,23,20,2,ai,25,100,24
W,23,20,3,log,17,50,21
S,23,20,887,1489
W,24,20,1,ctrl,29,300,1
D,24,20,13,2,18
W,24,20,2,ai,26,100,26
W,24,20,3,log,15,50,21
S,24,20,879,1608
W,25,20,1,ctrl,32,300,2
D,25,20,12,3,27
W,25,20,2,ai,30,100,26
W,25,20,3,log,11,50,21
S,25,20,776,1520
W,26,20,1,ctrl,38,300,2
D,26,20,14,4,80
W,26,20,2,ai,21,100,26
W,26,20,3,log,17,50,21
S,26,20,854,1332
W,27,20,1,ctrl,40,300,2
D,27,20,13,5,91
W,27,20,2,ai,28,100,26
W,27,20,3,log,13,50,21
S,27,20,835,1350
W,28,20,1,ctrl,29,300,2
D,28,20,12,3,18
W,28,20,2,ai,27,100,27
W,28,20,3,log,17,50,21
S,28,20,885,1677
W,29,20,1,ctrl,21,300,1
D,29,20,7,2,16
W,29,20,2,ai,23,100,2
W,29,20,3,log,12,50,5
S,29,20,864,1776
J,1,ctrl,1,359,97,1295,62,3936,78242,2,72
# done
# RUN config=heavy alpha=20 rep=2/3
# prev_baseline_reset ngroups=3
# schedlab win=100 total=3600 groups=3
W,1,20,1,ctrl,46,300,2
D,1,20,17,5,62
W,1,20,2,ai,41,100,8
W,1,20,3,log,25,50,6
S,1,20,884,1624
W,2,20,1,ctrl,27,300,2
D,2,20,12,2,14
W,2,20,2,ai,22,100,8
W,2,20,3,log,17,50,6
S,2,20,883,1628
W,3,20,1,ctrl,40,300,2
D,3,20,12,3,37
W,3,20,2,ai,26,100,10
W,3,20,3,log,11,50,8
S,3,20,799,1283
W,4,20,1,ctrl,36,300,1
D,4,20,14,4,60
W,4,20,2,ai,25,100,11
W,4,20,3,log,11,50,8
S,4,20,818,1332
W,5,20,1,ctrl,34,300,1
D,5,20,11,1,2
W,5,20,2,ai,17,100,11
W,5,20,3,log,12,50,10
S,5,20,868,1235
W,6,20,1,ctrl,31,300,2
D,6,20,11,2,11
W,6,20,2,ai,23,100,12
W,6,20,3,log,11,50,10
S,6,20,845,1399
W,7,20,1,ctrl,32,300,2
D,7,20,13,6,105
W,7,20,2,ai,26,100,13
W,7,20,3,log,14,50,10
S,7,20,870,1500
W,8,20,1,ctrl,37,300,1
D,8,20,14,5,74
W,8,20,2,ai,23,100,13
W,8,20,3,log,14,50,12
S,8,20,887,1332
W,9,20,1,ctrl,34,300,2
D,9,20,11,2,9
W,9,20,2,ai,23,100,15
W,9,20,3,log,16,50,12
S,9,20,887,1432
W,10,20,1,ctrl,34,300,2
D,10,20,13,4,58
W,10,20,2,ai,23,100,15
W,10,20,3,log,13,50,12
S,10,20,878,1373
W,11,20,1,ctrl,32,300,2
D,11,20,12,2,14
W,11,20,2,ai,29,100,16
W,11,20,3,log,12,50,12
S,11,20,811,1520
W,12,20,1,ctrl,35,300,2
D,12,20,11,1,8
W,12,20,2,ai,23,100,16
W,12,20,3,log,15,50,13
S,12,20,888,1390
W,13,20,1,ctrl,37,300,2
D,13,20,13,5,72
W,13,20,2,ai,26,100,16
W,13,20,3,log,13,50,13
S,13,20,857,1370
W,14,20,1,ctrl,32,300,2
D,14,20,12,2,14
W,14,20,2,ai,27,100,18
W,14,20,3,log,15,50,13
S,14,20,873,1541
W,15,20,1,ctrl,35,300,2
D,15,20,12,3,47
W,15,20,2,ai,28,100,18
W,15,20,3,log,14,50,15
S,15,20,855,1466
W,16,20,1,ctrl,31,300,2
D,16,20,12,4,41
W,16,20,2,ai,28,100,20
W,16,20,3,log,18,50,15
S,16,20,886,1656
W,17,20,1,ctrl,36,300,2
D,17,20,13,5,56
W,17,20,2,ai,29,100,20
W,17,20,3,log,13,50,15
S,17,20,829,1444
W,18,20,1,ctrl,34,300,2
D,18,20,12,3,30
W,18,20,2,ai,25,100,20
W,18,20,3,log,12,50,15
S,18,20,847,1393
W,19,20,1,ctrl,32,300,2
D,19,20,12,3,27
W,19,20,2,ai,24,100,22
W,19,20,3,log,15,50,15
S,19,20,887,1480
W,20,20,1,ctrl,28,300,2
D,20,20,12,2,16
W,20,20,2,ai,29,100,22
W,20,20,3,log,12,50,16
S,20,20,813,1644
W,21,20,1,ctrl,36,300,2
D,21,20,11,2,10
W,21,20,2,ai,24,100,22
W,21,20,3,log,13,50,16
S,21,20,874,1350
W,22,20,1,ctrl,37,300,2
D,22,20,13,5,52
W,22,20,2,ai,31,100,24
W,22,20,3,log,13,50,16
S,22,20,811,1460
W,23,20,1,ctrl,34,300,2
D,23,20,12,2,20
W,23,20,2,ai,23,100,24
W,23,20,3,log,16,50,16
S,23,20,887,1432
W,24,20,1,ctrl,35,300,2
D,24,20,12,3,18
W,24,20,2,ai,29,100,24
W,24,20,3,log,14,50,18
S,24,20,848,1486
W,25,20,1,ctrl,34,300,2
D,25,20,12,2,21
W,25,20,2,ai,19,100,24
W,25,20,3,log,17,50,18
S,25,20,830,1373
W,26,20,1,ctrl,38,300,2
D,26,20,14,5,89
W,26,20,2,ai,28,100,26
W,26,20,3,log,20,50,18
S,26,20,885,1510
W,27,20,1,ctrl,42,300,2
D,27,20,13,5,57
W,27,20,2,ai,29,100,26
W,27,20,3,log,13,50,18
S,27,20,825,1332
W,28,20,1,ctrl,36,300,2
D,28,20,12,3,48
W,28,20,2,ai,24,100,26
W,28,20,3,log,16,50,18
S,28,20,887,1408
W,29,20,1,ctrl,31,300,1
D,29,20,11,4,50
W,29,20,2,ai,27,100,15
W,29,20,3,log,10,50,13
S,29,20,776,1463
J,1,ctrl,1,359,95,1122,37,3793,63519,2,47
# done
# RUN config=heavy alpha=20 rep=3/3
# prev_baseline_reset ngroups=3
# schedlab win=100 total=3600 groups=3
W,1,20,1,ctrl,38,300,2
D,1,20,17,2,10
W,1,20,2,ai,42,100,6
W,1,20,3,log,28,50,5
S,1,20,886,1897
W,2,20,1,ctrl,33,300,2
D,2,20,12,3,16
W,2,20,2,ai,24,100,8
W,2,20,3,log,12,50,6
S,2,20,855,1393
W,3,20,1,ctrl,34,300,2
D,3,20,12,2,21
W,3,20,2,ai,23,100,10
W,3,20,3,log,11,50,6
S,3,20,844,1332
W,4,20,1,ctrl,33,300,2
D,4,20,12,2,22
W,4,20,2,ai,28,100,12
W,4,20,3,log,17,50,8
S,4,20,883,1574
W,5,20,1,ctrl,39,300,2
D,5,20,15,8,215
W,5,20,2,ai,21,100,12
W,5,20,3,log,19,50,8
S,5,20,819,1350
W,6,20,1,ctrl,30,300,2
D,6,20,12,4,20
W,6,20,2,ai,27,100,14
W,6,20,3,log,13,50,10
S,6,20,848,1556
W,7,20,1,ctrl,28,300,1
D,7,20,13,3,26
W,7,20,2,ai,23,100,14
W,7,20,3,log,14,50,10
S,7,20,883,1548
W,8,20,1,ctrl,24,300,2
D,8,20,11,0,0
W,8,20,2,ai,24,100,15
W,8,20,3,log,19,50,10
S,8,20,884,1860
W,9,20,1,ctrl,32,300,1
D,9,20,13,2,23
W,9,20,2,ai,27,100,15
W,9,20,3,log,13,50,11
S,9,20,848,1500
W,10,20,1,ctrl,31,300,2
D,10,20,10,1,4
W,10,20,2,ai,20,100,15
W,10,20,3,log,13,50,11
S,10,20,888,1376
W,11,20,1,ctrl,30,300,2
D,11,20,12,3,27
W,11,20,2,ai,27,100,17
W,11,20,3,log,15,50,11
S,11,20,874,1600
W,12,20,1,ctrl,35,300,2
D,12,20,14,4,80
W,12,20,2,ai,25,100,17
W,12,20,3,log,18,50,13
S,12,20,884,1486
W,13,20,1,ctrl,32,300,2
D,13,20,11,2,8
W,13,20,2,ai,22,100,18
W,13,20,3,log,19,50,13
S,13,20,861,1520
W,14,20,1,ctrl,32,300,2
D,14,20,13,3,45
W,14,20,2,ai,25,100,18
W,14,20,3,log,12,50,13
S,14,20,845,1438
W,15,20,1,ctrl,29,300,2
D,15,20,11,2,7
W,15,20,2,ai,25,100,18
W,15,20,3,log,17,50,13
S,15,20,888,1632
W,16,20,1,ctrl,29,300,2
D,16,20,12,3,30
W,16,20,2,ai,28,100,21
W,16,20,3,log,12,50,15
S,16,20,821,1585
W,17,20,1,ctrl,30,300,2
D,17,20,12,2,18
W,17,20,2,ai,21,100,21
W,17,20,3,log,15,50,15
S,17,20,886,1466
W,18,20,1,ctrl,30,300,2
D,18,20,11,2,16
W,18,20,2,ai,26,100,21
W,18,20,3,log,10,50,15
S,18,20,787,1466
W,19,20,1,ctrl,30,300,2
D,19,20,13,3,23
W,19,20,2,ai,28,100,21
W,19,20,3,log,17,50,15
S,19,20,883,1665
W,20,20,1,ctrl,32,300,2
D,20,20,11,1,7
W,20,20,2,ai,24,100,21
W,20,20,3,log,13,50,18
S,20,20,871,1438
W,21,20,1,ctrl,33,300,2
D,21,20,13,5,91
W,21,20,2,ai,26,100,21
W,21,20,3,log,19,50,18
S,21,20,886,1574
W,22,20,1,ctrl,35,300,2
D,22,20,14,4,81
W,22,20,2,ai,24,100,22
W,22,20,3,log,17,50,18
S,22,20,884,1447
W,23,20,1,ctrl,39,300,2
D,23,20,13,5,79
W,23,20,2,ai,31,100,22
W,23,20,3,log,9,50,18
S,23,20,674,1350
W,24,20,1,ctrl,30,300,2
D,24,20,11,2,11
W,24,20,2,ai,25,100,24
W,24,20,3,log,16,50,18
S,24,20,887,1578
W,25,20,1,ctrl,36,300,2
D,25,20,13,3,20
W,25,20,2,ai,25,100,24
W,25,20,3,log,12,50,20
S,25,20,846,1350
W,26,20,1,ctrl,37,300,2
D,26,20,12,3,36
W,26,20,2,ai,22,100,24
W,26,20,3,log,11,50,20
S,26,20,857,1261
W,27,20,1,ctrl,33,300,2
D,27,20,12,3,28
W,27,20,2,ai,26,100,24
W,27,20,3,log,14,50,20
S,27,20,870,1473
W,28,20,1,ctrl,35,300,2
D,28,20,12,3,23
W,28,20,2,ai,22,100,25
W,28,20,3,log,9,50,20
S,28,20,784,1256
W,29,20,1,ctrl,30,300,1
D,29,20,12,3,21
W,29,20,2,ai,22,100,24
W,29,20,3,log,18,50,20
S,29,20,873,1556
J,1,ctrl,1,359,83,1008,49,3860,64662,1,59
# done
# WARMUP config=heavy alpha=30
# prev_baseline_reset ngroups=3
# schedlab win=100 total=3600 groups=3
W,1,30,1,ctrl,44,300,2
D,1,30,18,4,26
W,1,30,2,ai,46,100,7
W,1,30,3,log,33,50,6
S,1,30,887,1865
W,2,30,1,ctrl,38,300,2
D,2,30,11,1,4
W,2,30,2,ai,25,100,9
W,2,30,3,log,12,50,8
S,2,30,846,1316
W,3,30,1,ctrl,30,300,2
D,3,30,13,5,85
W,3,30,2,ai,29,200,11
W,3,30,3,log,17,50,8
S,3,30,744,1383
W,4,30,1,ctrl,27,300,2
D,4,30,11,1,4
W,4,30,2,ai,36,200,13
W,4,30,3,log,4,50,8
S,4,30,781,1525
W,5,30,1,ctrl,36,300,2
D,5,30,13,8,122
W,5,30,2,ai,43,200,13
W,5,30,3,log,15,100,11
S,5,30,704,1308
W,6,30,1,ctrl,21,300,2
D,6,30,11,3,12
W,6,30,2,ai,38,200,14
W,6,30,3,log,18,100,11
S,6,30,840,1838
W,7,30,1,ctrl,36,300,2
D,7,30,14,9,158
W,7,30,2,ai,37,200,15
W,7,30,3,log,24,100,13
S,7,30,869,1347
W,8,30,1,ctrl,38,300,2
D,8,30,15,10,211
W,8,30,2,ai,36,200,17
W,8,30,3,log,18,100,13
S,8,30,857,1210
W,9,30,1,ctrl,37,300,2
D,9,30,15,11,305
W,9,30,2,ai,43,200,17
W,9,30,3,log,20,100,13
S,9,30,826,1351
W,10,30,1,ctrl,34,300,2
D,10,30,16,10,310
W,10,30,2,ai,44,200,18
W,10,30,3,log,14,100,15
S,10,30,730,1355
W,11,30,1,ctrl,34,300,1
D,11,30,14,7,131
W,11,30,2,ai,30,200,18
W,11,30,3,log,25,100,15
S,11,30,689,1308
W,12,30,1,ctrl,33,300,2
D,12,30,14,8,185
W,12,30,2,ai,42,200,21
W,12,30,3,log,23,100,15
S,12,30,879,1488
W,13,30,1,ctrl,43,300,2
D,13,30,17,14,520
W,13,30,2,ai,46,200,21
W,13,30,3,log,21,100,18
S,13,30,803,1282
W,14,30,1,ctrl,43,300,2
D,14,30,18,15,621
W,14,30,2,ai,42,200,23
W,14,30,3,log,23,100,18
S,14,30,883,1256
W,15,30,1,ctrl,36,300,1
D,15,30,15,10,213
W,15,30,2,ai,38,200,23
W,15,30,3,log,23,100,18
S,15,30,885,1347
W,16,30,1,ctrl,33,300,1
D,16,30,14,8,99
W,16,30,2,ai,35,200,26
W,16,30,3,log,19,100,20
S,16,30,883,1319
W,17,30,1,ctrl,34,300,2
D,17,30,14,8,166
W,17,30,2,ai,44,200,26
W,17,30,3,log,24,100,20
S,17,30,880,1501
W,18,30,1,ctrl,31,300,2
D,18,30,13,7,129
W,18,30,2,ai,36,200,27
W,18,30,3,log,19,100,20
S,18,30,872,1388
W,19,30,1,ctrl,30,300,2
D,19,30,13,6,102
W,19,30,2,ai,38,200,27
W,19,30,3,log,16,100,20
S,19,30,774,1400
W,20,30,1,ctrl,28,300,2
D,20,30,12,5,94
W,20,30,2,ai,36,200,27
W,20,30,3,log,13,100,21
S,20,30,676,1377
W,21,30,1,ctrl,33,300,2
D,21,30,14,9,170
W,21,30,2,ai,39,200,28
W,21,30,3,log,20,100,21
S,21,30,864,1396
W,22,30,1,ctrl,35,300,2
D,22,30,15,9,270
W,22,30,2,ai,45,200,28
W,22,30,3,log,15,100,21
S,22,30,709,1358
W,23,30,1,ctrl,43,300,2
D,23,30,17,13,464
W,23,30,2,ai,39,200,28
W,23,30,3,log,26,100,21
S,23,30,832,1256
W,24,30,1,ctrl,41,300,1
D,24,30,16,11,247
W,24,30,2,ai,29,200,31
W,24,30,3,log,20,100,24
S,24,30,791,1098
W,25,30,1,ctrl,35,300,2
D,25,30,13,6,91
W,25,30,2,ai,36,200,31
W,25,30,3,log,21,100,23
S,25,30,888,1315
J,1,ctrl,1,356,198,4739,88,7806,309674,1,98
# done
# RUN config=heavy alpha=30 rep=1/3
# prev_baseline_reset ngroups=3
# schedlab win=100 total=3600 groups=3
W,1,30,1,ctrl,43,300,2
D,1,30,17,2,4
W,1,30,2,ai,37,100,7
W,1,30,3,log,25,50,5
S,1,30,888,1628
W,2,30,1,ctrl,34,300,2
D,2,30,12,3,27
W,2,30,2,ai,29,100,10
W,2,30,3,log,11,50,7
S,2,30,781,1450
W,3,30,1,ctrl,33,300,1
D,3,30,13,3,22
W,3,30,2,ai,25,100,10
W,3,30,3,log,13,50,7
S,3,30,865,1435
W,4,30,1,ctrl,32,300,2
D,4,30,12,3,14
W,4,30,2,ai,33,200,12
W,4,30,3,log,12,50,9
S,4,30,888,1313
W,5,30,1,ctrl,45,300,2
D,5,30,18,14,481
W,5,30,2,ai,48,200,12
W,5,30,3,log,10,50,9
S,5,30,709,1250
W,6,30,1,ctrl,44,300,2
D,6,30,18,13,514
W,6,30,2,ai,48,200,13
W,6,30,3,log,12,50,9
S,6,30,796,1288
W,7,30,1,ctrl,41,300,2
D,7,30,17,12,372
W,7,30,2,ai,47,200,15
W,7,30,3,log,12,50,10
S,7,30,806,1329
W,8,30,1,ctrl,35,300,2
D,8,30,14,8,143
W,8,30,2,ai,38,200,18
W,8,30,3,log,10,50,10
S,8,30,816,1294
W,9,30,1,ctrl,41,300,1
D,9,30,17,11,310
W,9,30,2,ai,44,200,18
W,9,30,3,log,13,50,10
S,9,30,856,1303
W,10,30,1,ctrl,32,300,2
D,10,30,12,5,52
W,10,30,2,ai,41,200,18
W,10,30,3,log,9,50,10
S,10,30,747,1397
W,11,30,1,ctrl,32,300,2
D,11,30,14,8,134
W,11,30,2,ai,42,200,19
W,11,30,3,log,13,100,11
S,11,30,741,1362
W,12,30,1,ctrl,34,300,1
D,12,30,14,8,101
W,12,30,2,ai,33,200,19
W,12,30,3,log,22,100,11
S,12,30,849,1308
W,13,30,1,ctrl,31,300,2
D,13,30,13,5,36
W,13,30,2,ai,37,200,21
W,13,30,3,log,17,100,13
S,13,30,820,1373
W,14,30,1,ctrl,33,300,2
D,14,30,12,7,69
W,14,30,2,ai,44,200,21
W,14,30,3,log,16,100,13
S,14,30,694,1412
W,15,30,1,ctrl,38,300,1
D,15,30,16,12,261
W,15,30,2,ai,40,200,24
W,15,30,3,log,22,100,13
S,15,30,887,1315
W,16,30,1,ctrl,32,300,2
D,16,30,13,7,82
W,16,30,2,ai,37,200,24
W,16,30,3,log,16,100,15
S,16,30,780,1329
W,17,30,1,ctrl,34,300,2
D,17,30,13,8,120
W,17,30,2,ai,38,200,24
W,17,30,3,log,13,100,15
S,17,30,747,1250
W,18,30,1,ctrl,34,300,2
D,18,30,14,8,111
W,18,30,2,ai,35,200,26
W,18,30,3,log,17,100,15
S,18,30,840,1265
W,19,30,1,ctrl,35,300,2
D,19,30,14,9,115
W,19,30,2,ai,35,200,26
W,19,30,3,log,23,100,18
S,19,30,861,1329
W,20,30,1,ctrl,32,300,2
D,20,30,11,4,19
W,20,30,2,ai,33,200,27
W,20,30,3,log,18,100,18
S,20,30,881,1298
W,21,30,1,ctrl,34,300,2
D,21,30,15,10,203
W,21,30,2,ai,40,200,27
W,21,30,3,log,18,100,18
S,21,30,805,1355
W,22,30,1,ctrl,33,300,2
D,22,30,13,7,99
W,22,30,2,ai,39,200,27
W,22,30,3,log,18,100,20
S,22,30,822,1366
W,23,30,1,ctrl,36,300,2
D,23,30,13,7,80
W,23,30,2,ai,31,200,30
W,23,30,3,log,18,100,20
S,23,30,875,1182
W,24,30,1,ctrl,34,300,2
D,24,30,14,9,126
W,24,30,2,ai,36,200,30
W,24,30,3,log,15,100,20
S,24,30,732,1250
W,25,30,1,ctrl,36,300,1
D,25,30,15,10,168
W,25,30,2,ai,44,200,30
W,25,30,3,log,18,100,19
S,25,30,750,1362
J,1,ctrl,1,354,193,3663,77,6549,230307,2,87
# done
# RUN config=heavy alpha=30 rep=2/3
# prev_baseline_reset ngroups=3
# schedlab win=100 total=3600 groups=3
W,1,30,1,ctrl,52,300,2
D,1,30,18,4,24
W,1,30,2,ai,41,100,5
W,1,30,3,log,31,50,5
S,1,30,884,1589
W,2,30,1,ctrl,32,300,2
D,2,30,13,4,50
W,2,30,2,ai,27,100,8
W,2,30,3,log,14,50,8
S,2,30,862,1520
W,3,30,1,ctrl,36,300,2
D,3,30,12,4,40
W,3,30,2,ai,21,100,10
W,3,30,3,log,16,50,8
S,3,30,870,1350
W,4,30,1,ctrl,29,300,2
D,4,30,12,3,31
W,4,30,2,ai,32,200,12
W,4,30,3,log,12,50,10
S,4,30,890,1372
W,5,30,1,ctrl,37,300,2
D,5,30,16,10,303
W,5,30,2,ai,46,200,13
W,5,30,3,log,12,50,10
S,5,30,810,1401
W,6,30,1,ctrl,34,300,2
D,6,30,13,7,59
W,6,30,2,ai,39,200,14
W,6,30,3,log,10,50,10
S,6,30,805,1332
W,7,30,1,ctrl,36,300,2
D,7,30,13,7,77
W,7,30,2,ai,45,200,14
W,7,30,3,log,12,50,10
S,7,30,819,1408
W,8,30,1,ctrl,36,300,2
D,8,30,15,9,177
W,8,30,2,ai,35,200,15
W,8,30,3,log,13,100,12
S,8,30,760,1168
W,9,30,1,ctrl,36,300,1
D,9,30,14,7,76
W,9,30,2,ai,39,200,17
W,9,30,3,log,18,100,12
S,9,30,814,1291
W,10,30,1,ctrl,33,300,2
D,10,30,13,8,102
W,10,30,2,ai,39,200,17
W,10,30,3,log,21,100,14
S,10,30,876,1412
W,11,30,1,ctrl,38,300,2
D,11,30,14,9,135
W,11,30,2,ai,33,200,20
W,11,30,3,log,20,100,14
S,11,30,861,1199
W,12,30,1,ctrl,35,300,1
D,12,30,16,11,231
W,12,30,2,ai,40,200,20
W,12,30,3,log,18,100,14
S,12,30,803,1329
W,13,30,1,ctrl,32,300,2
D,13,30,12,6,55
W,13,30,2,ai,29,200,22
W,13,30,3,log,23,100,16
S,13,30,732,1315
W,14,30,1,ctrl,37,300,2
D,14,30,13,8,60
W,14,30,2,ai,38,200,22
W,14,30,3,log,23,100,16
S,14,30,882,1326
W,15,30,1,ctrl,33,300,2
D,15,30,14,8,143
W,15,30,2,ai,34,200,23
W,15,30,3,log,19,100,16
S,15,30,884,1305
W,16,30,1,ctrl,27,300,2
D,16,30,11,4,22
W,16,30,2,ai,29,200,23
W,16,30,3,log,20,100,16
S,16,30,856,1408
W,17,30,1,ctrl,32,300,2
D,17,30,14,9,155
W,17,30,2,ai,38,200,26
W,17,30,3,log,22,100,19
S,17,30,888,1440
W,18,30,1,ctrl,40,300,2
D,18,30,16,11,222
W,18,30,2,ai,35,200,26
W,18,30,3,log,19,100,19
S,18,30,888,1176
W,19,30,1,ctrl,35,300,2
D,19,30,13,6,43
W,19,30,2,ai,38,200,26
W,19,30,3,log,19,100,19
S,19,30,857,1315
W,20,30,1,ctrl,38,300,2
D,20,30,14,9,136
W,20,30,2,ai,37,200,28
W,20,30,3,log,16,100,19
S,20,30,737,1199
W,21,30,1,ctrl,36,300,2
D,21,30,15,10,168
W,21,30,2,ai,41,200,28
W,21,30,3,log,23,100,19
S,21,30,888,1388
W,22,30,1,ctrl,33,300,2
D,22,30,14,7,109
W,22,30,2,ai,26,200,28
W,22,30,3,log,19,100,19
S,22,30,666,1182
W,23,30,1,ctrl,29,300,2
D,23,30,10,4,10
W,23,30,2,ai,42,200,29
W,23,30,3,log,16,100,19
S,23,30,733,1501
W,24,30,1,ctrl,35,300,2
D,24,30,14,8,90
W,24,30,2,ai,37,200,29
W,24,30,3,log,14,100,20
S,24,30,694,1231
W,25,30,1,ctrl,34,300,2
D,25,30,12,5,38
W,25,30,2,ai,39,200,29
W,25,30,3,log,14,100,20
S,25,30,701,1282
W,26,30,1,ctrl,30,300,2
D,26,30,13,7,84
W,26,30,2,ai,41,200,32
W,26,30,3,log,17,100,20
S,26,30,775,1470
J,1,ctrl,1,354,185,2640,57,5522,147238,3,67
# done
# RUN config=heavy alpha=30 rep=3/3
# prev_baseline_reset ngroups=3
# schedlab win=100 total=3600 groups=3
W,1,30,1,ctrl,44,300,2
D,1,30,18,3,21
W,1,30,2,ai,50,100,7
W,1,30,3,log,26,50,6
S,1,30,862,1819
W,2,30,1,ctrl,31,300,2
D,2,30,11,2,8
W,2,30,2,ai,26,100,9
W,2,30,3,log,19,50,6
S,2,30,887,1636
W,3,30,1,ctrl,26,300,2
D,3,30,12,3,19
W,3,30,2,ai,28,200,11
W,3,30,3,log,11,50,7
S,3,30,888,1362
W,4,30,1,ctrl,29,300,2
D,4,30,12,3,29
W,4,30,2,ai,34,200,12
W,4,30,3,log,8,50,7
S,4,30,770,1335
W,5,30,1,ctrl,29,300,1
D,5,30,13,4,62
W,5,30,2,ai,39,200,15
W,5,30,3,log,12,50,7
S,5,30,855,1505
W,6,30,1,ctrl,28,300,2
D,6,30,11,1,7
W,6,30,2,ai,36,200,15
W,6,30,3,log,6,50,8
S,6,30,688,1362
W,7,30,1,ctrl,26,300,2
D,7,30,12,4,38
W,7,30,2,ai,41,200,17
W,7,30,3,log,14,50,8
S,7,30,867,1703
W,8,30,1,ctrl,35,300,1
D,8,30,14,5,62
W,8,30,2,ai,40,200,17
W,8,30,3,log,10,50,8
S,8,30,794,1326
W,9,30,1,ctrl,22,300,2
D,9,30,9,1,5
W,9,30,2,ai,40,200,19
W,9,30,3,log,9,50,10
S,9,30,765,1763
W,10,30,1,ctrl,29,300,2
D,10,30,12,3,38
W,10,30,2,ai,40,200,20
W,10,30,3,log,10,50,10
S,10,30,795,1485
W,11,30,1,ctrl,30,300,1
D,11,30,13,5,34
W,11,30,2,ai,37,200,20
W,11,30,3,log,14,50,10
S,11,30,887,1472
W,12,30,1,ctrl,22,300,1
D,12,30,11,0,0
W,12,30,2,ai,38,200,22
W,12,30,3,log,5,50,10
S,12,30,708,1612
W,13,30,1,ctrl,25,300,2
D,13,30,9,3,8
W,13,30,2,ai,41,200,22
W,13,30,3,log,13,100,12
S,13,30,673,1582
W,14,30,1,ctrl,29,300,2
D,14,30,12,5,57
W,14,30,2,ai,31,200,22
W,14,30,3,log,19,100,12
S,14,30,885,1362
W,15,30,1,ctrl,23,300,2
D,15,30,10,5,32
W,15,30,2,ai,40,200,24
W,15,30,3,log,21,100,12
S,15,30,869,1831
W,16,30,1,ctrl,34,300,1
D,16,30,13,7,99
W,16,30,2,ai,30,200,24
W,16,30,3,log,22,100,15
S,16,30,759,1265
W,17,30,1,ctrl,36,300,2
D,17,30,14,8,178
W,17,30,2,ai,34,200,27
W,17,30,3,log,20,100,15
S,17,30,884,1250
W,18,30,1,ctrl,33,300,1
D,18,30,14,7,132
W,18,30,2,ai,30,200,27
W,18,30,3,log,18,100,15
S,18,30,876,1228
W,19,30,1,ctrl,30,300,1
D,19,30,12,6,39
W,19,30,2,ai,33,200,27
W,19,30,3,log,19,100,17
S,19,30,886,1369
W,20,30,1,ctrl,27,300,2
D,20,30,11,4,28
W,20,30,2,ai,29,200,29
W,20,30,3,log,20,100,17
S,20,30,856,1408
W,21,30,1,ctrl,34,300,2
D,21,30,15,6,130
W,21,30,2,ai,39,200,29
W,21,30,3,log,16,100,17
S,21,30,739,1308
W,22,30,1,ctrl,32,300,2
D,22,30,13,5,78
W,22,30,2,ai,33,200,29
W,22,30,3,log,19,100,19
S,22,30,886,1315
W,23,30,1,ctrl,40,300,2
D,23,30,15,11,242
W,23,30,2,ai,40,200,32
W,23,30,3,log,21,100,19
S,23,30,875,1262
W,24,30,1,ctrl,28,300,2
D,24,30,10,3,26
W,24,30,2,ai,35,200,32
W,24,30,3,log,18,100,19
S,24,30,866,1449
W,25,30,1,ctrl,36,300,2
D,25,30,15,12,255
W,25,30,2,ai,36,200,32
W,25,30,3,log,25,100,19
S,25,30,841,1347
W,26,30,1,ctrl,34,300,1
D,26,30,13,7,87
W,26,30,2,ai,34,200,32
W,26,30,3,log,25,100,21
S,26,30,813,1369
W,27,30,1,ctrl,29,300,1
D,27,30,12,6,32
W,27,30,2,ai,36,200,33
W,27,30,3,log,19,100,21
S,27,30,874,1449
W,28,30,1,ctrl,34,300,1
D,28,30,14,8,81
W,28,30,2,ai,45,200,33
W,28,30,3,log,23,100,21
S,28,30,864,1501
W,29,30,1,ctrl,22,300,1
D,29,30,9,3,31
W,29,30,2,ai,31,200,15
W,29,30,3,log,19,100,14
S,29,30,887,1639
J,1,ctrl,1,359,140,1858,54,4822,107650,1,64
# done
# WARMUP config=heavy alpha=40
# prev_baseline_reset ngroups=3
# schedlab win=100 total=3600 groups=3
W,1,40,1,ctrl,47,300,2
D,1,40,17,7,69
W,1,40,2,ai,39,200,6
W,1,40,3,log,23,100,6
S,1,40,862,1160
W,2,40,1,ctrl,34,300,1
D,2,40,13,5,40
W,2,40,2,ai,33,200,8
W,2,40,3,log,16,100,6
S,2,40,836,1222
W,3,40,1,ctrl,29,300,2
D,3,40,10,4,19
W,3,40,2,ai,33,200,11
W,3,40,3,log,17,100,8
S,3,40,868,1362
W,4,40,1,ctrl,41,300,2
D,4,40,18,13,478
W,4,40,2,ai,46,200,13
W,4,40,3,log,22,100,9
S,4,40,836,1329
W,5,40,1,ctrl,45,300,2
D,5,40,20,17,807
W,5,40,2,ai,37,200,15
W,5,40,3,log,25,100,9
S,5,40,763,1190
W,6,40,1,ctrl,26,300,2
D,6,40,11,3,26
W,6,40,2,ai,38,300,17
W,6,40,3,log,16,100,11
S,6,40,891,1316
W,7,40,1,ctrl,33,300,2
D,7,40,15,10,181
W,7,40,2,ai,52,300,17
W,7,40,3,log,13,100,11
S,7,40,731,1273
W,8,40,1,ctrl,29,300,2
D,8,40,14,9,113
W,8,40,2,ai,51,300,19
W,8,40,3,log,15,100,13
S,8,40,746,1403
W,9,40,1,ctrl,35,300,2
D,9,40,16,11,294
W,9,40,2,ai,51,300,20
W,9,40,3,log,20,100,13
S,9,40,890,1296
W,10,40,1,ctrl,46,300,2
D,10,40,18,16,614
W,10,40,2,ai,51,300,20
W,10,40,3,log,19,100,13
S,10,40,860,1080
W,11,40,1,ctrl,33,300,2
D,11,40,14,10,202
W,11,40,2,ai,43,300,21
W,11,40,3,log,15,150,16
S,11,40,896,1219
W,12,40,1,ctrl,27,300,2
D,12,40,12,6,55
W,12,40,2,ai,39,300,21
W,12,40,3,log,20,150,16
S,12,40,864,1277
W,13,40,1,ctrl,36,300,2
D,13,40,15,11,309
W,13,40,2,ai,38,300,21
W,13,40,3,log,25,150,16
S,13,40,858,1101
W,14,40,1,ctrl,41,300,2
D,14,40,17,15,590
W,14,40,2,ai,52,300,24
W,14,40,3,log,25,150,18
S,14,40,795,1152
W,15,40,1,ctrl,37,300,2
D,15,40,17,15,523
W,15,40,2,ai,45,300,24
W,15,40,3,log,22,150,18
S,15,40,814,1126
W,16,40,1,ctrl,31,300,2
D,16,40,12,7,76
W,16,40,2,ai,47,300,26
W,16,40,3,log,25,150,18
S,16,40,877,1333
W,17,40,1,ctrl,40,300,2
D,17,40,17,15,617
W,17,40,2,ai,45,300,26
W,17,40,3,log,24,150,20
S,17,40,854,1092
W,18,40,1,ctrl,37,300,2
D,18,40,16,13,368
W,18,40,2,ai,42,300,27
W,18,40,3,log,24,150,20
S,18,40,775,1114
W,19,40,1,ctrl,41,300,2
D,19,40,18,15,570
W,19,40,2,ai,53,300,27
W,19,40,3,log,23,150,20
S,19,40,717,1142
W,20,40,1,ctrl,33,300,2
D,20,40,14,9,153
W,20,40,2,ai,46,300,27
W,20,40,3,log,17,150,20
S,20,40,841,1166
W,21,40,1,ctrl,36,300,2
D,21,40,15,12,264
W,21,40,2,ai,43,300,29
W,21,40,3,log,27,150,20
S,21,40,720,1179
W,22,40,1,ctrl,46,300,2
D,22,40,19,19,1496
W,22,40,2,ai,56,300,29
W,22,40,3,log,25,150,20
S,22,40,732,1104
W,23,40,1,ctrl,39,300,2
D,23,40,16,14,480
W,23,40,2,ai,41,300,32
W,23,40,3,log,21,150,20
S,23,40,834,1036
J,1,ctrl,1,354,256,8344,123,11565,643433,2,133
# done
# RUN config=heavy alpha=40 rep=1/3
# prev_baseline_reset ngroups=3
# schedlab win=100 total=3600 groups=3
W,1,40,1,ctrl,46,300,1
D,1,40,20,4,21
W,1,40,2,ai,42,200,7
W,1,40,3,log,21,50,5
S,1,40,781,1291
W,2,40,1,ctrl,28,300,2
D,2,40,11,3,11
W,2,40,2,ai,33,200,9
W,2,40,3,log,13,50,5
S,2,40,888,1441
W,3,40,1,ctrl,33,300,2
D,3,40,13,7,71
W,3,40,2,ai,37,200,11
W,3,40,3,log,15,100,8
S,3,40,725,1288
W,4,40,1,ctrl,38,300,2
D,4,40,15,11,324
W,4,40,2,ai,38,200,12
W,4,40,3,log,19,100,8
S,4,40,860,1250
W,5,40,1,ctrl,31,300,2
D,5,40,14,7,82
W,5,40,2,ai,37,200,15
W,5,40,3,log,19,100,10
S,5,40,866,1404
W,6,40,1,ctrl,34,300,2
D,6,40,13,6,63
W,6,40,2,ai,32,200,15
W,6,40,3,log,22,100,10
S,6,40,827,1295
W,7,40,1,ctrl,36,300,2
D,7,40,15,10,225
W,7,40,2,ai,47,300,17
W,7,40,3,log,16,100,13
S,7,40,840,1179
W,8,40,1,ctrl,40,300,2
D,8,40,15,13,288
W,8,40,2,ai,52,300,19
W,8,40,3,log,20,100,13
S,8,40,893,1198
W,9,40,1,ctrl,31,300,2
D,9,40,13,7,89
W,9,40,2,ai,42,300,19
W,9,40,3,log,17,100,13
S,9,40,886,1244
W,10,40,1,ctrl,34,300,2
D,10,40,14,9,144
W,10,40,2,ai,37,300,21
W,10,40,3,log,15,100,15
S,10,40,706,1083
W,11,40,1,ctrl,28,300,2
D,11,40,11,5,35
W,11,40,2,ai,49,300,21
W,11,40,3,log,15,100,15
S,11,40,775,1407
W,12,40,1,ctrl,50,300,2
D,12,40,22,21,1138
W,12,40,2,ai,56,300,24
W,12,40,3,log,21,100,15
S,12,40,860,1089
W,13,40,1,ctrl,37,300,2
D,13,40,14,11,238
W,13,40,2,ai,56,300,25
W,13,40,3,log,12,150,16
S,13,40,867,1754
W,14,40,1,ctrl,42,300,2
D,14,40,15,13,359
W,14,40,2,ai,38,300,25
W,14,40,3,log,25,150,16
S,14,40,666,1108
W,15,40,1,ctrl,41,300,2
D,15,40,16,15,479
W,15,40,2,ai,52,300,28
W,15,40,3,log,26,150,16
S,15,40,848,1162
W,16,40,1,ctrl,46,300,2
D,16,40,19,17,754
W,16,40,2,ai,55,300,28
W,16,40,3,log,26,150,18
S,16,40,735,1104
W,17,40,1,ctrl,29,300,2
D,17,40,12,9,152
W,17,40,2,ai,39,300,28
W,17,40,3,log,23,150,18
S,17,40,856,1257
W,18,40,1,ctrl,32,300,2
D,18,40,13,9,112
W,18,40,2,ai,38,300,29
W,18,40,3,log,26,150,18
S,18,40,713,1201
W,19,40,1,ctrl,43,300,2
D,19,40,21,20,993
W,19,40,2,ai,58,300,29
W,19,40,3,log,21,150,21
S,19,40,872,1162
W,20,40,1,ctrl,38,300,2
D,20,40,13,11,178
W,20,40,2,ai,35,300,32
W,20,40,3,log,29,150,21
S,20,40,858,1166
W,21,40,1,ctrl,47,300,2
D,21,40,18,16,618
W,21,40,2,ai,52,300,32
W,21,40,3,log,23,150,21
S,21,40,896,1063
W,22,40,1,ctrl,42,300,2
D,22,40,16,13,313
W,22,40,2,ai,43,300,32
W,22,40,3,log,21,150,21
S,22,40,896,1010
W,23,40,1,ctrl,29,300,2
D,23,40,11,7,54
W,23,40,2,ai,39,300,32
W,23,40,3,log,28,150,23
S,23,40,707,1324
W,24,40,1,ctrl,38,300,1
D,24,40,15,15,519
W,24,40,2,ai,37,300,18
W,24,40,3,log,22,100,15
S,24,40,884,1123
J,1,ctrl,1,359,259,7260,108,10534,528168,1,118
# done
# RUN config=heavy alpha=40 rep=2/3
# prev_baseline_reset ngroups=3
# schedlab win=100 total=3600 groups=3
W,1,40,1,ctrl,38,300,2
D,1,40,17,2,6
W,1,40,2,ai,49,200,6
W,1,40,3,log,26,100,6
S,1,40,874,1488
W,2,40,1,ctrl,25,300,2
D,2,40,11,2,8
W,2,40,2,ai,28,200,9
W,2,40,3,log,23,100,8
S,2,40,795,1524
W,3,40,1,ctrl,44,300,2
D,3,40,18,15,527
W,3,40,2,ai,38,200,11
W,3,40,3,log,17,100,8
S,3,40,725,1126
W,4,40,1,ctrl,32,300,2
D,4,40,14,8,150
W,4,40,2,ai,39,200,12
W,4,40,3,log,20,100,9
S,4,40,863,1424
W,5,40,1,ctrl,34,300,2
D,5,40,14,9,227
W,5,40,2,ai,38,200,12
W,5,40,3,log,21,100,11
S,5,40,882,1369
W,6,40,1,ctrl,33,300,2
D,6,40,14,9,133
W,6,40,2,ai,38,200,14
W,6,40,3,log,19,100,11
S,6,40,858,1366
W,7,40,1,ctrl,28,300,2
D,7,40,12,4,63
W,7,40,2,ai,36,200,14
W,7,40,3,log,14,100,11
S,7,40,727,1396
W,8,40,1,ctrl,37,300,2
D,8,40,12,6,41
W,8,40,2,ai,32,200,14
W,8,40,3,log,19,100,13
S,8,40,868,1190
W,9,40,1,ctrl,32,300,2
D,9,40,14,8,156
W,9,40,2,ai,49,300,17
W,9,40,3,log,12,100,13
S,9,40,753,1244
W,10,40,1,ctrl,28,300,2
D,10,40,12,6,83
W,10,40,2,ai,54,300,19
W,10,40,3,log,8,100,13
S,10,40,849,1613
W,11,40,1,ctrl,41,300,2
D,11,40,17,13,347
W,11,40,2,ai,45,300,19
W,11,40,3,log,21,150,16
S,11,40,794,1044
W,12,40,1,ctrl,30,300,2
D,12,40,12,8,69
W,12,40,2,ai,47,300,22
W,12,40,3,log,22,150,16
S,12,40,807,1320
W,13,40,1,ctrl,43,300,1
D,13,40,20,17,758
W,13,40,2,ai,45,300,22
W,13,40,3,log,21,150,16
S,13,40,923,1041
W,14,40,1,ctrl,25,300,2
D,14,40,10,4,18
W,14,40,2,ai,36,300,24
W,14,40,3,log,23,150,18
S,14,40,829,1346
W,15,40,1,ctrl,36,300,2
D,15,40,13,8,189
W,15,40,2,ai,39,300,24
W,15,40,3,log,21,150,18
S,15,40,812,1066
W,16,40,1,ctrl,38,300,2
D,16,40,16,14,481
W,16,40,2,ai,53,300,27
W,16,40,3,log,21,150,18
S,16,40,781,1179
W,17,40,1,ctrl,32,300,2
D,17,40,14,9,178
W,17,40,2,ai,37,300,27
W,17,40,3,log,30,150,21
S,17,40,827,1238
W,18,40,1,ctrl,47,300,2
D,18,40,21,20,1036
W,18,40,2,ai,52,300,29
W,18,40,3,log,21,150,21
S,18,40,833,1142
W,19,40,1,ctrl,30,300,2
D,19,40,12,10,235
W,19,40,2,ai,40,300,29
W,19,40,3,log,26,150,21
S,19,40,782,1282
W,20,40,1,ctrl,38,300,2
D,20,40,16,13,316
W,20,40,2,ai,48,300,31
W,20,40,3,log,28,150,21
S,20,40,847,1201
W,21,40,1,ctrl,39,300,2
D,21,40,16,12,346
W,21,40,2,ai,53,300,31
W,21,40,3,log,28,150,21
S,21,40,881,1230
W,22,40,1,ctrl,43,300,2
D,22,40,16,16,1980
W,22,40,2,ai,51,300,31
W,22,40,3,log,26,150,21
S,22,40,868,1117
W,23,40,1,ctrl,38,300,2
D,23,40,16,16,1208
W,23,40,2,ai,57,400,34
W,23,40,3,log,25,150,21
S,23,40,757,1113
W,24,40,1,ctrl,17,300,1
D,24,40,4,4,732
W,24,40,2,ai,55,100,3
W,24,40,3,log,16,50,1
S,24,40,762,3450
J,1,ctrl,1,341,233,9287,189,12381,947327,1,199
# done
# RUN config=heavy alpha=40 rep=3/3
# prev_baseline_reset ngroups=3
# schedlab win=100 total=3600 groups=3
W,1,40,1,ctrl,45,300,2
D,1,40,17,5,10
W,1,40,2,ai,35,100,5
W,1,40,3,log,26,50,5
S,1,40,885,1570
W,2,40,1,ctrl,32,300,2
D,2,40,12,2,21
W,2,40,2,ai,23,200,6
W,2,40,3,log,9,100,7
S,2,40,666,1185
W,3,40,1,ctrl,37,300,2
D,3,40,13,6,48
W,3,40,2,ai,35,200,8
W,3,40,3,log,12,100,7
S,3,40,840,1169
W,4,40,1,ctrl,30,300,2
D,4,40,13,6,61
W,4,40,2,ai,34,200,9
W,4,40,3,log,14,100,9
S,4,40,740,1302
W,5,40,1,ctrl,36,300,2
D,5,40,16,9,185
W,5,40,2,ai,37,200,12
W,5,40,3,log,14,100,11
S,5,40,709,1210
W,6,40,1,ctrl,35,300,2
D,6,40,12,6,54
W,6,40,2,ai,32,200,13
W,6,40,3,log,17,100,11
S,6,40,880,1201
W,7,40,1,ctrl,43,300,1
D,7,40,18,14,478
W,7,40,2,ai,33,200,13
W,7,40,3,log,20,100,11
S,7,40,786,1118
W,8,40,1,ctrl,34,300,2
D,8,40,14,9,143
W,8,40,2,ai,40,300,16
W,8,40,3,log,15,100,11
S,8,40,891,1120
W,9,40,1,ctrl,38,300,2
D,9,40,13,10,146
W,9,40,2,ai,46,300,18
W,9,40,3,log,13,100,11
S,9,40,777,1094
W,10,40,1,ctrl,31,300,2
D,10,40,13,8,96
W,10,40,2,ai,37,300,18
W,10,40,3,log,12,100,12
S,10,40,791,1105
W,11,40,1,ctrl,29,300,2
D,11,40,12,5,27
W,11,40,2,ai,37,300,21
W,11,40,3,log,5,100,12
S,11,40,801,2028
W,12,40,1,ctrl,35,300,1
D,12,40,13,7,95
W,12,40,2,ai,42,300,21
W,12,40,3,log,9,100,12
S,12,40,868,1365
W,13,40,1,ctrl,37,300,2
D,13,40,13,7,115
W,13,40,2,ai,37,300,22
W,13,40,3,log,12,100,12
S,13,40,960,1021
W,14,40,1,ctrl,45,300,2
D,14,40,13,12,230
W,14,40,2,ai,46,300,22
W,14,40,3,log,15,100,15
S,14,40,793,1009
W,15,40,1,ctrl,42,300,2
D,15,40,17,15,460
W,15,40,2,ai,56,300,24
W,15,40,3,log,21,100,15
S,15,40,885,1215
W,16,40,1,ctrl,38,300,2
D,16,40,15,11,262
W,16,40,2,ai,48,300,24
W,16,40,3,log,17,100,15
S,16,40,875,1163
W,17,40,1,ctrl,35,300,2
D,17,40,15,11,178
W,17,40,2,ai,50,300,27
W,17,40,3,log,14,100,15
S,17,40,675,1212
W,18,40,1,ctrl,34,300,2
D,18,40,13,8,89
W,18,40,2,ai,51,300,27
W,18,40,3,log,22,150,17
S,18,40,706,1261
W,19,40,1,ctrl,48,300,2
D,19,40,20,20,1461
W,19,40,2,ai,55,300,29
W,19,40,3,log,26,150,17
S,19,40,690,1075
W,20,40,1,ctrl,47,300,2
D,20,40,20,20,2073
W,20,40,2,ai,58,300,29
W,20,40,3,log,28,150,20
S,20,40,799,1133
W,21,40,1,ctrl,47,300,2
D,21,40,19,19,2430
W,21,40,2,ai,63,300,31
W,21,40,3,log,34,150,20
S,21,40,884,1226
W,22,40,1,ctrl,47,300,2
D,22,40,20,20,3928
W,22,40,2,ai,54,300,31
W,22,40,3,log,29,150,20
S,22,40,868,1108
W,23,40,1,ctrl,43,300,1
D,23,40,19,19,2378
W,23,40,2,ai,44,300,31
W,23,40,3,log,21,150,20
S,23,40,842,1030
J,1,ctrl,1,350,249,14968,245,18032,2194308,2,255
# done
# WARMUP config=heavy alpha=50
# prev_baseline_reset ngroups=3
# schedlab win=100 total=3600 groups=3
W,1,50,1,ctrl,47,300,2
D,1,50,17,4,11
W,1,50,2,ai,47,200,7
W,1,50,3,log,23,100,5
S,1,50,844,1246
W,2,50,1,ctrl,42,300,2
D,2,50,15,14,405
W,2,50,2,ai,55,300,12
W,2,50,3,log,15,100,7
S,2,50,759,1141
W,3,50,1,ctrl,45,300,2
D,3,50,16,13,320
W,3,50,2,ai,40,300,14
W,3,50,3,log,14,100,7
S,3,50,691,1059
W,4,50,1,ctrl,37,300,2
D,4,50,14,11,209
W,4,50,2,ai,42,300,14
W,4,50,3,log,17,150,10
S,4,50,883,1129
W,5,50,1,ctrl,35,300,2
D,5,50,14,9,125
W,5,50,2,ai,44,400,16
W,5,50,3,log,12,150,10
S,5,50,839,1343
W,6,50,1,ctrl,36,300,2
D,6,50,15,11,273
W,6,50,2,ai,46,400,19
W,6,50,3,log,19,150,12
S,6,50,832,1032
W,7,50,1,ctrl,41,300,2
D,7,50,17,17,797
W,7,50,2,ai,58,400,19
W,7,50,3,log,26,150,12
S,7,50,783,1073
W,8,50,1,ctrl,35,300,2
D,8,50,15,14,383
W,8,50,2,ai,62,400,19
W,8,50,3,log,24,150,15
S,8,50,864,1217
W,9,50,1,ctrl,44,300,2
D,9,50,18,18,2570
W,9,50,2,ai,63,400,20
W,9,50,3,log,24,150,15
S,9,50,879,1050
W,10,50,1,ctrl,39,300,2
D,10,50,19,19,1817
W,10,50,2,ai,47,400,22
W,10,50,3,log,20,150,15
S,10,50,885,1060
W,11,50,1,ctrl,40,300,2
D,11,50,18,18,888
W,11,50,2,ai,64,400,23
W,11,50,3,log,36,200,17
S,11,50,830,1168
W,12,50,1,ctrl,41,300,2
D,12,50,17,17,1378
W,12,50,2,ai,48,400,23
W,12,50,3,log,28,200,17
S,12,50,888,1082
W,13,50,1,ctrl,36,300,2
D,13,50,13,13,1013
W,13,50,2,ai,53,500,25
W,13,50,3,log,23,200,20
S,13,50,783,1057
W,14,50,1,ctrl,37,300,2
D,14,50,13,13,1370
W,14,50,2,ai,63,500,25
W,14,50,3,log,24,200,20
S,14,50,823,1036
W,15,50,1,ctrl,35,300,2
D,15,50,13,13,1654
W,15,50,2,ai,61,500,28
W,15,50,3,log,29,200,20
S,15,50,870,1071
W,16,50,1,ctrl,35,300,2
D,16,50,15,15,1951
W,16,50,2,ai,53,500,28
W,16,50,3,log,21,200,20
S,16,50,879,1041
W,17,50,1,ctrl,34,300,2
D,17,50,14,14,1613
W,17,50,2,ai,59,500,30
W,17,50,3,log,23,200,22
S,17,50,823,1023
W,18,50,1,ctrl,37,300,2
D,18,50,14,14,2756
W,18,50,2,ai,65,500,30
W,18,50,3,log,25,200,22
S,18,50,880,1030
W,19,50,1,ctrl,34,300,2
D,19,50,13,13,2492
W,19,50,2,ai,57,500,33
W,19,50,3,log,20,200,22
S,19,50,838,1111
W,20,50,1,ctrl,37,300,2
D,20,50,15,15,3951
W,20,50,2,ai,66,500,33
W,20,50,3,log,31,200,22
S,20,50,826,1086
W,21,50,1,ctrl,29,300,2
D,21,50,12,12,3054
W,21,50,2,ai,50,500,33
W,21,50,3,log,25,250,25
S,21,50,816,1025
W,22,50,1,ctrl,35,300,2
D,22,50,15,15,3818
W,22,50,2,ai,57,500,32
W,22,50,3,log,23,250,25
S,22,50,888,1190
J,1,ctrl,1,332,302,32848,286,36062,6233596,3,296
# done
# RUN config=heavy alpha=50 rep=1/3
# prev_baseline_reset ngroups=3
# schedlab win=100 total=3600 groups=3
W,1,50,1,ctrl,50,300,2
D,1,50,19,5,21
W,1,50,2,ai,51,200,8
W,1,50,3,log,21,100,5
S,1,50,710,1222
W,2,50,1,ctrl,30,300,2
D,2,50,12,4,17
W,2,50,2,ai,35,300,10
W,2,50,3,log,14,100,7
S,2,50,848,1129
W,3,50,1,ctrl,33,300,2
D,3,50,14,6,69
W,3,50,2,ai,41,300,11
W,3,50,3,log,13,100,7
S,3,50,759,1129
W,4,50,1,ctrl,34,300,2
D,4,50,13,9,172
W,4,50,2,ai,35,300,13
W,4,50,3,log,21,150,9
S,4,50,874,1061
W,5,50,1,ctrl,30,300,2
D,5,50,14,11,201
W,5,50,2,ai,58,400,16
W,5,50,3,log,27,150,10
S,5,50,869,1353
W,6,50,1,ctrl,42,300,2
D,6,50,18,18,1663
W,6,50,2,ai,62,400,18
W,6,50,3,log,21,150,10
S,6,50,836,1047
W,7,50,1,ctrl,36,300,2
D,7,50,17,16,623
W,7,50,2,ai,54,400,21
W,7,50,3,log,18,150,13
S,7,50,852,1060
W,8,50,1,ctrl,43,300,2
D,8,50,18,17,632
W,8,50,2,ai,55,400,21
W,8,50,3,log,24,150,13
S,8,50,666,1044
W,9,50,1,ctrl,42,300,2
D,9,50,18,18,1680
W,9,50,2,ai,79,400,21
W,9,50,3,log,31,150,15
S,9,50,864,1275
W,10,50,1,ctrl,42,300,2
D,10,50,17,17,1680
W,10,50,2,ai,64,400,24
W,10,50,3,log,18,150,15
S,10,50,843,1213
W,11,50,1,ctrl,43,300,2
D,11,50,17,17,3166
W,11,50,2,ai,84,500,26
W,11,50,3,log,26,200,18
S,11,50,877,1183
W,12,50,1,ctrl,36,300,2
D,12,50,13,13,3055
W,12,50,2,ai,51,500,26
W,12,50,3,log,21,200,18
S,12,50,783,1059
W,13,50,1,ctrl,34,300,2
D,13,50,14,14,3037
W,13,50,2,ai,55,500,29
W,13,50,3,log,21,200,18
S,13,50,664,1052
W,14,50,1,ctrl,35,300,2
D,14,50,12,12,2947
W,14,50,2,ai,59,500,29
W,14,50,3,log,24,200,18
S,14,50,653,1013
W,15,50,1,ctrl,36,300,2
D,15,50,14,14,4137
W,15,50,2,ai,75,500,31
W,15,50,3,log,25,200,20
S,15,50,861,1136
W,16,50,1,ctrl,37,300,2
D,16,50,13,13,4824
W,16,50,2,ai,75,500,31
W,16,50,3,log,30,200,20
S,16,50,830,1153
W,17,50,1,ctrl,36,300,2
D,17,50,12,12,5345
W,17,50,2,ai,62,500,34
W,17,50,3,log,21,200,20
S,17,50,721,1136
W,18,50,1,ctrl,35,300,2
D,18,50,11,11,5358
W,18,50,2,ai,53,500,34
W,18,50,3,log,25,200,22
S,18,50,836,1066
W,19,50,1,ctrl,34,300,2
D,19,50,10,10,5409
W,19,50,2,ai,60,500,34
W,19,50,3,log,22,200,22
S,19,50,889,1058
W,20,50,1,ctrl,32,300,2
D,20,50,10,10,6450
W,20,50,2,ai,69,600,36
W,20,50,3,log,23,200,22
S,20,50,841,1054
W,21,50,1,ctrl,11,300,1
D,21,50,3,3,2007
W,21,50,2,ai,48,100,3
W,21,50,3,log,14,50,2
S,21,50,767,4440
J,1,ctrl,1,289,250,52493,695,55240,20803690,2,705
# done
# RUN config=heavy alpha=50 rep=2/3
# prev_baseline_reset ngroups=3
# schedlab win=100 total=3600 groups=3
W,1,50,1,ctrl,41,300,2
D,1,50,18,2,3
W,1,50,2,ai,41,200,8
W,1,50,3,log,25,100,5
S,1,50,882,1305
W,2,50,1,ctrl,27,300,2
D,2,50,11,4,17
W,2,50,2,ai,31,300,9
W,2,50,3,log,20,100,8
S,2,50,830,1236
W,3,50,1,ctrl,30,300,2
D,3,50,13,8,87
W,3,50,2,ai,47,300,10
W,3,50,3,log,14,100,8
S,3,50,739,1300
W,4,50,1,ctrl,25,300,2
D,4,50,10,3,15
W,4,50,2,ai,36,300,13
W,4,50,3,log,19,150,9
S,4,50,879,1282
W,5,50,1,ctrl,36,300,2
D,5,50,15,12,257
W,5,50,2,ai,36,300,13
W,5,50,3,log,24,150,9
S,5,50,888,1066
W,6,50,1,ctrl,37,300,2
D,6,50,16,13,434
W,6,50,2,ai,34,300,14
W,6,50,3,log,23,150,12
S,6,50,770,1108
W,7,50,1,ctrl,29,300,2
D,7,50,11,5,28
W,7,50,2,ai,38,300,14
W,7,50,3,log,26,150,12
S,7,50,725,1286
W,8,50,1,ctrl,42,300,2
D,8,50,17,16,583
W,8,50,2,ai,42,300,14
W,8,50,3,log,21,150,14
S,8,50,1000,1000
W,9,50,1,ctrl,31,300,2
D,9,50,13,9,95
W,9,50,2,ai,47,400,17
W,9,50,3,log,13,150,14
S,9,50,825,1239
W,10,50,1,ctrl,26,300,2
D,10,50,11,7,37
W,10,50,2,ai,43,400,19
W,10,50,3,log,13,150,14
S,10,50,854,1113
W,11,50,1,ctrl,41,300,2
D,11,50,15,15,671
W,11,50,2,ai,62,400,19
W,11,50,3,log,26,200,17
S,11,50,891,1104
W,12,50,1,ctrl,36,300,2
D,12,50,16,15,580
W,12,50,2,ai,57,400,22
W,12,50,3,log,23,200,17
S,12,50,888,1121
W,13,50,1,ctrl,37,300,2
D,13,50,15,15,1175
W,13,50,2,ai,72,400,24
W,13,50,3,log,30,200,19
S,13,50,730,1251
W,14,50,1,ctrl,37,300,2
D,14,50,15,15,2443
W,14,50,2,ai,53,400,24
W,14,50,3,log,25,200,19
S,14,50,854,1037
W,15,50,1,ctrl,35,300,2
D,15,50,14,14,2430
W,15,50,2,ai,56,500,27
W,15,50,3,log,26,200,19
S,15,50,696,1046
W,16,50,1,ctrl,33,300,2
D,16,50,15,15,2159
W,16,50,2,ai,57,500,27
W,16,50,3,log,21,200,22
S,16,50,812,1058
W,17,50,1,ctrl,34,300,2
D,17,50,15,15,1946
W,17,50,2,ai,56,500,29
W,17,50,3,log,21,200,22
S,17,50,849,1058
W,18,50,1,ctrl,37,300,2
D,18,50,13,13,1886
W,18,50,2,ai,64,500,29
W,18,50,3,log,26,200,22
S,18,50,805,1030
W,19,50,1,ctrl,36,300,2
D,19,50,13,13,2615
W,19,50,2,ai,67,500,32
W,19,50,3,log,27,200,22
S,19,50,829,1086
W,20,50,1,ctrl,35,300,2
D,20,50,16,16,4004
W,20,50,2,ai,67,500,32
W,20,50,3,log,26,200,24
S,20,50,739,1098
W,21,50,1,ctrl,36,300,2
D,21,50,14,14,4489
W,21,50,2,ai,60,500,33
W,21,50,3,log,20,200,24
S,21,50,859,1162
W,22,50,1,ctrl,35,300,2
D,22,50,14,14,4267
W,22,50,2,ai,65,500,33
W,22,50,3,log,26,200,24
S,22,50,816,1083
W,23,50,1,ctrl,35,300,2
D,23,50,16,16,5268
W,23,50,2,ai,60,500,33
W,23,50,3,log,22,200,23
S,23,50,720,1063
J,1,ctrl,1,326,269,35489,360,38519,8650471,2,370
# done
# RUN config=heavy alpha=50 rep=3/3
# prev_baseline_reset ngroups=3
# schedlab win=100 total=3600 groups=3
W,1,50,1,ctrl,47,300,1
D,1,50,17,4,7
W,1,50,2,ai,33,200,5
W,1,50,3,log,23,100,5
S,1,50,809,1096
W,2,50,1,ctrl,36,300,2
D,2,50,13,6,92
W,2,50,2,ai,30,200,8
W,2,50,3,log,16,100,6
S,2,50,888,1138
W,3,50,1,ctrl,30,300,2
D,3,50,12,6,70
W,3,50,2,ai,36,300,10
W,3,50,3,log,15,100,6
S,3,50,834,1156
W,4,50,1,ctrl,42,300,2
D,4,50,15,12,294
W,4,50,2,ai,38,300,12
W,4,50,3,log,20,150,9
S,4,50,666,1052
W,5,50,1,ctrl,32,300,2
D,5,50,13,10,160
W,5,50,2,ai,34,300,14
W,5,50,3,log,20,150,9
S,5,50,768,1075
W,6,50,1,ctrl,36,300,2
D,6,50,13,11,208
W,6,50,2,ai,39,400,17
W,6,50,3,log,24,150,11
S,6,50,759,1195
W,7,50,1,ctrl,35,300,2
D,7,50,11,8,67
W,7,50,2,ai,47,400,17
W,7,50,3,log,16,150,11
S,7,50,883,1079
W,8,50,1,ctrl,39,300,2
D,8,50,18,17,705
W,8,50,2,ai,57,400,19
W,8,50,3,log,22,150,12
S,8,50,896,1066
W,9,50,1,ctrl,24,300,2
D,9,50,11,6,41
W,9,50,2,ai,47,400,21
W,9,50,3,log,19,150,12
S,9,50,880,1323
W,10,50,1,ctrl,37,300,2
D,10,50,16,13,361
W,10,50,2,ai,44,400,21
W,10,50,3,log,16,150,12
S,10,50,880,1073
W,11,50,1,ctrl,34,300,2
D,11,50,14,11,272
W,11,50,2,ai,57,400,24
W,11,50,3,log,18,150,15
S,11,50,800,1131
W,12,50,1,ctrl,30,300,2
D,12,50,13,8,109
W,12,50,2,ai,45,400,24
W,12,50,3,log,17,150,15
S,12,50,850,1079
W,13,50,1,ctrl,32,300,2
D,13,50,14,11,184
W,13,50,2,ai,46,500,26
W,13,50,3,log,10,150,15
S,13,50,721,1389
W,14,50,1,ctrl,31,300,2
D,14,50,12,10,149
W,14,50,2,ai,55,500,26
W,14,50,3,log,11,150,15
S,14,50,726,1389
W,15,50,1,ctrl,29,300,2
D,15,50,11,9,76
W,15,50,2,ai,61,500,28
W,15,50,3,log,16,150,15
S,15,50,759,1153
W,16,50,1,ctrl,36,300,2
D,16,50,15,15,824
W,16,50,2,ai,61,500,28
W,16,50,3,log,15,150,15
S,16,50,820,1180
W,17,50,1,ctrl,33,300,2
D,17,50,13,13,329
W,17,50,2,ai,63,500,31
W,17,50,3,log,18,150,15
S,17,50,666,1089
W,18,50,1,ctrl,38,300,2
D,18,50,17,16,566
W,18,50,2,ai,64,500,31
W,18,50,3,log,19,200,18
S,18,50,851,1273
W,19,50,1,ctrl,37,300,2
D,19,50,15,15,1172
W,19,50,2,ai,64,500,33
W,19,50,3,log,26,200,18
S,19,50,805,1030
W,20,50,1,ctrl,35,300,2
D,20,50,16,16,1133
W,20,50,2,ai,61,500,33
W,20,50,3,log,20,200,18
S,20,50,689,1162
W,21,50,1,ctrl,34,300,2
D,21,50,16,16,791
W,21,50,2,ai,56,500,33
W,21,50,3,log,21,200,18
S,21,50,849,1058
W,22,50,1,ctrl,37,300,2
D,22,50,15,15,1033
W,22,50,2,ai,71,500,34
W,22,50,3,log,33,200,18
S,22,50,718,1145
W,23,50,1,ctrl,35,300,2
D,23,50,16,16,1714
W,23,50,2,ai,75,500,35
W,23,50,3,log,26,200,18
S,23,50,780,1167
W,24,50,1,ctrl,39,300,2
D,24,50,14,14,2698
W,24,50,2,ai,60,500,33
W,24,50,3,log,24,200,20
S,24,50,845,1026
J,1,ctrl,1,340,278,13055,215,16227,1483717,2,225
# done
# WARMUP config=heavy alpha=60
# prev_baseline_reset ngroups=3
# schedlab win=100 total=3600 groups=3
W,1,60,1,ctrl,40,300,1
D,1,60,17,3,6
W,1,60,2,ai,41,300,8
W,1,60,3,log,19,100,5
S,1,60,863,1070
W,2,60,1,ctrl,28,300,2
D,2,60,11,6,24
W,2,60,2,ai,47,300,10
W,2,60,3,log,22,150,8
S,2,60,810,1388
W,3,60,1,ctrl,43,300,2
D,3,60,18,16,573
W,3,60,2,ai,47,400,13
W,3,60,3,log,16,150,8
S,3,60,888,1173
W,4,60,1,ctrl,24,300,2
D,4,60,11,6,38
W,4,60,2,ai,45,500,15
W,4,60,3,log,13,150,10
S,4,60,695,1078
W,5,60,1,ctrl,34,300,2
D,5,60,15,15,637
W,5,60,2,ai,80,500,18
W,5,60,3,log,20,150,10
S,5,60,740,1245
W,6,60,1,ctrl,35,300,2
D,6,60,13,13,520
W,6,60,2,ai,60,500,18
W,6,60,3,log,20,200,13
S,6,60,759,1156
W,7,60,1,ctrl,36,300,2
D,7,60,14,14,671
W,7,60,2,ai,52,500,18
W,7,60,3,log,26,200,13
S,7,60,856,1096
W,8,60,1,ctrl,27,300,2
D,8,60,10,10,716
W,8,60,2,ai,66,600,21
W,8,60,3,log,23,200,13
S,8,60,882,1172
W,9,60,1,ctrl,30,300,2
D,9,60,13,13,1536
W,9,60,2,ai,61,600,23
W,9,60,3,log,21,250,15
S,9,60,811,1160
W,10,60,1,ctrl,30,300,2
D,10,60,13,13,1843
W,10,60,2,ai,52,600,23
W,10,60,3,log,25,250,15
S,10,60,885,1074
W,11,60,1,ctrl,24,300,2
D,11,60,9,9,1292
W,11,60,2,ai,55,700,26
W,11,60,3,log,25,250,15
S,11,60,822,1060
W,12,60,1,ctrl,27,300,2
D,12,60,9,9,1729
W,12,60,2,ai,68,700,26
W,12,60,3,log,23,250,18
S,12,60,883,1052
W,13,60,1,ctrl,25,300,2
D,13,60,10,10,2364
W,13,60,2,ai,68,700,28
W,13,60,3,log,23,250,18
S,13,60,717,1116
W,14,60,1,ctrl,26,300,2
D,14,60,10,10,3132
W,14,60,2,ai,74,700,28
W,14,60,3,log,23,250,18
S,14,60,865,1137
W,15,60,1,ctrl,25,300,2
D,15,60,11,11,3959
W,15,60,2,ai,76,700,31
W,15,60,3,log,27,300,20
S,15,60,867,1179
W,16,60,1,ctrl,25,300,2
D,16,60,11,11,5077
W,16,60,2,ai,75,700,31
W,16,60,3,log,32,300,20
S,16,60,842,1216
W,17,60,1,ctrl,25,300,2
D,17,60,11,11,5542
W,17,60,2,ai,65,700,31
W,17,60,3,log,29,300,20
S,17,60,885,1095
W,18,60,1,ctrl,26,300,2
D,18,60,10,10,5481
W,18,60,2,ai,67,700,31
W,18,60,3,log,21,300,23
S,18,60,693,1250
W,19,60,1,ctrl,26,300,2
D,19,60,8,8,4517
W,19,60,2,ai,70,800,34
W,19,60,3,log,29,300,23
S,19,60,848,1028
W,20,60,1,ctrl,24,300,2
D,20,60,10,10,6743
W,20,60,2,ai,74,800,34
W,20,60,3,log,28,300,23
S,20,60,857,1126
W,21,60,1,ctrl,27,300,2
D,21,60,11,11,8359
W,21,60,2,ai,77,800,36
W,21,60,3,log,24,300,23
S,21,60,754,1144
W,22,60,1,ctrl,27,300,2
D,22,60,11,11,9046
W,22,60,2,ai,73,800,36
W,22,60,3,log,24,300,25
S,22,60,758,1108
W,23,60,1,ctrl,25,300,2
D,23,60,10,10,8393
W,23,60,2,ai,62,900,39
W,23,60,3,log,25,300,25
S,23,60,882,1084
W,24,60,1,ctrl,5,300,1
D,24,60,1,1,909
W,24,60,2,ai,68,100,2
W,24,60,3,log,13,50,1
S,24,60,710,11482
J,1,ctrl,1,267,241,73107,909,75667,42494661,1,919
# done
# RUN config=heavy alpha=60 rep=1/3
# prev_baseline_reset ngroups=3
# schedlab win=100 total=3600 groups=3
W,1,60,1,ctrl,40,300,2
D,1,60,17,2,7
W,1,60,2,ai,29,200,4
W,1,60,3,log,28,100,5
S,1,60,838,1213
W,2,60,1,ctrl,38,300,2
D,2,60,16,11,316
W,2,60,2,ai,34,300,7
W,2,60,3,log,19,150,7
S,2,60,833,1072
W,3,60,1,ctrl,29,300,2
D,3,60,13,7,43
W,3,60,2,ai,35,300,10
W,3,60,3,log,19,150,10
S,3,60,871,1146
W,4,60,1,ctrl,26,300,2
D,4,60,11,5,29
W,4,60,2,ai,39,300,10
W,4,60,3,log,22,150,10
S,4,60,882,1342
W,5,60,1,ctrl,33,300,2
D,5,60,17,13,366
W,5,60,2,ai,48,400,11
W,5,60,3,log,13,150,10
S,5,60,683,1275
W,6,60,1,ctrl,32,300,2
D,6,60,14,11,178
W,6,60,2,ai,57,400,13
W,6,60,3,log,23,150,10
S,6,60,883,1235
W,7,60,1,ctrl,34,300,2
D,7,60,15,12,323
W,7,60,2,ai,62,400,14
W,7,60,3,log,28,200,13
S,7,60,700,1215
W,8,60,1,ctrl,36,300,2
D,8,60,14,14,1038
W,8,60,2,ai,50,500,16
W,8,60,3,log,22,200,13
S,8,60,718,1082
W,9,60,1,ctrl,36,300,2
D,9,60,14,14,1258
W,9,60,2,ai,61,500,16
W,9,60,3,log,22,250,15
S,9,60,847,1293
W,10,60,1,ctrl,36,300,2
D,10,60,14,14,1344
W,10,60,2,ai,59,500,18
W,10,60,3,log,33,250,15
S,10,60,800,1034
W,11,60,1,ctrl,30,300,2
D,11,60,13,13,1585
W,11,60,2,ai,59,600,21
W,11,60,3,log,25,250,15
S,11,60,931,1007
W,12,60,1,ctrl,29,300,2
D,12,60,13,13,1443
W,12,60,2,ai,58,600,21
W,12,60,3,log,21,250,16
S,12,60,867,1118
W,13,60,1,ctrl,31,300,2
D,13,60,11,11,1621
W,13,60,2,ai,64,600,23
W,13,60,3,log,28,250,16
S,13,60,729,1031
W,14,60,1,ctrl,33,300,2
D,14,60,12,12,3017
W,14,60,2,ai,90,700,26
W,14,60,3,log,40,250,18
S,14,60,781,1188
W,15,60,1,ctrl,23,300,2
D,15,60,10,10,3043
W,15,60,2,ai,59,700,26
W,15,60,3,log,22,250,18
S,15,60,859,1085
W,16,60,1,ctrl,24,300,2
D,16,60,10,10,3536
W,16,60,2,ai,65,700,28
W,16,60,3,log,23,250,18
S,16,60,787,1121
W,17,60,1,ctrl,27,300,2
D,17,60,10,10,4053
W,17,60,2,ai,66,700,28
W,17,60,3,log,24,250,18
S,17,60,853,1043
W,18,60,1,ctrl,30,300,2
D,18,60,12,12,5886
W,18,60,2,ai,87,700,31
W,18,60,3,log,27,250,19
S,18,60,843,1153
W,19,60,1,ctrl,28,300,2
D,19,60,13,13,6573
W,19,60,2,ai,66,700,31
W,19,60,3,log,21,250,19
S,19,60,767,1098
W,20,60,1,ctrl,24,300,2
D,20,60,10,10,5246
W,20,60,2,ai,77,800,33
W,20,60,3,log,22,250,19
S,20,60,796,1138
W,21,60,1,ctrl,26,300,2
D,21,60,9,9,5473
W,21,60,2,ai,86,800,35
W,21,60,3,log,29,300,22
S,21,60,814,1163
W,22,60,1,ctrl,25,300,2
D,22,60,9,9,6474
W,22,60,2,ai,65,800,35
W,22,60,3,log,22,300,22
S,22,60,888,1091
W,23,60,1,ctrl,17,300,1
D,23,60,6,6,4527
W,23,60,2,ai,45,100,2
W,23,60,3,log,22,50,3
S,23,60,853,3297
J,1,ctrl,1,283,241,57379,765,60028,27087452,2,775
# done
# RUN config=heavy alpha=60 rep=2/3
# prev_baseline_reset ngroups=3
# schedlab win=100 total=3600 groups=3
W,1,60,1,ctrl,44,300,1
D,1,60,18,2,4
W,1,60,2,ai,35,200,6
W,1,60,3,log,16,100,4
S,1,60,702,1079
W,2,60,1,ctrl,35,300,1
D,2,60,14,7,99
W,2,60,2,ai,49,400,11
W,2,60,3,log,25,100,6
S,2,60,891,1168
W,3,60,1,ctrl,28,300,2
D,3,60,13,7,105
W,3,60,2,ai,44,400,13
W,3,60,3,log,12,100,6
S,3,60,868,1126
W,4,60,1,ctrl,39,300,2
D,4,60,16,12,339
W,4,60,2,ai,52,500,15
W,4,60,3,log,17,150,9
S,4,60,666,1093
W,5,60,1,ctrl,33,300,2
D,5,60,13,13,591
W,5,60,2,ai,66,500,17
W,5,60,3,log,20,150,9
S,5,60,841,1137
W,6,60,1,ctrl,33,300,2
D,6,60,15,14,395
W,6,60,2,ai,49,500,17
W,6,60,3,log,20,200,11
S,6,60,779,1041
W,7,60,1,ctrl,31,300,2
D,7,60,11,11,662
W,7,60,2,ai,65,600,20
W,7,60,3,log,24,200,11
S,7,60,796,1054
W,8,60,1,ctrl,28,300,2
D,8,60,12,12,704
W,8,60,2,ai,58,600,22
W,8,60,3,log,20,200,14
S,8,60,823,1030
W,9,60,1,ctrl,30,300,2
D,9,60,14,14,745
W,9,60,2,ai,70,600,22
W,9,60,3,log,25,200,14
S,9,60,901,1133
W,10,60,1,ctrl,27,300,2
D,10,60,12,12,936
W,10,60,2,ai,58,600,24
W,10,60,3,log,20,200,14
S,10,60,902,1058
W,11,60,1,ctrl,31,300,2
D,11,60,12,12,1182
W,11,60,2,ai,66,600,24
W,11,60,3,log,18,200,14
S,11,60,737,1160
W,12,60,1,ctrl,29,300,2
D,12,60,12,12,1168
W,12,60,2,ai,57,700,27
W,12,60,3,log,25,250,16
S,12,60,880,1091
W,13,60,1,ctrl,24,300,2
D,13,60,9,9,1061
W,13,60,2,ai,58,700,27
W,13,60,3,log,23,250,16
S,13,60,891,1052
W,14,60,1,ctrl,33,300,2
D,14,60,13,13,2052
W,14,60,2,ai,78,700,29
W,14,60,3,log,29,250,16
S,14,60,903,1021
W,15,60,1,ctrl,30,300,2
D,15,60,13,13,2654
W,15,60,2,ai,68,700,29
W,15,60,3,log,21,250,19
S,15,60,875,1136
W,16,60,1,ctrl,25,300,2
D,16,60,10,10,2665
W,16,60,2,ai,66,700,32
W,16,60,3,log,24,250,19
S,16,60,846,1105
W,17,60,1,ctrl,25,300,2
D,17,60,10,10,3124
W,17,60,2,ai,68,700,32
W,17,60,3,log,25,250,19
S,17,60,858,1137
W,18,60,1,ctrl,24,300,2
D,18,60,11,11,3502
W,18,60,2,ai,69,800,34
W,18,60,3,log,25,300,21
S,18,60,812,1054
W,19,60,1,ctrl,26,300,2
D,19,60,10,10,3705
W,19,60,2,ai,72,800,34
W,19,60,3,log,30,300,21
S,19,60,885,1054
W,20,60,1,ctrl,25,300,2
D,20,60,11,11,5211
W,20,60,2,ai,75,800,37
W,20,60,3,log,33,300,21
S,20,60,814,1144
W,21,60,1,ctrl,26,300,2
D,21,60,9,9,4952
W,21,60,2,ai,71,800,37
W,21,60,3,log,25,300,21
S,21,60,731,1049
W,22,60,1,ctrl,27,300,2
D,22,60,10,10,6272
W,22,60,2,ai,73,900,39
W,22,60,3,log,26,300,24
S,22,60,832,1036
W,23,60,1,ctrl,27,300,2
D,23,60,9,9,7147
W,23,60,2,ai,98,800,38
W,23,60,3,log,34,300,23
S,23,60,681,1266
J,1,ctrl,1,277,243,49275,802,51965,21479187,4,812
# done
# RUN config=heavy alpha=60 rep=3/3
# prev_baseline_reset ngroups=3
# schedlab win=100 total=3600 groups=3
W,1,60,1,ctrl,43,300,1
D,1,60,19,3,10
W,1,60,2,ai,50,200,6
W,1,60,3,log,29,100,5
S,1,60,886,1420
W,2,60,1,ctrl,30,300,2
D,2,60,11,2,5
W,2,60,2,ai,35,300,9
W,2,60,3,log,7,150,7
S,2,60,767,2061
W,3,60,1,ctrl,28,300,2
D,3,60,12,3,20
W,3,60,2,ai,24,400,11
W,3,60,3,log,13,150,7
S,3,60,814,1273
W,4,60,1,ctrl,27,300,2
D,4,60,12,8,109
W,4,60,2,ai,40,400,12
W,4,60,3,log,20,150,10
S,4,60,797,1135
W,5,60,1,ctrl,28,300,2
D,5,60,12,9,86
W,5,60,2,ai,50,500,15
W,5,60,3,log,14,150,10
S,5,60,834,1036
W,6,60,1,ctrl,34,300,2
D,6,60,12,12,571
W,6,60,2,ai,63,500,15
W,6,60,3,log,19,150,10
S,6,60,834,1075
W,7,60,1,ctrl,36,300,2
D,7,60,15,15,873
W,7,60,2,ai,75,500,17
W,7,60,3,log,25,200,12
S,7,60,861,1136
W,8,60,1,ctrl,29,300,2
D,8,60,12,12,964
W,8,60,2,ai,55,600,20
W,8,60,3,log,20,200,12
S,8,60,863,1032
W,9,60,1,ctrl,31,300,2
D,9,60,13,13,1420
W,9,60,2,ai,69,600,22
W,9,60,3,log,22,250,15
S,9,60,755,1205
W,10,60,1,ctrl,30,300,2
D,10,60,11,11,1687
W,10,60,2,ai,69,600,22
W,10,60,3,log,26,250,15
S,10,60,832,1083
W,11,60,1,ctrl,31,300,2
D,11,60,13,13,2520
W,11,60,2,ai,66,600,25
W,11,60,3,log,31,250,15
S,11,60,812,1074
W,12,60,1,ctrl,31,300,2
D,12,60,12,12,2749
W,12,60,2,ai,66,600,25
W,12,60,3,log,25,250,17
S,12,60,850,1063
W,13,60,1,ctrl,32,300,2
D,13,60,12,12,3992
W,13,60,2,ai,78,600,25
W,13,60,3,log,32,250,17
S,13,60,810,1155
W,14,60,1,ctrl,27,300,2
D,14,60,13,13,4327
W,14,60,2,ai,59,700,28
W,14,60,3,log,22,250,17
S,14,60,796,1025
W,15,60,1,ctrl,27,300,2
D,15,60,13,13,4250
W,15,60,2,ai,66,700,28
W,15,60,3,log,23,250,19
S,15,60,818,1034
W,16,60,1,ctrl,29,300,2
D,16,60,12,12,4106
W,16,60,2,ai,68,700,29
W,16,60,3,log,30,250,19
S,16,60,860,1052
W,17,60,1,ctrl,32,300,2
D,17,60,13,13,5368
W,17,60,2,ai,95,700,29
W,17,60,3,log,33,250,19
S,17,60,763,1200
W,18,60,1,ctrl,31,300,2
D,18,60,11,11,5782
W,18,60,2,ai,68,700,32
W,18,60,3,log,25,300,21
S,18,60,865,1144
W,19,60,1,ctrl,27,300,2
D,19,60,13,13,7163
W,19,60,2,ai,66,700,32
W,19,60,3,log,25,300,21
S,19,60,729,1090
W,20,60,1,ctrl,25,300,2
D,20,60,9,9,5662
W,20,60,2,ai,69,800,34
W,20,60,3,log,26,300,21
S,20,60,857,1028
W,21,60,1,ctrl,25,300,2
D,21,60,8,8,5736
W,21,60,2,ai,77,800,34
W,21,60,3,log,30,300,24
S,21,60,888,1132
W,22,60,1,ctrl,24,300,2
D,22,60,11,11,8242
W,22,60,2,ai,64,800,37
W,22,60,3,log,25,300,24
S,22,60,837,1009
W,23,60,1,ctrl,23,300,2
D,23,60,8,8,6231
W,23,60,2,ai,65,800,37
W,23,60,3,log,21,300,24
S,23,60,745,1114
J,1,ctrl,1,277,236,71873,790,74501,36643673,1,800
# done
# WARMUP config=heavy alpha=70
# prev_baseline_reset ngroups=3
# schedlab win=100 total=3600 groups=3
W,1,70,1,ctrl,44,300,2
D,1,70,18,4,7
W,1,70,2,ai,75,400,8
W,1,70,3,log,21,100,4
S,1,70,876,1194
W,2,70,1,ctrl,26,300,2
D,2,70,11,6,11
W,2,70,2,ai,38,500,11
W,2,70,3,log,10,150,7
S,2,70,862,1162
W,3,70,1,ctrl,23,300,1
D,3,70,12,4,7
W,3,70,2,ai,38,500,11
W,3,70,3,log,12,150,7
S,3,70,662,1011
W,4,70,1,ctrl,22,300,2
D,4,70,9,6,20
W,4,70,2,ai,50,600,13
W,4,70,3,log,12,200,9
S,4,70,804,1274
W,5,70,1,ctrl,26,300,2
D,5,70,12,10,151
W,5,70,2,ai,51,600,15
W,5,70,3,log,16,200,9
S,5,70,865,1052
W,6,70,1,ctrl,27,300,2
D,6,70,12,11,139
W,6,70,2,ai,61,700,18
W,6,70,3,log,20,200,9
S,6,70,666,1033
W,7,70,1,ctrl,29,300,2
D,7,70,11,11,214
W,7,70,2,ai,68,800,20
W,7,70,3,log,20,250,12
S,7,70,892,1088
W,8,70,1,ctrl,26,300,2
D,8,70,11,11,919
W,8,70,2,ai,72,800,20
W,8,70,3,log,21,250,12
S,8,70,847,1051
W,9,70,1,ctrl,26,300,2
D,9,70,10,10,1443
W,9,70,2,ai,74,800,22
W,9,70,3,log,28,300,14
S,9,70,867,1054
W,10,70,1,ctrl,24,300,2
D,10,70,9,9,1525
W,10,70,2,ai,69,900,25
W,10,70,3,log,27,300,14
S,10,70,666,1043
W,11,70,1,ctrl,25,300,2
D,11,70,10,10,2562
W,11,70,2,ai,79,900,25
W,11,70,3,log,24,300,14
S,11,70,845,1069
W,12,70,1,ctrl,21,300,2
D,12,70,7,7,2512
W,12,70,2,ai,72,1000,27
W,12,70,3,log,25,350,17
S,12,70,818,1022
W,13,70,1,ctrl,18,300,2
D,13,70,7,7,2797
W,13,70,2,ai,69,1000,27
W,13,70,3,log,25,350,17
S,13,70,888,1131
W,14,70,1,ctrl,24,300,2
D,14,70,10,10,4488
W,14,70,2,ai,95,1000,27
W,14,70,3,log,35,350,19
S,14,70,866,1167
W,15,70,1,ctrl,20,300,2
D,15,70,7,7,4342
W,15,70,2,ai,78,1000,30
W,15,70,3,log,25,350,19
S,15,70,852,1117
W,16,70,1,ctrl,19,300,2
D,16,70,7,7,4672
W,16,70,2,ai,67,1000,30
W,16,70,3,log,20,350,19
S,16,70,717,1127
W,17,70,1,ctrl,17,300,2
D,17,70,8,8,5660
W,17,70,2,ai,65,1100,32
W,17,70,3,log,23,350,19
S,17,70,888,1062
W,18,70,1,ctrl,19,300,2
D,18,70,8,8,5901
W,18,70,2,ai,71,1100,32
W,18,70,3,log,25,400,22
S,18,70,774,1023
W,19,70,1,ctrl,22,300,2
D,19,70,8,8,6894
W,19,70,2,ai,90,1200,35
W,19,70,3,log,30,400,22
S,19,70,857,1019
W,20,70,1,ctrl,21,300,2
D,20,70,7,7,6899
W,20,70,2,ai,97,1200,35
W,20,70,3,log,32,400,22
S,20,70,780,1121
W,21,70,1,ctrl,17,300,2
D,21,70,6,6,6379
W,21,70,2,ai,73,1200,37
W,21,70,3,log,24,400,22
S,21,70,664,1053
W,22,70,1,ctrl,18,300,2
D,22,70,7,7,7906
W,22,70,2,ai,75,1200,37
W,22,70,3,log,29,450,24
S,22,70,759,1040
W,23,70,1,ctrl,19,300,2
D,23,70,7,7,8468
W,23,70,2,ai,68,1300,40
W,23,70,3,log,31,450,24
S,23,70,824,1100
W,24,70,1,ctrl,21,300,2
D,24,70,6,6,8144
W,24,70,2,ai,92,1100,33
W,24,70,3,log,25,400,22
S,24,70,822,1226
J,1,ctrl,1,220,187,82060,1375,84088,70831806,2,1385
# done
# RUN config=heavy alpha=70 rep=1/3
# prev_baseline_reset ngroups=3
# schedlab win=100 total=3600 groups=3
W,1,70,1,ctrl,41,300,2
D,1,70,18,5,20
W,1,70,2,ai,47,300,7
W,1,70,3,log,34,150,6
S,1,70,789,1190
W,2,70,1,ctrl,31,300,2
D,2,70,13,11,186
W,2,70,2,ai,48,500,10
W,2,70,3,log,25,200,8
S,2,70,699,1084
W,3,70,1,ctrl,27,300,1
D,3,70,13,5,42
W,3,70,2,ai,53,600,13
W,3,70,3,log,17,200,8
S,3,70,771,1034
W,4,70,1,ctrl,30,300,2
D,4,70,11,11,302
W,4,70,2,ai,59,600,15
W,4,70,3,log,24,250,11
S,4,70,790,1023
W,5,70,1,ctrl,30,300,2
D,5,70,13,13,957
W,5,70,2,ai,66,700,18
W,5,70,3,log,30,250,11
S,5,70,701,1070
W,6,70,1,ctrl,26,300,2
D,6,70,9,9,974
W,6,70,2,ai,67,700,18
W,6,70,3,log,23,250,12
S,6,70,743,1071
W,7,70,1,ctrl,26,300,2
D,7,70,9,9,1488
W,7,70,2,ai,69,800,20
W,7,70,3,log,23,250,12
S,7,70,807,1013
W,8,70,1,ctrl,26,300,2
D,8,70,10,10,2290
W,8,70,2,ai,76,800,22
W,8,70,3,log,24,300,15
S,8,70,820,1126
W,9,70,1,ctrl,26,300,2
D,9,70,10,10,3014
W,9,70,2,ai,74,900,25
W,9,70,3,log,30,300,15
S,9,70,666,1054
W,10,70,1,ctrl,24,300,2
D,10,70,11,11,3563
W,10,70,2,ai,67,900,25
W,10,70,3,log,25,300,15
S,10,70,816,1039
W,11,70,1,ctrl,26,300,2
D,11,70,10,10,4125
W,11,70,2,ai,90,1000,27
W,11,70,3,log,26,350,17
S,11,70,712,1158
W,12,70,1,ctrl,25,300,2
D,12,70,10,10,5382
W,12,70,2,ai,96,1000,30
W,12,70,3,log,30,350,17
S,12,70,897,1096
W,13,70,1,ctrl,25,300,2
D,13,70,10,10,6623
W,13,70,2,ai,97,1000,30
W,13,70,3,log,36,400,20
S,13,70,855,1113
W,14,70,1,ctrl,19,300,2
D,14,70,8,8,5853
W,14,70,2,ai,66,1100,32
W,14,70,3,log,25,400,20
S,14,70,886,1018
W,15,70,1,ctrl,21,300,2
D,15,70,7,7,5859
W,15,70,2,ai,87,1100,32
W,15,70,3,log,34,400,20
S,15,70,700,1129
W,16,70,1,ctrl,19,300,2
D,16,70,8,8,7178
W,16,70,2,ai,68,1200,35
W,16,70,3,log,30,400,22
S,16,70,732,1086
W,17,70,1,ctrl,21,300,2
D,17,70,8,8,8129
W,17,70,2,ai,94,1200,35
W,17,70,3,log,30,400,22
S,17,70,812,1090
W,18,70,1,ctrl,17,300,2
D,18,70,8,8,8695
W,18,70,2,ai,77,1200,37
W,18,70,3,log,24,400,22
S,18,70,850,1090
W,19,70,1,ctrl,17,300,2
D,19,70,7,7,8105
W,19,70,2,ai,76,1200,37
W,19,70,3,log,34,400,22
S,19,70,881,1180
W,20,70,1,ctrl,20,300,2
D,20,70,7,7,9150
W,20,70,2,ai,102,1300,40
W,20,70,3,log,25,450,25
S,20,70,775,1288
W,21,70,1,ctrl,15,300,2
D,21,70,5,5,7198
W,21,70,2,ai,79,1300,40
W,21,70,3,log,26,450,25
S,21,70,748,1168
J,1,ctrl,1,205,182,89133,1450,91093,78861369,1,1460
# done
# RUN config=heavy alpha=70 rep=2/3
# prev_baseline_reset ngroups=3
# schedlab win=100 total=3600 groups=3
W,1,70,1,ctrl,43,300,2
D,1,70,16,2,8
W,1,70,2,ai,24,300,5
W,1,70,3,log,29,150,6
S,1,70,848,1600
W,2,70,1,ctrl,30,300,2
D,2,70,12,4,26
W,2,70,2,ai,29,300,6
W,2,70,3,log,16,150,6
S,2,70,665,1036
W,3,70,1,ctrl,33,300,2
D,3,70,14,11,213
W,3,70,2,ai,43,400,9
W,3,70,3,log,18,200,9
S,3,70,881,1162
W,4,70,1,ctrl,35,300,2
D,4,70,14,14,505
W,4,70,2,ai,60,600,13
W,4,70,3,log,24,200,9
S,4,70,895,1081
W,5,70,1,ctrl,31,300,2
D,5,70,12,12,802
W,5,70,2,ai,65,600,15
W,5,70,3,log,27,250,10
S,5,70,823,1031
W,6,70,1,ctrl,31,300,2
D,6,70,12,12,1249
W,6,70,2,ai,66,700,18
W,6,70,3,log,28,250,12
S,6,70,820,1060
W,7,70,1,ctrl,31,300,2
D,7,70,13,13,1862
W,7,70,2,ai,68,700,18
W,7,70,3,log,30,250,12
S,7,70,666,1062
W,8,70,1,ctrl,26,300,2
D,8,70,10,10,2160
W,8,70,2,ai,77,800,20
W,8,70,3,log,25,300,15
S,8,70,868,1097
W,9,70,1,ctrl,24,300,2
D,9,70,10,10,2363
W,9,70,2,ai,64,800,23
W,9,70,3,log,25,300,15
S,9,70,837,1009
W,10,70,1,ctrl,24,300,2
D,10,70,10,10,2722
W,10,70,2,ai,68,800,23
W,10,70,3,log,25,300,15
S,10,70,732,1043
W,11,70,1,ctrl,27,300,2
D,11,70,10,10,3403
W,11,70,2,ai,72,800,23
W,11,70,3,log,28,350,17
S,11,70,837,1095
W,12,70,1,ctrl,24,300,2
D,12,70,10,10,4096
W,12,70,2,ai,74,900,25
W,12,70,3,log,35,350,17
S,12,70,856,1072
W,13,70,1,ctrl,25,300,2
D,13,70,11,11,5535
W,13,70,2,ai,86,1000,28
W,13,70,3,log,34,350,17
S,13,70,879,1052
W,14,70,1,ctrl,19,300,2
D,14,70,8,8,4934
W,14,70,2,ai,79,1000,28
W,14,70,3,log,30,400,20
S,14,70,689,1189
W,15,70,1,ctrl,17,300,2
D,15,70,8,8,5265
W,15,70,2,ai,62,1000,30
W,15,70,3,log,25,400,20
S,15,70,873,1079
W,16,70,1,ctrl,20,300,2
D,16,70,8,8,6069
W,16,70,2,ai,82,1000,30
W,16,70,3,log,31,400,20
S,16,70,714,1173
W,17,70,1,ctrl,20,300,2
D,17,70,7,7,5656
W,17,70,2,ai,70,1100,33
W,17,70,3,log,25,400,22
S,17,70,903,1023
W,18,70,1,ctrl,19,300,2
D,18,70,7,7,6455
W,18,70,2,ai,83,1100,33
W,18,70,3,log,29,400,22
S,18,70,696,1144
W,19,70,1,ctrl,20,300,2
D,19,70,8,8,8345
W,19,70,2,ai,94,1200,35
W,19,70,3,log,34,400,22
S,19,70,783,1162
W,20,70,1,ctrl,21,300,2
D,20,70,8,8,9357
W,20,70,2,ai,94,1200,35
W,20,70,3,log,28,400,22
S,20,70,881,1076
W,21,70,1,ctrl,21,300,2
D,21,70,7,7,9138
W,21,70,2,ai,93,1200,38
W,21,70,3,log,38,450,25
S,21,70,790,1108
J,1,ctrl,1,215,190,80163,1316,82226,62711066,2,1326
# done
# RUN config=heavy alpha=70 rep=3/3
# prev_baseline_reset ngroups=3
# schedlab win=100 total=3600 groups=3
W,1,70,1,ctrl,42,300,2
D,1,70,17,3,5
W,1,70,2,ai,40,300,6
W,1,70,3,log,18,100,4
S,1,70,796,1070
W,2,70,1,ctrl,27,300,2
D,2,70,11,5,24
W,2,70,2,ai,34,300,7
W,2,70,3,log,18,150,6
S,2,70,877,1173
W,3,70,1,ctrl,26,300,2
D,3,70,11,4,12
W,3,70,2,ai,35,500,11
W,3,70,3,log,11,200,8
S,3,70,810,1315
W,4,70,1,ctrl,23,300,2
D,4,70,10,6,38
W,4,70,2,ai,46,500,11
W,4,70,3,log,14,200,8
S,4,70,886,1190
W,5,70,1,ctrl,29,300,2
D,5,70,13,13,353
W,5,70,2,ai,63,600,13
W,5,70,3,log,20,250,10
S,5,70,699,1219
W,6,70,1,ctrl,30,300,2
D,6,70,13,13,664
W,6,70,2,ai,65,600,14
W,6,70,3,log,29,250,10
S,6,70,768,1078
W,7,70,1,ctrl,30,300,2
D,7,70,12,12,1143
W,7,70,2,ai,62,600,15
W,7,70,3,log,30,300,13
S,7,70,947,1020
W,8,70,1,ctrl,25,300,2
D,8,70,9,9,1372
W,8,70,2,ai,69,700,17
W,8,70,3,log,28,300,13
S,8,70,691,1127
W,9,70,1,ctrl,24,300,2
D,9,70,11,11,1883
W,9,70,2,ai,60,800,20
W,9,70,3,log,21,300,15
S,9,70,666,1070
W,10,70,1,ctrl,25,300,2
D,10,70,7,7,1794
W,10,70,2,ai,75,800,22
W,10,70,3,log,33,300,15
S,10,70,814,1144
W,11,70,1,ctrl,26,300,2
D,11,70,10,10,3508
W,11,70,2,ai,78,800,22
W,11,70,3,log,22,300,15
S,11,70,774,1229
W,12,70,1,ctrl,20,300,2
D,12,70,8,8,3472
W,12,70,2,ai,74,900,25
W,12,70,3,log,28,350,18
S,12,70,753,1184
W,13,70,1,ctrl,26,300,2
D,13,70,11,11,5563
W,13,70,2,ai,88,1000,27
W,13,70,3,log,35,350,18
S,13,70,855,1040
W,14,70,1,ctrl,20,300,2
D,14,70,6,6,3643
W,14,70,2,ai,74,1000,27
W,14,70,3,log,26,350,18
S,14,70,822,1090
W,15,70,1,ctrl,20,300,2
D,15,70,8,8,5669
W,15,70,2,ai,80,1000,30
W,15,70,3,log,30,400,20
S,15,70,785,1150
W,16,70,1,ctrl,21,300,2
D,16,70,8,8,6482
W,16,70,2,ai,78,1000,30
W,16,70,3,log,31,400,20
S,16,70,793,1093
W,17,70,1,ctrl,21,300,2
D,17,70,8,8,7241
W,17,70,2,ai,73,1000,30
W,17,70,3,log,34,400,20
S,17,70,877,1073
W,18,70,1,ctrl,22,300,2
D,18,70,8,8,8059
W,18,70,2,ai,83,1100,33
W,18,70,3,log,38,400,22
S,18,70,846,1084
W,19,70,1,ctrl,20,300,2
D,19,70,7,7,7863
W,19,70,2,ai,100,1100,33
W,19,70,3,log,30,400,22
S,19,70,877,1248
W,20,70,1,ctrl,20,300,2
D,20,70,7,7,8681
W,20,70,2,ai,66,1200,35
W,20,70,3,log,29,400,22
S,20,70,833,1101
W,21,70,1,ctrl,20,300,2
D,21,70,7,7,9495
W,21,70,2,ai,95,1200,35
W,21,70,3,log,35,450,25
S,21,70,764,1150
W,22,70,1,ctrl,19,300,2
D,22,70,7,7,10156
W,22,70,2,ai,67,1200,36
W,22,70,3,log,25,450,24
S,22,70,828,1022
J,1,ctrl,1,209,178,87120,1466,89080,81851236,2,1476
# done
# WARMUP config=heavy alpha=80
# prev_baseline_reset ngroups=3
# schedlab win=100 total=3600 groups=3
W,1,80,1,ctrl,49,300,1
D,1,80,19,10,31
W,1,80,2,ai,48,300,5
W,1,80,3,log,32,200,6
S,1,80,931,1008
W,2,80,1,ctrl,25,300,2
D,2,80,10,6,20
W,2,80,2,ai,32,400,6
W,2,80,3,log,28,250,8
S,2,80,851,1119
W,3,80,1,ctrl,37,300,2
D,3,80,15,15,693
W,3,80,2,ai,64,600,11
W,3,80,3,log,33,300,11
S,3,80,766,1048
W,4,80,1,ctrl,30,300,2
D,4,80,13,13,1266
W,4,80,2,ai,68,800,14
W,4,80,3,log,35,300,11
S,4,80,784,1117
W,5,80,1,ctrl,27,300,2
D,5,80,10,10,2259
W,5,80,2,ai,93,900,16
W,5,80,3,log,43,350,13
S,5,80,827,1169
W,6,80,1,ctrl,25,300,2
D,6,80,10,10,3237
W,6,80,2,ai,101,1000,19
W,6,80,3,log,37,400,15
S,6,80,842,1150
W,7,80,1,ctrl,21,300,2
D,7,80,8,8,4010
W,7,80,2,ai,72,1100,21
W,7,80,3,log,30,400,15
S,7,80,765,1044
W,8,80,1,ctrl,20,300,2
D,8,80,6,6,3723
W,8,80,2,ai,87,1100,21
W,8,80,3,log,29,400,15
S,8,80,852,1129
W,9,80,1,ctrl,21,300,2
D,9,80,8,8,5881
W,9,80,2,ai,94,1200,23
W,9,80,3,log,37,450,16
S,9,80,794,1108
W,10,80,1,ctrl,20,300,2
D,10,80,8,8,7088
W,10,80,2,ai,96,1300,25
W,10,80,3,log,35,450,16
S,10,80,712,1106
W,11,80,1,ctrl,13,300,2
D,11,80,5,5,4843
W,11,80,2,ai,67,1400,28
W,11,80,3,log,25,500,19
S,11,80,766,1105
W,12,80,1,ctrl,15,300,2
D,12,80,5,5,5461
W,12,80,2,ai,89,1400,28
W,12,80,3,log,30,500,19
S,12,80,760,1225
W,13,80,1,ctrl,15,300,2
D,13,80,5,5,6285
W,13,80,2,ai,96,1500,30
W,13,80,3,log,34,500,19
S,13,80,869,1262
W,14,80,1,ctrl,16,300,2
D,14,80,5,5,7050
W,14,80,2,ai,98,1600,33
W,14,80,3,log,34,550,21
S,14,80,865,1129
W,15,80,1,ctrl,13,300,2
D,15,80,5,5,7420
W,15,80,2,ai,76,1600,33
W,15,80,3,log,30,550,21
S,15,80,887,1119
W,16,80,1,ctrl,15,300,2
D,16,80,5,5,8260
W,16,80,2,ai,107,1700,35
W,16,80,3,log,45,550,21
S,16,80,888,1314
W,17,80,1,ctrl,16,300,2
D,17,80,5,5,9285
W,17,80,2,ai,107,1700,35
W,17,80,3,log,25,600,24
S,17,80,733,1369
W,18,80,1,ctrl,13,300,2
D,18,80,5,5,9744
W,18,80,2,ai,84,1800,38
W,18,80,3,log,27,600,24
S,18,80,904,1067
W,19,80,1,ctrl,7,300,1
D,19,80,1,1,2114
W,19,80,2,ai,82,200,3
W,19,80,3,log,17,50,1
S,19,80,761,8257
J,1,ctrl,1,148,135,88670,2114,90090,112288090,1,2124
# done
# RUN config=heavy alpha=80 rep=1/3
# prev_baseline_reset ngroups=3
# schedlab win=100 total=3600 groups=3
W,1,80,1,ctrl,38,300,1
D,1,80,17,9,26
W,1,80,2,ai,54,400,6
W,1,80,3,log,30,200,6
S,1,80,724,1070
W,2,80,1,ctrl,29,300,2
D,2,80,11,9,88
W,2,80,2,ai,53,500,9
W,2,80,3,log,21,250,8
S,2,80,736,1172
W,3,80,1,ctrl,30,300,2
D,3,80,12,12,708
W,3,80,2,ai,76,700,13
W,3,80,3,log,31,300,11
S,3,80,820,1055
W,4,80,1,ctrl,25,300,2
D,4,80,8,8,954
W,4,80,2,ai,58,900,16
W,4,80,3,log,25,300,11
S,4,80,884,1117
W,5,80,1,ctrl,22,300,2
D,5,80,10,10,2182
W,5,80,2,ai,85,1000,18
W,5,80,3,log,30,350,13
S,5,80,832,1131
W,6,80,1,ctrl,19,300,2
D,6,80,7,7,1919
W,6,80,2,ai,70,1100,21
W,6,80,3,log,20,350,13
S,6,80,780,1092
W,7,80,1,ctrl,19,300,2
D,7,80,8,8,2569
W,7,80,2,ai,70,1100,21
W,7,80,3,log,21,350,13
S,7,80,729,1052
W,8,80,1,ctrl,19,300,2
D,8,80,8,8,2903
W,8,80,2,ai,75,1200,23
W,8,80,3,log,29,450,16
S,8,80,774,1009
W,9,80,1,ctrl,19,300,2
D,9,80,6,6,3049
W,9,80,2,ai,96,1300,26
W,9,80,3,log,34,450,16
S,9,80,888,1149
W,10,80,1,ctrl,21,300,2
D,10,80,7,7,4696
W,10,80,2,ai,97,1400,28
W,10,80,3,log,29,500,18
S,10,80,792,1152
W,11,80,1,ctrl,16,300,2
D,11,80,5,5,4150
W,11,80,2,ai,90,1400,28
W,11,80,3,log,29,500,18
S,11,80,890,1152
W,12,80,1,ctrl,14,300,2
D,12,80,6,6,5273
W,12,80,2,ai,72,1500,31
W,12,80,3,log,21,500,18
S,12,80,666,1107
W,13,80,1,ctrl,14,300,2
D,13,80,5,5,5152
W,13,80,2,ai,94,1500,31
W,13,80,3,log,32,500,20
S,13,80,868,1300
W,14,80,1,ctrl,16,300,2
D,14,80,6,6,7144
W,14,80,2,ai,97,1600,33
W,14,80,3,log,33,500,20
S,14,80,739,1146
W,15,80,1,ctrl,16,300,2
D,15,80,5,5,6696
W,15,80,2,ai,100,1700,36
W,15,80,3,log,28,500,20
S,15,80,895,1081
W,16,80,1,ctrl,13,300,2
D,16,80,4,4,5710
W,16,80,2,ai,81,1700,36
W,16,80,3,log,21,500,20
S,16,80,843,1098
W,17,80,1,ctrl,15,300,2
D,17,80,5,5,8072
W,17,80,2,ai,108,1800,38
W,17,80,3,log,47,600,23
S,17,80,882,1261
W,18,80,1,ctrl,16,300,2
D,18,80,5,5,9120
W,18,80,2,ai,107,1800,38
W,18,80,3,log,30,600,23
S,18,80,800,1132
W,19,80,1,ctrl,14,300,2
D,19,80,5,5,9671
W,19,80,2,ai,85,1800,39
W,19,80,3,log,30,600,23
S,19,80,849,1027
W,20,80,1,ctrl,11,300,1
D,20,80,4,4,8523
W,20,80,2,ai,85,300,5
W,20,80,3,log,28,250,8
S,20,80,797,4000
J,1,ctrl,1,144,134,88605,2145,89989,115080583,2,2155
# done
# RUN config=heavy alpha=80 rep=2/3
# prev_baseline_reset ngroups=3
# schedlab win=100 total=3600 groups=3
W,1,80,1,ctrl,46,300,1
D,1,80,17,2,5
W,1,80,2,ai,33,300,5
W,1,80,3,log,11,150,4
S,1,80,847,1639
W,2,80,1,ctrl,29,300,2
D,2,80,12,5,13
W,2,80,2,ai,35,500,8
W,2,80,3,log,10,150,5
S,2,80,839,1162
W,3,80,1,ctrl,24,300,2
D,3,80,11,6,31
W,3,80,2,ai,52,700,13
W,3,80,3,log,7,150,5
S,3,80,878,1547
W,4,80,1,ctrl,30,300,2
D,4,80,12,12,645
W,4,80,2,ai,82,800,15
W,4,80,3,log,19,200,7
S,4,80,729,1055
W,5,80,1,ctrl,30,300,2
D,5,80,13,13,893
W,5,80,2,ai,78,1000,18
W,5,80,3,log,17,250,8
S,5,80,880,1183
W,6,80,1,ctrl,25,300,2
D,6,80,10,10,1634
W,6,80,2,ai,91,1000,20
W,6,80,3,log,24,250,8
S,6,80,857,1084
W,7,80,1,ctrl,26,300,2
D,7,80,9,9,2404
W,7,80,2,ai,118,1200,23
W,7,80,3,log,26,300,10
S,7,80,888,1092
W,8,80,1,ctrl,21,300,2
D,8,80,8,8,3747
W,8,80,2,ai,80,1300,25
W,8,80,3,log,21,300,10
S,8,80,898,1044
W,9,80,1,ctrl,21,300,2
D,9,80,8,8,4734
W,9,80,2,ai,103,1400,28
W,9,80,3,log,17,300,11
S,9,80,710,1250
W,10,80,1,ctrl,19,300,2
D,10,80,7,7,4713
W,10,80,2,ai,92,1400,28
W,10,80,3,log,22,300,11
S,10,80,922,1056
W,11,80,1,ctrl,17,300,2
D,11,80,5,5,4479
W,11,80,2,ai,113,1500,30
W,11,80,3,log,22,400,14
S,11,80,877,1256
W,12,80,1,ctrl,15,300,2
D,12,80,5,5,5142
W,12,80,2,ai,92,1500,32
W,12,80,3,log,25,400,14
S,12,80,862,1203
W,13,80,1,ctrl,14,300,2
D,13,80,6,6,6958
W,13,80,2,ai,98,1700,35
W,13,80,3,log,24,400,14
S,13,80,873,1225
W,14,80,1,ctrl,14,300,2
D,14,80,5,5,6645
W,14,80,2,ai,104,1700,35
W,14,80,3,log,38,450,16
S,14,80,885,1370
W,15,80,1,ctrl,16,300,2
D,15,80,5,5,7504
W,15,80,2,ai,106,1700,37
W,15,80,3,log,20,450,16
S,15,80,787,1307
W,16,80,1,ctrl,14,300,2
D,16,80,5,5,7911
W,16,80,2,ai,80,1700,37
W,16,80,3,log,25,450,16
S,16,80,783,1042
W,17,80,1,ctrl,15,300,2
D,17,80,5,5,8740
W,17,80,2,ai,111,1900,40
W,17,80,3,log,30,500,18
S,17,80,887,1156
W,18,80,1,ctrl,15,300,2
D,18,80,5,5,9775
W,18,80,2,ai,114,1900,41
W,18,80,3,log,31,500,18
S,18,80,870,1193
J,1,ctrl,1,148,121,75973,1971,77352,94642006,2,1981
# done
# RUN config=heavy alpha=80 rep=3/3
# prev_baseline_reset ngroups=3
# schedlab win=100 total=3600 groups=3
W,1,80,1,ctrl,41,300,2
D,1,80,18,6,14
W,1,80,2,ai,41,400,7
W,1,80,3,log,28,150,5
S,1,80,795,1263
W,2,80,1,ctrl,34,300,2
D,2,80,15,12,266
W,2,80,2,ai,57,500,9
W,2,80,3,log,25,250,8
S,2,80,862,1106
W,3,80,1,ctrl,30,300,2
D,3,80,12,12,594
W,3,80,2,ai,62,800,14
W,3,80,3,log,30,300,10
S,3,80,884,1124
W,4,80,1,ctrl,24,300,2
D,4,80,11,11,658
W,4,80,2,ai,61,800,14
W,4,80,3,log,25,300,10
S,4,80,812,1030
W,5,80,1,ctrl,25,300,2
D,5,80,9,9,1233
W,5,80,2,ai,74,900,17
W,5,80,3,log,30,350,13
S,5,80,666,1012
W,6,80,1,ctrl,19,300,2
D,6,80,7,7,1550
W,6,80,2,ai,73,1000,19
W,6,80,3,log,31,350,13
S,6,80,854,1175
W,7,80,1,ctrl,22,300,2
D,7,80,8,8,2410
W,7,80,2,ai,74,1000,19
W,7,80,3,log,24,400,15
S,7,80,793,1175
W,8,80,1,ctrl,19,300,2
D,8,80,6,6,2422
W,8,80,2,ai,75,1000,20
W,8,80,3,log,29,400,15
S,8,80,666,1142
W,9,80,1,ctrl,21,300,2
D,9,80,8,8,4079
W,9,80,2,ai,92,1100,22
W,9,80,3,log,37,450,17
S,9,80,755,1157
W,10,80,1,ctrl,21,300,2
D,10,80,6,6,4274
W,10,80,2,ai,87,1300,25
W,10,80,3,log,34,450,17
S,10,80,696,1035
W,11,80,1,ctrl,21,300,2
D,11,80,7,7,6210
W,11,80,2,ai,115,1300,27
W,11,80,3,log,41,500,20
S,11,80,813,1203
W,12,80,1,ctrl,19,300,2
D,12,80,8,8,8351
W,12,80,2,ai,83,1500,30
W,12,80,3,log,34,500,20
S,12,80,801,1068
W,13,80,1,ctrl,16,300,2
D,13,80,5,5,6067
W,13,80,2,ai,93,1500,30
W,13,80,3,log,29,500,20
S,13,80,862,1130
W,14,80,1,ctrl,14,300,2
D,14,80,4,4,5556
W,14,80,2,ai,96,1500,32
W,14,80,3,log,34,550,22
S,14,80,710,1309
W,15,80,1,ctrl,16,300,2
D,15,80,5,5,7730
W,15,80,2,ai,98,1600,34
W,15,80,3,log,33,550,22
S,15,80,665,1129
W,16,80,1,ctrl,16,300,2
D,16,80,6,6,10257
W,16,80,2,ai,97,1600,34
W,16,80,3,log,36,550,22
S,16,80,743,1140
W,17,80,1,ctrl,17,300,2
D,17,80,4,4,7568
W,17,80,2,ai,96,1700,37
W,17,80,3,log,34,600,24
S,17,80,333,1000
W,18,80,1,ctrl,16,300,2
D,18,80,5,5,10352
W,18,80,2,ai,104,1700,36
W,18,80,3,log,39,550,22
S,18,80,870,1170
J,1,ctrl,1,144,129,79591,2087,80965,103585289,2,2097
# done
# WARMUP config=heavy alpha=90
# prev_baseline_reset ngroups=3
# schedlab win=100 total=3600 groups=3
W,1,90,1,ctrl,39,300,2
D,1,90,16,5,11
W,1,90,2,ai,40,500,7
W,1,90,3,log,29,200,5
S,1,90,885,1351
W,2,90,1,ctrl,23,300,2
D,2,90,11,7,28
W,2,90,2,ai,32,600,8
W,2,90,3,log,30,300,8
S,2,90,770,1329
W,3,90,1,ctrl,31,300,2
D,3,90,12,12,682
W,3,90,2,ai,68,800,11
W,3,90,3,log,29,350,10
S,3,90,874,1066
W,4,90,1,ctrl,26,300,2
D,4,90,10,10,1408
W,4,90,2,ai,89,1100,15
W,4,90,3,log,29,450,12
S,4,90,882,1208
W,5,90,1,ctrl,19,300,2
D,5,90,8,8,1597
W,5,90,2,ai,69,1200,17
W,5,90,3,log,26,450,12
S,5,90,763,1016
W,6,90,1,ctrl,20,300,2
D,6,90,8,8,2599
W,6,90,2,ai,90,1400,20
W,6,90,3,log,36,550,15
S,6,90,823,1009
W,7,90,1,ctrl,15,300,2
D,7,90,6,6,2894
W,7,90,2,ai,86,1600,22
W,7,90,3,log,36,550,15
S,7,90,863,1119
W,8,90,1,ctrl,13,300,2
D,8,90,5,5,2780
W,8,90,2,ai,75,1600,22
W,8,90,3,log,25,600,17
S,8,90,804,1085
W,9,90,1,ctrl,14,300,2
D,9,90,5,5,3220
W,9,90,2,ai,78,1800,25
W,9,90,3,log,29,600,17
S,9,90,781,1034
W,10,90,1,ctrl,15,300,2
D,10,90,5,5,4210
W,10,90,2,ai,115,1900,27
W,10,90,3,log,46,600,17
S,10,90,887,1258
W,11,90,1,ctrl,17,300,2
D,11,90,5,5,5320
W,11,90,2,ai,114,2100,30
W,11,90,3,log,33,700,20
S,11,90,843,1119
W,12,90,1,ctrl,13,300,2
D,12,90,4,4,4849
W,12,90,2,ai,105,2200,32
W,12,90,3,log,32,700,20
S,12,90,857,1081
W,13,90,1,ctrl,13,300,2
D,13,90,5,5,6934
W,13,90,2,ai,101,2200,32
W,13,90,3,log,35,800,22
S,13,90,831,1034
W,14,90,1,ctrl,10,300,2
D,14,90,3,3,4957
W,14,90,2,ai,100,2300,34
W,14,90,3,log,36,800,22
S,14,90,866,1294
W,15,90,1,ctrl,10,300,2
D,15,90,2,2,3484
W,15,90,2,ai,75,2300,34
W,15,90,3,log,25,800,22
S,15,90,806,1035
W,16,90,1,ctrl,10,300,2
D,16,90,3,3,5900
W,16,90,2,ai,116,2500,37
W,16,90,3,log,37,800,22
S,16,90,781,1360
W,17,90,1,ctrl,9,300,2
D,17,90,3,3,6621
W,17,90,2,ai,117,2700,39
W,17,90,3,log,37,850,24
S,17,90,831,1400
W,18,90,1,ctrl,6,300,1
D,18,90,1,1,2456
W,18,90,2,ai,103,100,2
W,18,90,3,log,32,50,1
S,18,90,784,15857
J,1,ctrl,1,112,97,59950,2456,60993,78839953,2,2466
# done
# RUN config=heavy alpha=90 rep=1/3
# prev_baseline_reset ngroups=3
# schedlab win=100 total=3600 groups=3
W,1,90,1,ctrl,42,300,2
D,1,90,16,5,16
W,1,90,2,ai,50,500,7
W,1,90,3,log,26,250,6
S,1,90,824,1125
W,2,90,1,ctrl,26,300,2
D,2,90,11,9,84
W,2,90,2,ai,58,800,11
W,2,90,3,log,22,250,7
S,2,90,888,1082
W,3,90,1,ctrl,23,300,2
D,3,90,11,11,317
W,3,90,2,ai,65,1000,14
W,3,90,3,log,20,250,7
S,3,90,878,1073
W,4,90,1,ctrl,20,300,2
D,4,90,8,8,922
W,4,90,2,ai,87,1200,16
W,4,90,3,log,24,350,9
S,4,90,870,1065
W,5,90,1,ctrl,20,300,2
D,5,90,6,6,1397
W,5,90,2,ai,103,1400,19
W,5,90,3,log,25,400,11
S,5,90,816,1130
W,6,90,1,ctrl,13,300,2
D,6,90,6,6,1937
W,6,90,2,ai,70,1500,21
W,6,90,3,log,20,400,11
S,6,90,763,1079
W,7,90,1,ctrl,14,300,2
D,7,90,5,5,1895
W,7,90,2,ai,76,1700,24
W,7,90,3,log,25,400,11
S,7,90,718,1072
W,8,90,1,ctrl,16,300,2
D,8,90,4,4,2139
W,8,90,2,ai,106,1800,26
W,8,90,3,log,32,500,14
S,8,90,832,1116
W,9,90,1,ctrl,16,300,2
D,9,90,5,5,3637
W,9,90,2,ai,105,2000,29
W,9,90,3,log,29,500,14
S,9,90,710,1020
W,10,90,1,ctrl,17,300,2
D,10,90,5,5,4676
W,10,90,2,ai,112,2000,29
W,10,90,3,log,36,600,16
S,10,90,665,1016
W,11,90,1,ctrl,16,300,2
D,11,90,5,5,5826
W,11,90,2,ai,126,2100,31
W,11,90,3,log,38,600,16
S,11,90,665,1136
W,12,90,1,ctrl,11,300,2
D,12,90,3,3,4215
W,12,90,2,ai,109,2300,34
W,12,90,3,log,20,700,19
S,12,90,761,1492
W,13,90,1,ctrl,9,300,2
D,13,90,2,2,3189
W,13,90,2,ai,106,2500,36
W,13,90,3,log,41,700,19
S,13,90,889,1491
W,14,90,1,ctrl,11,300,2
D,14,90,3,3,5204
W,14,90,2,ai,115,2500,36
W,14,90,3,log,23,700,19
S,14,90,800,1298
W,15,90,1,ctrl,11,300,2
D,15,90,2,2,4081
W,15,90,2,ai,117,2500,37
W,15,90,3,log,32,750,21
S,15,90,878,1235
W,16,90,1,ctrl,9,300,2
D,16,90,3,3,6811
W,16,90,2,ai,120,2700,39
W,16,90,3,log,32,750,21
S,16,90,718,1454
W,17,90,1,ctrl,11,300,2
D,17,90,2,2,5010
W,17,90,2,ai,127,2300,34
W,17,90,3,log,38,650,18
S,17,90,878,1483
J,1,ctrl,1,97,84,51356,2509,52269,74187821,1,2519
# done
# RUN config=heavy alpha=90 rep=2/3
# prev_baseline_reset ngroups=3
# schedlab win=100 total=3600 groups=3
W,1,90,1,ctrl,52,300,2
D,1,90,15,7,77
W,1,90,2,ai,85,800,11
W,1,90,3,log,27,200,5
S,1,90,741,1187
W,2,90,1,ctrl,23,300,2
D,2,90,7,7,440
W,2,90,2,ai,72,1000,13
W,2,90,3,log,19,200,5
S,2,90,685,1055
W,3,90,1,ctrl,23,300,2
D,3,90,5,5,965
W,3,90,2,ai,101,1200,17
W,3,90,3,log,21,250,7
S,3,90,766,1082
W,4,90,1,ctrl,23,300,2
D,4,90,6,6,1850
W,4,90,2,ai,90,1400,20
W,4,90,3,log,21,350,10
S,4,90,884,1089
W,5,90,1,ctrl,13,300,2
D,5,90,5,5,2007
W,5,90,2,ai,89,1600,23
W,5,90,3,log,17,350,10
S,5,90,870,1220
W,6,90,1,ctrl,15,300,2
D,6,90,5,5,2489
W,6,90,2,ai,96,1800,26
W,6,90,3,log,24,500,13
S,6,90,799,1084
W,7,90,1,ctrl,16,300,2
D,7,90,4,4,2628
W,7,90,2,ai,117,2000,29
W,7,90,3,log,34,500,13
S,7,90,898,1126
W,8,90,1,ctrl,16,300,2
D,8,90,2,2,1720
W,8,90,2,ai,149,2200,32
W,8,90,3,log,32,550,15
S,8,90,888,1209
W,9,90,1,ctrl,17,300,2
D,9,90,3,3,3242
W,9,90,2,ai,113,2300,34
W,9,90,3,log,32,550,15
S,9,90,828,1047
W,10,90,1,ctrl,9,300,2
D,10,90,3,3,3585
W,10,90,2,ai,126,2500,36
W,10,90,3,log,33,600,17
S,10,90,882,1660
W,11,90,1,ctrl,12,300,2
D,11,90,1,1,1458
W,11,90,2,ai,138,2700,39
W,11,90,3,log,27,600,17
S,11,90,897,1238
W,12,90,1,ctrl,10,300,2
D,12,90,2,2,3365
W,12,90,2,ai,117,2900,43
W,12,90,3,log,24,650,18
S,12,90,888,1166
W,13,90,1,ctrl,11,300,2
D,13,90,1,1,1857
W,13,90,2,ai,126,2900,43
W,13,90,3,log,27,650,18
S,13,90,822,1149
W,14,90,1,ctrl,9,300,2
D,14,90,3,3,6080
W,14,90,2,ai,153,3000,45
W,14,90,3,log,33,700,20
S,14,90,780,1630
W,15,90,1,ctrl,10,300,2
D,15,90,1,1,2202
W,15,90,2,ai,122,3100,47
W,15,90,3,log,30,700,20
S,15,90,793,1196
W,16,90,1,ctrl,11,300,2
D,16,90,2,2,4932
W,16,90,2,ai,126,3300,50
W,16,90,3,log,30,700,20
S,16,90,812,1061
W,17,90,1,ctrl,14,300,2
D,17,90,3,3,7873
W,17,90,2,ai,157,3300,50
W,17,90,3,log,47,800,22
S,17,90,743,1062
J,1,ctrl,1,69,61,49619,2849,50276,84198568,3,2859
# done
W,1,90,1,ctrl,52,300,2
D,1,90,15,7,77
W,1,90,2,ai,85,800,11
W,1,90,3,log,27,200,5
S,1,90,741,1187
W,2,90,1,ctrl,23,300,2
D,2,90,7,7,440
W,2,90,2,ai,72,1000,13
W,2,90,3,log,19,200,5
S,2,90,685,1055
W,3,90,1,ctrl,23,300,2
D,3,90,5,5,965
W,3,90,2,ai,101,1200,17
W,3,90,3,log,21,250,7
S,3,90,766,1082
W,4,90,1,ctrl,23,300,2
D,4,90,6,6,1850
W,4,90,2,ai,90,1400,20
W,4,90,3,log,21,350,10
S,4,90,884,1089
W,5,90,1,ctrl,13,300,2
D,5,90,5,5,2007
W,5,90,2,ai,89,1600,23
W,5,90,3,log,17,350,10
S,5,90,870,1220
W,6,90,1,ctrl,15,300,2
D,6,90,5,5,2489
W,6,90,2,ai,96,1800,26
W,6,90,3,log,24,500,13
S,6,90,799,1084
W,7,90,1,ctrl,16,300,2
D,7,90,4,4,2628
W,7,90,2,ai,117,2000,29
W,7,90,3,log,34,500,13
S,7,90,898,1126
W,8,90,1,ctrl,16,300,2
D,8,90,2,2,1720
W,8,90,2,ai,149,2200,32
W,8,90,3,log,32,550,15
S,8,90,888,1209
W,9,90,1,ctrl,17,300,2
D,9,90,3,3,3242
W,9,90,2,ai,113,2300,34
W,9,90,3,log,32,550,15
S,9,90,828,1047
W,10,90,1,ctrl,9,300,2
D,10,90,3,3,3585
W,10,90,2,ai,126,2500,36
W,10,90,3,log,33,600,17
S,10,90,882,1660
W,11,90,1,ctrl,12,300,2
D,11,90,1,1,1458
W,11,90,2,ai,138,2700,39
W,11,90,3,log,27,600,17
S,11,90,897,1238
W,12,90,1,ctrl,10,300,2
D,12,90,2,2,3365
W,12,90,2,ai,117,2900,43
W,12,90,3,log,24,650,18
S,12,90,888,1166
W,13,90,1,ctrl,11,300,2
D,13,90,1,1,1857
W,13,90,2,ai,126,2900,43
W,13,90,3,log,27,650,18
S,13,90,822,1149
W,14,90,1,ctrl,9,300,2
D,14,90,3,3,6080
W,14,90,2,ai,153,3000,45
W,14,90,3,log,33,700,20
S,14,90,780,1630
W,15,90,1,ctrl,10,300,2
D,15,90,1,1,2202
W,15,90,2,ai,122,3100,47
W,15,90,3,log,30,700,20
S,15,90,793,1196
W,16,90,1,ctrl,11,300,2
D,16,90,2,2,4932
W,16,90,2,ai,126,3300,50
W,16,90,3,log,30,700,20
S,16,90,812,1061
W,17,90,1,ctrl,14,300,2
D,17,90,3,3,7873
W,17,90,2,ai,157,3300,50
W,17,90,3,log,47,800,22
S,17,90,743,1062
J,1,ctrl,1,69,61,49619,2849,50276,84198568,3,2859
# done
# done
# WARMUP config=heavy alpha=100
# prev_baseline_reset ngroups=3
# schedlab win=100 total=3600 groups=3
W,1,100,1,ctrl,40,600,2
D,1,100,16,7,60
W,1,100,2,ai,100,1100,11
W,1,100,3,log,37,350,7
S,1,100,880,1297
W,2,100,1,ctrl,21,600,2
D,2,100,7,7,357
W,2,100,2,ai,77,1500,15
W,2,100,3,log,20,350,7
S,2,100,877,1378
W,3,100,1,ctrl,18,600,2
D,3,100,5,5,698
W,3,100,2,ai,94,1800,18
W,3,100,3,log,25,450,9
S,3,100,851,1603
W,4,100,1,ctrl,15,600,2
D,4,100,5,5,1164
W,4,100,2,ai,85,2100,21
W,4,100,3,log,18,450,9
S,4,100,769,1496
W,5,100,1,ctrl,15,600,2
D,5,100,4,4,1414
W,5,100,2,ai,111,2400,24
W,5,100,3,log,20,550,11
S,5,100,802,1656
W,6,100,1,ctrl,14,600,2
D,6,100,4,4,1912
W,6,100,2,ai,99,2600,26
W,6,100,3,log,26,550,11
S,6,100,850,1600
W,7,100,1,ctrl,13,600,2
D,7,100,4,4,2319
W,7,100,2,ai,99,2900,29
W,7,100,3,log,24,700,14
S,7,100,800,1494
W,8,100,1,ctrl,16,600,2
D,8,100,5,5,3818
W,8,100,2,ai,136,3200,32
W,8,100,3,log,28,700,14
S,8,100,666,1511
W,9,100,1,ctrl,8,600,2
D,9,100,2,2,1832
W,9,100,2,ai,97,3400,34
W,9,100,3,log,23,850,17
S,9,100,710,1983
W,10,100,1,ctrl,12,600,2
D,10,100,1,1,1050
W,10,100,2,ai,116,3700,37
W,10,100,3,log,31,850,17
S,10,100,827,1546
W,11,100,1,ctrl,10,600,2
D,11,100,2,2,2478
W,11,100,2,ai,126,3800,38
W,11,100,3,log,33,900,18
S,11,100,893,1915
W,12,100,1,ctrl,11,600,2
D,12,100,2,2,2859
W,12,100,2,ai,108,3800,38
W,12,100,3,log,25,900,18
S,12,100,737,1486
W,13,100,1,ctrl,12,600,2
D,13,100,2,2,3240
W,13,100,2,ai,143,4100,41
W,13,100,3,log,25,900,18
S,13,100,866,1621
W,14,100,1,ctrl,13,600,2
D,14,100,3,3,5519
W,14,100,2,ai,130,4300,43
W,14,100,3,log,39,1000,20
S,14,100,845,1422
W,15,100,1,ctrl,13,600,2
D,15,100,5,5,10335
W,15,100,2,ai,181,4600,46
W,15,100,3,log,31,1000,20
S,15,100,872,1684
W,16,100,1,ctrl,13,600,2
D,16,100,2,2,4580
W,16,100,2,ai,97,4900,49
W,16,100,3,log,23,1100,22
S,16,100,887,1017
W,17,100,1,ctrl,15,600,2
D,17,100,2,2,4958
W,17,100,2,ai,141,5000,50
W,17,100,3,log,42,1100,22
S,17,100,840,1186
W,18,100,1,ctrl,9,300,1
D,18,100,2,2,5551
W,18,100,2,ai,142,300,3
W,18,100,3,log,19,50,1
S,18,100,723,8865
J,1,ctrl,1,73,64,54144,2865,54831,92104751,1,2875
# done
# RUN config=heavy alpha=100 rep=1/3
# prev_baseline_reset ngroups=3
# schedlab win=100 total=3600 groups=3
W,1,100,1,ctrl,50,600,2
D,1,100,15,8,82
W,1,100,2,ai,94,1000,10
W,1,100,3,log,27,300,6
S,1,100,666,1078
W,2,100,1,ctrl,28,600,2
D,2,100,10,10,676
W,2,100,2,ai,86,1500,15
W,2,100,3,log,23,350,7
S,2,100,870,1196
W,3,100,1,ctrl,20,600,2
D,3,100,6,6,1105
W,3,100,2,ai,107,1800,18
W,3,100,3,log,17,350,7
S,3,100,733,1579
W,4,100,1,ctrl,22,600,2
D,4,100,7,7,2086
W,4,100,2,ai,121,2100,21
W,4,100,3,log,24,450,9
S,4,100,677,1450
W,5,100,1,ctrl,15,600,2
D,5,100,3,3,1319
W,5,100,2,ai,93,2400,24
W,5,100,3,log,20,550,11
S,5,100,692,1444
W,6,100,1,ctrl,15,600,2
D,6,100,4,4,2209
W,6,100,2,ai,106,2600,26
W,6,100,3,log,23,550,11
S,6,100,811,1538
W,7,100,1,ctrl,16,600,2
D,7,100,3,3,1989
W,7,100,2,ai,139,2900,29
W,7,100,3,log,27,650,13
S,7,100,747,1655
W,8,100,1,ctrl,15,600,2
D,8,100,5,5,4342
W,8,100,2,ai,109,3100,31
W,8,100,3,log,24,650,13
S,8,100,870,1356
W,9,100,1,ctrl,10,600,2
D,9,100,1,1,1080
W,9,100,2,ai,105,3300,33
W,9,100,3,log,24,750,15
S,9,100,787,1816
W,10,100,1,ctrl,10,600,2
D,10,100,3,3,3615
W,10,100,2,ai,94,3500,35
W,10,100,3,log,24,750,15
S,10,100,840,1576
W,11,100,1,ctrl,11,600,2
D,11,100,2,2,2750
W,11,100,2,ai,120,3600,36
W,11,100,3,log,25,750,15
S,11,100,780,1728
W,12,100,1,ctrl,11,600,2
D,12,100,2,2,3109
W,12,100,2,ai,117,3600,36
W,12,100,3,log,30,850,17
S,12,100,882,1710
W,13,100,1,ctrl,14,600,2
D,13,100,2,2,3502
W,13,100,2,ai,157,3800,38
W,13,100,3,log,34,850,17
S,13,100,724,1676
W,14,100,1,ctrl,16,600,2
D,14,100,3,3,6144
W,14,100,2,ai,125,3900,39
W,14,100,3,log,29,950,19
S,14,100,793,1170
W,15,100,1,ctrl,12,600,2
D,15,100,3,3,6915
W,15,100,2,ai,165,4100,41
W,15,100,3,log,50,1050,21
S,15,100,819,2000
W,16,100,1,ctrl,23,600,2
D,16,100,3,3,7990
W,16,100,2,ai,217,4300,43
W,16,100,3,log,42,750,15
S,16,100,846,1308
J,1,ctrl,1,73,66,51791,2878,52502,87242258,2,2888
# done
# RUN config=heavy alpha=100 rep=2/3
# prev_baseline_reset ngroups=3
# schedlab win=100 total=3600 groups=3
W,1,100,1,ctrl,40,600,2
D,1,100,16,7,60
W,1,100,2,ai,100,1100,11
W,1,100,3,log,37,350,7
S,1,100,880,1297
W,2,100,1,ctrl,21,600,2
D,2,100,7,7,357
W,2,100,2,ai,77,1500,15
W,2,100,3,log,20,350,7
S,2,100,877,1378
W,3,100,1,ctrl,18,600,2
D,3,100,5,5,698
W,3,100,2,ai,94,1800,18
W,3,100,3,log,25,450,9
S,3,100,851,1603
W,4,100,1,ctrl,15,600,2
D,4,100,5,5,1164
W,4,100,2,ai,85,2100,21
W,4,100,3,log,18,450,9
S,4,100,769,1496
W,5,100,1,ctrl,15,600,2
D,5,100,4,4,1414
W,5,100,2,ai,111,2400,24
W,5,100,3,log,20,550,11
S,5,100,802,1656
W,6,100,1,ctrl,14,600,2
D,6,100,4,4,1912
W,6,100,2,ai,99,2600,26
W,6,100,3,log,26,550,11
S,6,100,850,1600
W,7,100,1,ctrl,13,600,2
D,7,100,4,4,2319
W,7,100,2,ai,99,2900,29
W,7,100,3,log,24,700,14
S,7,100,800,1494
W,8,100,1,ctrl,16,600,2
D,8,100,5,5,3818
W,8,100,2,ai,136,3200,32
W,8,100,3,log,28,700,14
S,8,100,666,1511
W,9,100,1,ctrl,8,600,2
D,9,100,2,2,1832
W,9,100,2,ai,97,3400,34
W,9,100,3,log,23,850,17
S,9,100,710,1983
W,10,100,1,ctrl,12,600,2
D,10,100,1,1,1050
W,10,100,2,ai,116,3700,37
W,10,100,3,log,31,850,17
S,10,100,827,1546
W,11,100,1,ctrl,10,600,2
D,11,100,2,2,2478
W,11,100,2,ai,126,3800,38
W,11,100,3,log,33,900,18
S,11,100,893,1915
W,12,100,1,ctrl,11,600,2
D,12,100,2,2,2859
W,12,100,2,ai,108,3800,38
W,12,100,3,log,25,900,18
S,12,100,737,1486
W,13,100,1,ctrl,12,600,2
D,13,100,2,2,3240
W,13,100,2,ai,143,4100,41
W,13,100,3,log,25,900,18
S,13,100,866,1621
W,14,100,1,ctrl,13,600,2
D,14,100,3,3,5519
W,14,100,2,ai,130,4300,43
W,14,100,3,log,39,1000,20
S,14,100,845,1422
W,15,100,1,ctrl,13,600,2
D,15,100,5,5,10335
W,15,100,2,ai,181,4600,46
W,15,100,3,log,31,1000,20
S,15,100,872,1684
W,16,100,1,ctrl,13,600,2
D,16,100,2,2,4580
W,16,100,2,ai,97,4900,49
W,16,100,3,log,23,1100,22
S,16,100,887,1017
W,17,100,1,ctrl,15,600,2
D,17,100,2,2,4958
W,17,100,2,ai,141,5000,50
W,17,100,3,log,42,1100,22
S,17,100,840,1186
W,18,100,1,ctrl,9,300,1
D,18,100,2,2,5551
W,18,100,2,ai,142,300,3
W,18,100,3,log,19,50,1
S,18,100,723,8865
J,1,ctrl,1,73,64,54144,2865,54831,92104751,1,2875
# done
# RUN config=heavy alpha=100 rep=3/3
# prev_baseline_reset ngroups=3
# schedlab win=100 total=3600 groups=3
W,1,100,1,ctrl,40,600,2
D,1,100,16,7,60
W,1,100,2,ai,100,1100,11
W,1,100,3,log,37,350,7
S,1,100,880,1297
W,2,100,1,ctrl,21,600,2
D,2,100,7,7,357
W,2,100,2,ai,77,1500,15
W,2,100,3,log,20,350,7
S,2,100,877,1378
W,3,100,1,ctrl,18,600,2
D,3,100,5,5,698
W,3,100,2,ai,94,1800,18
W,3,100,3,log,25,450,9
S,3,100,851,1603
W,4,100,1,ctrl,15,600,2
D,4,100,5,5,1164
W,4,100,2,ai,85,2100,21
W,4,100,3,log,18,450,9
S,4,100,769,1496
W,5,100,1,ctrl,15,600,2
D,5,100,4,4,1414
W,5,100,2,ai,111,2400,24
W,5,100,3,log,20,550,11
S,5,100,802,1656
W,6,100,1,ctrl,14,600,2
D,6,100,4,4,1912
W,6,100,2,ai,99,2600,26
W,6,100,3,log,26,550,11
S,6,100,850,1600
W,7,100,1,ctrl,13,600,2
D,7,100,4,4,2319
W,7,100,2,ai,99,2900,29
W,7,100,3,log,24,700,14
S,7,100,800,1494
W,8,100,1,ctrl,16,600,2
D,8,100,5,5,3818
W,8,100,2,ai,136,3200,32
W,8,100,3,log,28,700,14
S,8,100,666,1511
W,9,100,1,ctrl,8,600,2
D,9,100,2,2,1832
W,9,100,2,ai,97,3400,34
W,9,100,3,log,23,850,17
S,9,100,710,1983
W,10,100,1,ctrl,12,600,2
D,10,100,1,1,1050
W,10,100,2,ai,116,3700,37
W,10,100,3,log,31,850,17
S,10,100,827,1546
W,11,100,1,ctrl,10,600,2
D,11,100,2,2,2478
W,11,100,2,ai,126,3800,38
W,11,100,3,log,33,900,18
S,11,100,893,1915
W,12,100,1,ctrl,11,600,2
D,12,100,2,2,2859
W,12,100,2,ai,108,3800,38
W,12,100,3,log,25,900,18
S,12,100,737,1486
W,13,100,1,ctrl,12,600,2
D,13,100,2,2,3240
W,13,100,2,ai,143,4100,41
W,13,100,3,log,25,900,18
S,13,100,866,1621
W,14,100,1,ctrl,13,600,2
D,14,100,3,3,5519
W,14,100,2,ai,130,4300,43
W,14,100,3,log,39,1000,20
S,14,100,845,1422
W,15,100,1,ctrl,13,600,2
D,15,100,5,5,10335
W,15,100,2,ai,181,4600,46
W,15,100,3,log,31,1000,20
S,15,100,872,1684
W,16,100,1,ctrl,13,600,2
D,16,100,2,2,4580
W,16,100,2,ai,97,4900,49
W,16,100,3,log,23,1100,22
S,16,100,887,1017
W,17,100,1,ctrl,15,600,2
D,17,100,2,2,4958
W,17,100,2,ai,141,5000,50
W,17,100,3,log,42,1100,22
S,17,100,840,1186
W,18,100,1,ctrl,9,300,1
D,18,100,2,2,5551
W,18,100,2,ai,142,300,3
W,18,100,3,log,19,50,1
S,18,100,723,8865
J,1,ctrl,1,73,64,54144,2865,54831,92104751,1,2875
# done
# sexp2_multi ALL DONE