=== 构建用户程序 (riscv64) ===
[user] cache hit app0: 01_busy.c, 11536 bytes (ELF)
[user] cache hit app1: 02_raw.S, 5128 bytes (ELF)
[user] cache hit app2: 03_hello.c, 11568 bytes (ELF)
[user] cache hit app3: 04_fork_wait.c, 15824 bytes (ELF)
[user] cache hit app4: 05_getpid_sleep.c, 15776 bytes (ELF)
[user] cache hit app5: 06_estimate_pi.c, 20128 bytes (ELF)
[user] cache hit app6: 07_fibonacci.c, 20080 bytes (ELF)
[user] cache hit app7: 08_cat_motd.c, 11664 bytes (ELF)
[user] cache hit app8: 09_fs_stress.c, 20312 bytes (ELF)
[user] cache hit app9: 10_fs_stress2.c, 24832 bytes (ELF)
[user] cache hit app10: 11_open_exec.c, 15832 bytes (ELF)
[user] cache hit app11: 12_stat_test.c, 15880 bytes (ELF)
[user] cache hit app12: 13_fork_stride_test.c, 20120 bytes (ELF)
[user] cache hit app13: 14_thread_test.c, 20560 bytes (ELF)
[user] cache hit app14: 15_mmap_test.c, 11584 bytes (ELF)
[user] cache hit app15: 16_mmap_stress.c, 19944 bytes (ELF)
[user] cache hit app16: 17_malloc_test.c, 16544 bytes (ELF)
[user] cache hit app17: 18_elf_bss_test.c, 11680 bytes (ELF)
[user] cache hit app18: 19_little_stress.c, 25008 bytes (ELF)
[user] cache hit app19: 20_little_stress2.c, 25368 bytes (ELF)
[user] cache hit app20: 21_malloc_test.c, 24928 bytes (ELF)
[user] cache hit app21: 22_lock_test.c, 20600 bytes (ELF)
[user] cache hit app22: 23_thread_malloc_test.c, 20624 bytes (ELF)
[user] cache hit app23: 24_mmap_reuse_test.c, 15752 bytes (ELF)
[user] cache hit app24: 25_thread_stack_reuse_test.c, 20456 bytes (ELF)
[user] cache hit app25: 26_sqrt_schedule_test.c, 20856 bytes (ELF)
[user] cache hit app26: 27_thread_stride_test.c, 20784 bytes (ELF)
[user] cache hit app27: 28_mixed_workload_sched_test.c, 25048 bytes (ELF)
[user] cache hit app28: 29_ticket_syscall_test.c, 20760 bytes (ELF)
[user] cache hit app29: 30_alpha_sched_test.c, 25184 bytes (ELF)
[user] cache hit app30: 31_reset_sched_test.c, 15848 bytes (ELF)
[user] cache hit app31: 32_sched_stat_test.c, 15808 bytes (ELF)
[user] cache hit app32: 33_alpha_sched_stat_test.c, 25328 bytes (ELF)
[user] cache hit app33: 34_edge_deadline_test.c, 29704 bytes (ELF)
[user] cache hit app34: 35_alpha_arg_test.c, 25392 bytes (ELF)
[user] cache hit app35: 36_edge_deadline_arg_test.c, 29752 bytes (ELF)
[user] cache hit app36: 37_adaptive_alpha_test.c, 30112 bytes (ELF)
[user] cache hit app37: 38_stride_ticket_test.c, 20640 bytes (ELF)
[user] cache hit app38: 39_smoother_adaptive_alpha_test.c, 34304 bytes (ELF)
[user] cache hit app39: 40_dynamic_load_exp.c, 34312 bytes (ELF)
[user] cache hit app40: 41_pipe_test.c, 15920 bytes (ELF)
[user] cache hit app41: 42_pipe_stress.c, 20184 bytes (ELF)
[user] cache hit app42: 43_directly_return.c, 5368 bytes (ELF)
[user] cache hit app43: 44_pipe_writer.c, 11384 bytes (ELF)
[user] cache hit app44: 45_pipe_reader.c, 11408 bytes (ELF)
[user] cache hit app45: 46_test_tmpfs_rw.c, 11544 bytes (ELF)
[user] cache hit app46: 47_crud_test.c, 20568 bytes (ELF)
[user] cache hit app47: 48_echo_args.c, 11408 bytes (ELF)
[user] cache hit app48: 49_cat_stdin.c, 11408 bytes (ELF)
[user] cache hit app49: 50_tick_time.c, 15712 bytes (ELF)
[user] cache hit app50: 51_hello_rust.rs, 5160 bytes (ELF)
[user] cache hit app51: 52_rust_fibonacci.rs, 709760 bytes (ELF)
[user] cache hit app52: 53_rust_estimate_pi.rs, 709728 bytes (ELF)
[user] cache hit app53: 54_open_test.c, 19984 bytes (ELF)
[user] cache hit app54: 55_open_test2.c, 20192 bytes (ELF)
[user] cache hit app55: 56_cpp_test.cpp, 10048 bytes (ELF)
[user] cache hit app56: 57_cpp_runtime.cpp, 10040 bytes (ELF)
[user] cache hit app57: 58_vector_test.cpp, 19104 bytes (ELF)
[user] cache hit app58: 59_cpp_test2.cpp, 10616 bytes (ELF)
[user] cache hit app59: 60_matmul_test.cpp, 24880 bytes (ELF)
[user] cache hit app60: 61_cmath_test.cpp, 24456 bytes (ELF)
[user] cache hit app61: 62_fp_test.cpp, 11496 bytes (ELF)
[user] cache hit app62: 63_cmath_test2.cpp, 41856 bytes (ELF)
[user] cache hit app63: 64_test_cmath_fdlibm.cpp, 23424 bytes (ELF)
[user] cache hit app64: 65_cpp_compat_test.cpp, 27136 bytes (ELF)
[user] cache hit app65: 66_cpp_vector_test.cpp, 34200 bytes (ELF)
[user] cache hit app66: 67_cpp_random_test.cpp, 28928 bytes (ELF)
[user] cache hit app67: 68_cpp_string_test.cpp, 35272 bytes (ELF)
[user] cache hit app68: 69_cpp_printf_test.cpp, 21432 bytes (ELF)
[user] cache hit app69: 70_cpp_std_bridge_test.cpp, 50232 bytes (ELF)
[user] cache hit app70: 71_cpp_ifstream.cpp, 28288 bytes (ELF)
[user] cache hit app71: 72_kill_oneself_test.c, 15704 bytes (ELF)
[user] cache hit app72: 73_loop_forever.c, 15664 bytes (ELF)
[user] cache hit app73: 74_illegal_insn.c, 15680 bytes (ELF)
[user] cache hit app74: 75_smp_cpu_bench.c, 19976 bytes (ELF)
[user] cache hit app75: 76_smp_syscall_bench.c, 15832 bytes (ELF)
[user] cache hit app76: 77_smp_fork_wait_bench.c, 15808 bytes (ELF)
[user] cache hit app77: 78_smp_cpu_probe.c, 20080 bytes (ELF)
[user] cache hit app78: 79_udp_test.c, 20024 bytes (ELF)
[user] cache hit app79: 80_tcp_test.c, 20024 bytes (ELF)
[user] cache hit app80: 81_schedlab_demo.c, 29904 bytes (ELF)
[user] cache hit app81: 82_env_test.c, 20056 bytes (ELF)
[user] cache hit app82: 83_id_test.c, 20144 bytes (ELF)
[user] cache hit app83: 84_priv.c, 19968 bytes (ELF)
[user] cache hit app84: 85_perm.c, 24640 bytes (ELF)
[user] cache hit app85: 86_groups.c, 15944 bytes (ELF)
[user] cache hit app86: calibrate.c, 34360 bytes (ELF)
[user] cache hit app87: cat.c, 11656 bytes (ELF)
[user] cache hit app88: echo.c, 11504 bytes (ELF)
[user] cache hit app89: getip.c, 15640 bytes (ELF)
[user] cache hit app90: grep.c, 11608 bytes (ELF)
[user] cache hit app91: login.c, 16792 bytes (ELF)
[user] cache hit app92: ls.c, 20040 bytes (ELF)
[user] cache hit app93: ping.c, 20072 bytes (ELF)
[user] cache hit app94: run_tick.c, 15808 bytes (ELF)
[user] cache hit app95: run_tick_and_time.c, 15864 bytes (ELF)
[user] cache hit app96: run_time.c, 15800 bytes (ELF)
[user] cache hit app97: schedlab.c, 30072 bytes (ELF)
[user] cache hit app98: setip.c, 15672 bytes (ELF)
[user] cache hit app99: sexp0_edf.c, 29952 bytes (ELF)
[user] cache hit app100: sexp1_mech.c, 29928 bytes (ELF)
[user] cache hit app101: sexp2_edge.c, 29992 bytes (ELF)
+ riscv64-unknown-elf-gcc -march=rv64gc -mabi=lp64d -mcmodel=medany -mno-relax -msmall-data-limit=0 -DUSER_ARCH_RISCV64 -ffreestanding -fno-builtin -fno-stack-protector -fno-pic -fno-pie -nostdlib -nostartfiles -static -I /home/abcc/RmikuOS/user/include -c /home/abcc/RmikuOS/user/lib/crt0_riscv64.S -o /home/abcc/RmikuOS/user/build/riscv64/sched/102_sexp2_medium_crt0.o
+ riscv64-unknown-elf-gcc -march=rv64gc -mabi=lp64d -mcmodel=medany -mno-relax -msmall-data-limit=0 -DUSER_ARCH_RISCV64 -ffreestanding -fno-builtin -fno-stack-protector -fno-pic -fno-pie -nostdlib -nostartfiles -static -I /home/abcc/RmikuOS/user/include -c /home/abcc/RmikuOS/user/sched/sexp2_medium.c -o /home/abcc/RmikuOS/user/build/riscv64/sched/102_sexp2_medium.o
+ riscv64-unknown-elf-gcc -march=rv64gc -mabi=lp64d -mcmodel=medany -mno-relax -msmall-data-limit=0 -DUSER_ARCH_RISCV64 -ffreestanding -fno-builtin -fno-stack-protector -fno-pic -fno-pie -nostdlib -nostartfiles -static -I /home/abcc/RmikuOS/user/include -c /home/abcc/RmikuOS/user/lib/syscall_riscv64.S -o /home/abcc/RmikuOS/user/build/riscv64/sched/102_sexp2_medium_runtime.o
+ riscv64-unknown-elf-gcc -march=rv64gc -mabi=lp64d -mcmodel=medany -mno-relax -msmall-data-limit=0 -DUSER_ARCH_RISCV64 -ffreestanding -fno-builtin -fno-stack-protector -fno-pic -fno-pie -nostdlib -nostartfiles -static -I /home/abcc/RmikuOS/user/include -c /home/abcc/RmikuOS/user/lib/string.c -o /home/abcc/RmikuOS/user/build/riscv64/sched/102_sexp2_medium_string.o
+ riscv64-unknown-elf-gcc -march=rv64gc -mabi=lp64d -mcmodel=medany -mno-relax -msmall-data-limit=0 -DUSER_ARCH_RISCV64 -nostdlib -nostartfiles -static -no-pie -Wl,--build-id=none -Wl,--no-relax -T /home/abcc/RmikuOS/user/linker-riscv64.ld /home/abcc/RmikuOS/user/build/riscv64/sched/102_sexp2_medium_crt0.o /home/abcc/RmikuOS/user/build/riscv64/sched/102_sexp2_medium.o /home/abcc/RmikuOS/user/build/riscv64/sched/102_sexp2_medium_runtime.o /home/abcc/RmikuOS/user/build/riscv64/sched/102_sexp2_medium_string.o -o /home/abcc/RmikuOS/user/build/riscv64/sched/102_sexp2_medium.elf
[user] built app102: sexp2_medium.c, 29992 bytes (ELF)
+ riscv64-unknown-elf-gcc -march=rv64gc -mabi=lp64d -mcmodel=medany -mno-relax -msmall-data-limit=0 -DUSER_ARCH_RISCV64 -ffreestanding -fno-builtin -fno-stack-protector -fno-pic -fno-pie -nostdlib -nostartfiles -static -I /home/abcc/RmikuOS/user/include -c /home/abcc/RmikuOS/user/lib/crt0_riscv64.S -o /home/abcc/RmikuOS/user/build/riscv64/sched/103_sexp2_multi_crt0.o
+ riscv64-unknown-elf-gcc -march=rv64gc -mabi=lp64d -mcmodel=medany -mno-relax -msmall-data-limit=0 -DUSER_ARCH_RISCV64 -ffreestanding -fno-builtin -fno-stack-protector -fno-pic -fno-pie -nostdlib -nostartfiles -static -I /home/abcc/RmikuOS/user/include -c /home/abcc/RmikuOS/user/sched/sexp2_multi.c -o /home/abcc/RmikuOS/user/build/riscv64/sched/103_sexp2_multi.o
+ riscv64-unknown-elf-gcc -march=rv64gc -mabi=lp64d -mcmodel=medany -mno-relax -msmall-data-limit=0 -DUSER_ARCH_RISCV64 -ffreestanding -fno-builtin -fno-stack-protector -fno-pic -fno-pie -nostdlib -nostartfiles -static -I /home/abcc/RmikuOS/user/include -c /home/abcc/RmikuOS/user/lib/syscall_riscv64.S -o /home/abcc/RmikuOS/user/build/riscv64/sched/103_sexp2_multi_runtime.o
+ riscv64-unknown-elf-gcc -march=rv64gc -mabi=lp64d -mcmodel=medany -mno-relax -msmall-data-limit=0 -DUSER_ARCH_RISCV64 -ffreestanding -fno-builtin -fno-stack-protector -fno-pic -fno-pie -nostdlib -nostartfiles -static -I /home/abcc/RmikuOS/user/include -c /home/abcc/RmikuOS/user/lib/string.c -o /home/abcc/RmikuOS/user/build/riscv64/sched/103_sexp2_multi_string.o
+ riscv64-unknown-elf-gcc -march=rv64gc -mabi=lp64d -mcmodel=medany -mno-relax -msmall-data-limit=0 -DUSER_ARCH_RISCV64 -nostdlib -nostartfiles -static -no-pie -Wl,--build-id=none -Wl,--no-relax -T /home/abcc/RmikuOS/user/linker-riscv64.ld /home/abcc/RmikuOS/user/build/riscv64/sched/103_sexp2_multi_crt0.o /home/abcc/RmikuOS/user/build/riscv64/sched/103_sexp2_multi.o /home/abcc/RmikuOS/user/build/riscv64/sched/103_sexp2_multi_runtime.o /home/abcc/RmikuOS/user/build/riscv64/sched/103_sexp2_multi_string.o -o /home/abcc/RmikuOS/user/build/riscv64/sched/103_sexp2_multi.elf
[user] built app103: sexp2_multi.c, 30016 bytes (ELF)
+ riscv64-unknown-elf-gcc -march=rv64gc -mabi=lp64d -mcmodel=medany -mno-relax -msmall-data-limit=0 -DUSER_ARCH_RISCV64 -ffreestanding -fno-builtin -fno-stack-protector -fno-pic -fno-pie -nostdlib -nostartfiles -static -I /home/abcc/RmikuOS/user/include -c /home/abcc/RmikuOS/user/lib/crt0_riscv64.S -o /home/abcc/RmikuOS/user/build/riscv64/sched/104_sexp3_aimd_crt0.o
+ riscv64-unknown-elf-gcc -march=rv64gc -mabi=lp64d -mcmodel=medany -mno-relax -msmall-data-limit=0 -DUSER_ARCH_RISCV64 -ffreestanding -fno-builtin -fno-stack-protector -fno-pic -fno-pie -nostdlib -nostartfiles -static -I /home/abcc/RmikuOS/user/include -c /home/abcc/RmikuOS/user/sched/sexp3_aimd.c -o /home/abcc/RmikuOS/user/build/riscv64/sched/104_sexp3_aimd.o
+ riscv64-unknown-elf-gcc -march=rv64gc -mabi=lp64d -mcmodel=medany -mno-relax -msmall-data-limit=0 -DUSER_ARCH_RISCV64 -ffreestanding -fno-builtin -fno-stack-protector -fno-pic -fno-pie -nostdlib -nostartfiles -static -I /home/abcc/RmikuOS/user/include -c /home/abcc/RmikuOS/user/lib/syscall_riscv64.S -o /home/abcc/RmikuOS/user/build/riscv64/sched/104_sexp3_aimd_runtime.o
+ riscv64-unknown-elf-gcc -march=rv64gc -mabi=lp64d -mcmodel=medany -mno-relax -msmall-data-limit=0 -DUSER_ARCH_RISCV64 -ffreestanding -fno-builtin -fno-stack-protector -fno-pic -fno-pie -nostdlib -nostartfiles -static -I /home/abcc/RmikuOS/user/include -c /home/abcc/RmikuOS/user/lib/string.c -o /home/abcc/RmikuOS/user/build/riscv64/sched/104_sexp3_aimd_string.o
+ riscv64-unknown-elf-gcc -march=rv64gc -mabi=lp64d -mcmodel=medany -mno-relax -msmall-data-limit=0 -DUSER_ARCH_RISCV64 -nostdlib -nostartfiles -static -no-pie -Wl,--build-id=none -Wl,--no-relax -T /home/abcc/RmikuOS/user/linker-riscv64.ld /home/abcc/RmikuOS/user/build/riscv64/sched/104_sexp3_aimd_crt0.o /home/abcc/RmikuOS/user/build/riscv64/sched/104_sexp3_aimd.o /home/abcc/RmikuOS/user/build/riscv64/sched/104_sexp3_aimd_runtime.o /home/abcc/RmikuOS/user/build/riscv64/sched/104_sexp3_aimd_string.o -o /home/abcc/RmikuOS/user/build/riscv64/sched/104_sexp3_aimd.elf
[user] built app104: sexp3_aimd.c, 30048 bytes (ELF)
+ riscv64-unknown-elf-gcc -march=rv64gc -mabi=lp64d -mcmodel=medany -mno-relax -msmall-data-limit=0 -DUSER_ARCH_RISCV64 -ffreestanding -fno-builtin -fno-stack-protector -fno-pic -fno-pie -nostdlib -nostartfiles -static -I /home/abcc/RmikuOS/user/include -c /home/abcc/RmikuOS/user/lib/crt0_riscv64.S -o /home/abcc/RmikuOS/user/build/riscv64/sched/105_sexp4_dyn_crt0.o
+ riscv64-unknown-elf-gcc -march=rv64gc -mabi=lp64d -mcmodel=medany -mno-relax -msmall-data-limit=0 -DUSER_ARCH_RISCV64 -ffreestanding -fno-builtin -fno-stack-protector -fno-pic -fno-pie -nostdlib -nostartfiles -static -I /home/abcc/RmikuOS/user/include -c /home/abcc/RmikuOS/user/sched/sexp4_dyn.c -o /home/abcc/RmikuOS/user/build/riscv64/sched/105_sexp4_dyn.o
+ riscv64-unknown-elf-gcc -march=rv64gc -mabi=lp64d -mcmodel=medany -mno-relax -msmall-data-limit=0 -DUSER_ARCH_RISCV64 -ffreestanding -fno-builtin -fno-stack-protector -fno-pic -fno-pie -nostdlib -nostartfiles -static -I /home/abcc/RmikuOS/user/include -c /home/abcc/RmikuOS/user/lib/syscall_riscv64.S -o /home/abcc/RmikuOS/user/build/riscv64/sched/105_sexp4_dyn_runtime.o
+ riscv64-unknown-elf-gcc -march=rv64gc -mabi=lp64d -mcmodel=medany -mno-relax -msmall-data-limit=0 -DUSER_ARCH_RISCV64 -ffreestanding -fno-builtin -fno-stack-protector -fno-pic -fno-pie -nostdlib -nostartfiles -static -I /home/abcc/RmikuOS/user/include -c /home/abcc/RmikuOS/user/lib/string.c -o /home/abcc/RmikuOS/user/build/riscv64/sched/105_sexp4_dyn_string.o
+ riscv64-unknown-elf-gcc -march=rv64gc -mabi=lp64d -mcmodel=medany -mno-relax -msmall-data-limit=0 -DUSER_ARCH_RISCV64 -nostdlib -nostartfiles -static -no-pie -Wl,--build-id=none -Wl,--no-relax -T /home/abcc/RmikuOS/user/linker-riscv64.ld /home/abcc/RmikuOS/user/build/riscv64/sched/105_sexp4_dyn_crt0.o /home/abcc/RmikuOS/user/build/riscv64/sched/105_sexp4_dyn.o /home/abcc/RmikuOS/user/build/riscv64/sched/105_sexp4_dyn_runtime.o /home/abcc/RmikuOS/user/build/riscv64/sched/105_sexp4_dyn_string.o -o /home/abcc/RmikuOS/user/build/riscv64/sched/105_sexp4_dyn.elf
[user] built app105: sexp4_dyn.c, 30016 bytes (ELF)
+ riscv64-unknown-elf-gcc -march=rv64gc -mabi=lp64d -mcmodel=medany -mno-relax -msmall-data-limit=0 -DUSER_ARCH_RISCV64 -ffreestanding -fno-builtin -fno-stack-protector -fno-pic -fno-pie -nostdlib -nostartfiles -static -I /home/abcc/RmikuOS/user/include -c /home/abcc/RmikuOS/user/lib/crt0_riscv64.S -o /home/abcc/RmikuOS/user/build/riscv64/bin/106_shell_crt0.o
+ riscv64-unknown-elf-gcc -march=rv64gc -mabi=lp64d -mcmodel=medany -mno-relax -msmall-data-limit=0 -DUSER_ARCH_RISCV64 -ffreestanding -fno-builtin -fno-stack-protector -fno-pic -fno-pie -nostdlib -nostartfiles -static -I /home/abcc/RmikuOS/user/include -c /home/abcc/RmikuOS/user/src/shell.c -o /home/abcc/RmikuOS/user/build/riscv64/bin/106_shell.o
+ riscv64-unknown-elf-gcc -march=rv64gc -mabi=lp64d -mcmodel=medany -mno-relax -msmall-data-limit=0 -DUSER_ARCH_RISCV64 -ffreestanding -fno-builtin -fno-stack-protector -fno-pic -fno-pie -nostdlib -nostartfiles -static -I /home/abcc/RmikuOS/user/include -c /home/abcc/RmikuOS/user/lib/syscall_riscv64.S -o /home/abcc/RmikuOS/user/build/riscv64/bin/106_shell_runtime.o
+ riscv64-unknown-elf-gcc -march=rv64gc -mabi=lp64d -mcmodel=medany -mno-relax -msmall-data-limit=0 -DUSER_ARCH_RISCV64 -ffreestanding -fno-builtin -fno-stack-protector -fno-pic -fno-pie -nostdlib -nostartfiles -static -I /home/abcc/RmikuOS/user/include -c /home/abcc/RmikuOS/user/lib/string.c -o /home/abcc/RmikuOS/user/build/riscv64/bin/106_shell_string.o
+ riscv64-unknown-elf-gcc -march=rv64gc -mabi=lp64d -mcmodel=medany -mno-relax -msmall-data-limit=0 -DUSER_ARCH_RISCV64 -nostdlib -nostartfiles -static -no-pie -Wl,--build-id=none -Wl,--no-relax -T /home/abcc/RmikuOS/user/linker-riscv64.ld /home/abcc/RmikuOS/user/build/riscv64/bin/106_shell_crt0.o /home/abcc/RmikuOS/user/build/riscv64/bin/106_shell.o /home/abcc/RmikuOS/user/build/riscv64/bin/106_shell_runtime.o /home/abcc/RmikuOS/user/build/riscv64/bin/106_shell_string.o -o /home/abcc/RmikuOS/user/build/riscv64/bin/106_shell.elf
[user] built app106: shell.c, 52368 bytes (ELF)
+ riscv64-unknown-elf-gcc -march=rv64gc -mabi=lp64d -mcmodel=medany -mno-relax -msmall-data-limit=0 -DUSER_ARCH_RISCV64 -ffreestanding -fno-builtin -fno-stack-protector -fno-pic -fno-pie -nostdlib -nostartfiles -static -I /home/abcc/RmikuOS/user/include -c /home/abcc/RmikuOS/user/lib/crt0_riscv64.S -o /home/abcc/RmikuOS/user/build/riscv64/bin/107_su_crt0.o
+ riscv64-unknown-elf-gcc -march=rv64gc -mabi=lp64d -mcmodel=medany -mno-relax -msmall-data-limit=0 -DUSER_ARCH_RISCV64 -ffreestanding -fno-builtin -fno-stack-protector -fno-pic -fno-pie -nostdlib -nostartfiles -static -I /home/abcc/RmikuOS/user/include -c /home/abcc/RmikuOS/user/src/su.c -o /home/abcc/RmikuOS/user/build/riscv64/bin/107_su.o
+ riscv64-unknown-elf-gcc -march=rv64gc -mabi=lp64d -mcmodel=medany -mno-relax -msmall-data-limit=0 -DUSER_ARCH_RISCV64 -ffreestanding -fno-builtin -fno-stack-protector -fno-pic -fno-pie -nostdlib -nostartfiles -static -I /home/abcc/RmikuOS/user/include -c /home/abcc/RmikuOS/user/lib/syscall_riscv64.S -o /home/abcc/RmikuOS/user/build/riscv64/bin/107_su_runtime.o
+ riscv64-unknown-elf-gcc -march=rv64gc -mabi=lp64d -mcmodel=medany -mno-relax -msmall-data-limit=0 -DUSER_ARCH_RISCV64 -ffreestanding -fno-builtin -fno-stack-protector -fno-pic -fno-pie -nostdlib -nostartfiles -static -I /home/abcc/RmikuOS/user/include -c /home/abcc/RmikuOS/user/lib/string.c -o /home/abcc/RmikuOS/user/build/riscv64/bin/107_su_string.o
+ riscv64-unknown-elf-gcc -march=rv64gc -mabi=lp64d -mcmodel=medany -mno-relax -msmall-data-limit=0 -DUSER_ARCH_RISCV64 -nostdlib -nostartfiles -static -no-pie -Wl,--build-id=none -Wl,--no-relax -T /home/abcc/RmikuOS/user/linker-riscv64.ld /home/abcc/RmikuOS/user/build/riscv64/bin/107_su_crt0.o /home/abcc/RmikuOS/user/build/riscv64/bin/107_su.o /home/abcc/RmikuOS/user/build/riscv64/bin/107_su_runtime.o /home/abcc/RmikuOS/user/build/riscv64/bin/107_su_string.o -o /home/abcc/RmikuOS/user/build/riscv64/bin/107_su.elf
[user] built app107: su.c, 16816 bytes (ELF)
+ riscv64-unknown-elf-gcc -march=rv64gc -mabi=lp64d -mcmodel=medany -mno-relax -msmall-data-limit=0 -DUSER_ARCH_RISCV64 -ffreestanding -fno-builtin -fno-stack-protector -fno-pic -fno-pie -nostdlib -nostartfiles -static -I /home/abcc/RmikuOS/user/include -c /home/abcc/RmikuOS/user/lib/crt0_riscv64.S -o /home/abcc/RmikuOS/user/build/riscv64/bin/108_tftp_crt0.o
+ riscv64-unknown-elf-gcc -march=rv64gc -mabi=lp64d -mcmodel=medany -mno-relax -msmall-data-limit=0 -DUSER_ARCH_RISCV64 -ffreestanding -fno-builtin -fno-stack-protector -fno-pic -fno-pie -nostdlib -nostartfiles -static -I /home/abcc/RmikuOS/user/include -c /home/abcc/RmikuOS/user/src/tftp.c -o /home/abcc/RmikuOS/user/build/riscv64/bin/108_tftp.o
+ riscv64-unknown-elf-gcc -march=rv64gc -mabi=lp64d -mcmodel=medany -mno-relax -msmall-data-limit=0 -DUSER_ARCH_RISCV64 -ffreestanding -fno-builtin -fno-stack-protector -fno-pic -fno-pie -nostdlib -nostartfiles -static -I /home/abcc/RmikuOS/user/include -c /home/abcc/RmikuOS/user/lib/syscall_riscv64.S -o /home/abcc/RmikuOS/user/build/riscv64/bin/108_tftp_runtime.o
+ riscv64-unknown-elf-gcc -march=rv64gc -mabi=lp64d -mcmodel=medany -mno-relax -msmall-data-limit=0 -DUSER_ARCH_RISCV64 -ffreestanding -fno-builtin -fno-stack-protector -fno-pic -fno-pie -nostdlib -nostartfiles -static -I /home/abcc/RmikuOS/user/include -c /home/abcc/RmikuOS/user/lib/string.c -o /home/abcc/RmikuOS/user/build/riscv64/bin/108_tftp_string.o
+ riscv64-unknown-elf-gcc -march=rv64gc -mabi=lp64d -mcmodel=medany -mno-relax -msmall-data-limit=0 -DUSER_ARCH_RISCV64 -nostdlib -nostartfiles -static -no-pie -Wl,--build-id=none -Wl,--no-relax -T /home/abcc/RmikuOS/user/linker-riscv64.ld /home/abcc/RmikuOS/user/build/riscv64/bin/108_tftp_crt0.o /home/abcc/RmikuOS/user/build/riscv64/bin/108_tftp.o /home/abcc/RmikuOS/user/build/riscv64/bin/108_tftp_runtime.o /home/abcc/RmikuOS/user/build/riscv64/bin/108_tftp_string.o -o /home/abcc/RmikuOS/user/build/riscv64/bin/108_tftp.elf
[user] built app108: tftp.c, 20192 bytes (ELF)
[user] building rust workspace (riscv64) ...
+ cargo build --release --target riscv64gc-unknown-none-elf
[user] rust workspace program -> bank_system
[user] rust workspace program -> edit_past
[user] rust workspace program -> editor
[user] rust workspace program -> files
[user] rust workspace program -> float_test
[user] rust workspace program -> library_system
[user] rust workspace program -> my_math_constants
[user] rust workspace program -> rust_hello
[user] rust workspace program -> rust_rust
[user] rust workspace program -> try_args
[user] rust workspace program -> try_vec
[user] rust workspace program -> tsur_tsur
[user] rust workspace: 12 program(s) built
[user] cache hit project: container_demo
[user] cache hit project: jvm
[user] cache hit project: httpd
[user] cache hit project: lua
[user] cache hit project: math_demo
[user] cache hit project: gcn
[user] cache hit java: BenchAlu
[user] cache hit java: BenchArray
[user] cache hit java: BenchBranch
[user] cache hit java: BenchCall
[user] cache hit java: BenchMul
[user] cache hit java: BenchObject
[user] cache hit java: BenchString
[user] cache hit java: Fast_AAA
[user] cache hit java: bench
[user] cache hit java: fibonacci_java
[user] cache hit java: file_demo
[user] cache hit java: hello_java
[user] cache hit java: input_demo
[user] cache hit java: mem_demo
[user] cache hit java: net_demo
[user] cache hit java: proc_demo
[user] cache hit java: ray
[user] cache hit java: series_demo
[user] cache hit java: thread_demo
=== 构建 ext4 rootfs (riscv64) ===
=== 构建 ext4 rootfs (riscv64) ===
copy rootfs overlay: user/rootfs -> target/fsroot-riscv64
  [c] httpd -> /programs/httpd
  [c] lua -> /programs/lua
  [c] math_demo -> /programs/math_demo
  [cpp] container_demo -> /programs/container_demo
  [cpp] jvm -> /programs/jvm
  [gcn] -> /gcn/
  [jvm] bench -> /jvm/bench/
  [jvm] BenchAlu -> /jvm/BenchAlu/
  [jvm] BenchArray -> /jvm/BenchArray/
  [jvm] BenchBranch -> /jvm/BenchBranch/
  [jvm] BenchCall -> /jvm/BenchCall/
  [jvm] BenchMul -> /jvm/BenchMul/
  [jvm] BenchObject -> /jvm/BenchObject/
  [jvm] BenchString -> /jvm/BenchString/
  [jvm] Fast_AAA -> /jvm/Fast_AAA/
  [jvm] fibonacci_java -> /jvm/fibonacci_java/
  [jvm] file_demo -> /jvm/file_demo/
  [jvm] hello_java -> /jvm/hello_java/
  [jvm] input_demo -> /jvm/input_demo/
  [jvm] mem_demo -> /jvm/mem_demo/
  [jvm] net_demo -> /jvm/net_demo/
  [jvm] proc_demo -> /jvm/proc_demo/
  [jvm] ray -> /jvm/ray/
  [jvm] rmiku_classes -> /jvm/rmiku_classes/
  [jvm] series_demo -> /jvm/series_demo/
  [jvm] thread_demo -> /jvm/thread_demo/
rootfs content:
target/fsroot-riscv64
target/fsroot-riscv64/bin
target/fsroot-riscv64/bin/cat
target/fsroot-riscv64/bin/echo
target/fsroot-riscv64/bin/getip
target/fsroot-riscv64/bin/grep
target/fsroot-riscv64/bin/login
target/fsroot-riscv64/bin/ls
target/fsroot-riscv64/bin/ping
target/fsroot-riscv64/bin/run_tick
target/fsroot-riscv64/bin/run_tick_and_time
target/fsroot-riscv64/bin/run_time
target/fsroot-riscv64/bin/setip
target/fsroot-riscv64/bin/shell
target/fsroot-riscv64/bin/su
target/fsroot-riscv64/bin/tftp
target/fsroot-riscv64/dev
target/fsroot-riscv64/etc
target/fsroot-riscv64/etc/group
target/fsroot-riscv64/etc/motd
target/fsroot-riscv64/etc/passwd
target/fsroot-riscv64/etc/path
target/fsroot-riscv64/fat
target/fsroot-riscv64/gcn
target/fsroot-riscv64/gcn/cora
target/fsroot-riscv64/gcn/cora/cora.cites
target/fsroot-riscv64/gcn/cora/cora.content
target/fsroot-riscv64/gcn/cora/README
target/fsroot-riscv64/gcn/gradcheck
target/fsroot-riscv64/gcn/main
target/fsroot-riscv64/gcn/train_cora
target/fsroot-riscv64/gcn/train_cora_GTA
target/fsroot-riscv64/home
target/fsroot-riscv64/home/alice
target/fsroot-riscv64/home/bob
target/fsroot-riscv64/home/learn
target/fsroot-riscv64/home/learn/learn_pci.md
target/fsroot-riscv64/home/learn/learn_virtio-blk.md
target/fsroot-riscv64/home/miku
target/fsroot-riscv64/home/miku/readme.txt
target/fsroot-riscv64/home/miku/test_for_redirection.txt
target/fsroot-riscv64/home/root
target/fsroot-riscv64/jvm
target/fsroot-riscv64/jvm/bench
target/fsroot-riscv64/jvm/BenchAlu
target/fsroot-riscv64/jvm/BenchAlu/BenchAlu.class
target/fsroot-riscv64/jvm/BenchAlu/Rmiku$IO.class
target/fsroot-riscv64/jvm/BenchAlu/Rmiku$Mem.class
target/fsroot-riscv64/jvm/BenchAlu/Rmiku$Net.class
target/fsroot-riscv64/jvm/BenchAlu/Rmiku$Proc.class
target/fsroot-riscv64/jvm/BenchAlu/Rmiku$Thread.class
target/fsroot-riscv64/jvm/BenchAlu/Rmiku.class
target/fsroot-riscv64/jvm/BenchArray
target/fsroot-riscv64/jvm/BenchArray/BenchArray.class
target/fsroot-riscv64/jvm/BenchArray/Rmiku$IO.class
target/fsroot-riscv64/jvm/BenchArray/Rmiku$Mem.class
target/fsroot-riscv64/jvm/BenchArray/Rmiku$Net.class
target/fsroot-riscv64/jvm/BenchArray/Rmiku$Proc.class
target/fsroot-riscv64/jvm/BenchArray/Rmiku$Thread.class
target/fsroot-riscv64/jvm/BenchArray/Rmiku.class
target/fsroot-riscv64/jvm/bench/Bench.class
target/fsroot-riscv64/jvm/BenchBranch
target/fsroot-riscv64/jvm/BenchBranch/BenchBranch.class
target/fsroot-riscv64/jvm/BenchBranch/Rmiku$IO.class
target/fsroot-riscv64/jvm/BenchBranch/Rmiku$Mem.class
target/fsroot-riscv64/jvm/BenchBranch/Rmiku$Net.class
target/fsroot-riscv64/jvm/BenchBranch/Rmiku$Proc.class
target/fsroot-riscv64/jvm/BenchBranch/Rmiku$Thread.class
target/fsroot-riscv64/jvm/BenchBranch/Rmiku.class
target/fsroot-riscv64/jvm/BenchCall
target/fsroot-riscv64/jvm/BenchCall/BenchCall.class
target/fsroot-riscv64/jvm/BenchCall/Rmiku$IO.class
target/fsroot-riscv64/jvm/BenchCall/Rmiku$Mem.class
target/fsroot-riscv64/jvm/BenchCall/Rmiku$Net.class
target/fsroot-riscv64/jvm/BenchCall/Rmiku$Proc.class
target/fsroot-riscv64/jvm/BenchCall/Rmiku$Thread.class
target/fsroot-riscv64/jvm/BenchCall/Rmiku.class
target/fsroot-riscv64/jvm/BenchMul
target/fsroot-riscv64/jvm/BenchMul/BenchMul.class
target/fsroot-riscv64/jvm/BenchMul/Rmiku$IO.class
target/fsroot-riscv64/jvm/BenchMul/Rmiku$Mem.class
target/fsroot-riscv64/jvm/BenchMul/Rmiku$Net.class
target/fsroot-riscv64/jvm/BenchMul/Rmiku$Proc.class
target/fsroot-riscv64/jvm/BenchMul/Rmiku$Thread.class
target/fsroot-riscv64/jvm/BenchMul/Rmiku.class
target/fsroot-riscv64/jvm/BenchObject
target/fsroot-riscv64/jvm/BenchObject/BenchObject$Point.class
target/fsroot-riscv64/jvm/BenchObject/BenchObject.class
target/fsroot-riscv64/jvm/BenchObject/Rmiku$IO.class
target/fsroot-riscv64/jvm/BenchObject/Rmiku$Mem.class
target/fsroot-riscv64/jvm/BenchObject/Rmiku$Net.class
target/fsroot-riscv64/jvm/BenchObject/Rmiku$Proc.class
target/fsroot-riscv64/jvm/BenchObject/Rmiku$Thread.class
target/fsroot-riscv64/jvm/BenchObject/Rmiku.class
target/fsroot-riscv64/jvm/bench/Rmiku$IO.class
target/fsroot-riscv64/jvm/bench/Rmiku$Mem.class
target/fsroot-riscv64/jvm/bench/Rmiku$Net.class
target/fsroot-riscv64/jvm/bench/Rmiku$Proc.class
target/fsroot-riscv64/jvm/bench/Rmiku$Thread.class
target/fsroot-riscv64/jvm/bench/Rmiku.class
target/fsroot-riscv64/jvm/BenchString
target/fsroot-riscv64/jvm/BenchString/BenchString.class
target/fsroot-riscv64/jvm/BenchString/Rmiku$IO.class
target/fsroot-riscv64/jvm/BenchString/Rmiku$Mem.class
target/fsroot-riscv64/jvm/BenchString/Rmiku$Net.class
target/fsroot-riscv64/jvm/BenchString/Rmiku$Proc.class
target/fsroot-riscv64/jvm/BenchString/Rmiku$Thread.class
target/fsroot-riscv64/jvm/BenchString/Rmiku.class
target/fsroot-riscv64/jvm/Fast_AAA
target/fsroot-riscv64/jvm/Fast_AAA/Fast_AAA.class
target/fsroot-riscv64/jvm/Fast_AAA/Rmiku$IO.class
target/fsroot-riscv64/jvm/Fast_AAA/Rmiku$Mem.class
target/fsroot-riscv64/jvm/Fast_AAA/Rmiku$Net.class
target/fsroot-riscv64/jvm/Fast_AAA/Rmiku$Proc.class
target/fsroot-riscv64/jvm/Fast_AAA/Rmiku$Thread.class
target/fsroot-riscv64/jvm/Fast_AAA/Rmiku.class
target/fsroot-riscv64/jvm/fibonacci_java
target/fsroot-riscv64/jvm/fibonacci_java/fibonacci_java.class
target/fsroot-riscv64/jvm/fibonacci_java/Rmiku$IO.class
target/fsroot-riscv64/jvm/fibonacci_java/Rmiku$Mem.class
target/fsroot-riscv64/jvm/fibonacci_java/Rmiku$Net.class
target/fsroot-riscv64/jvm/fibonacci_java/Rmiku$Proc.class
target/fsroot-riscv64/jvm/fibonacci_java/Rmiku$Thread.class
target/fsroot-riscv64/jvm/fibonacci_java/Rmiku.class
target/fsroot-riscv64/jvm/file_demo
target/fsroot-riscv64/jvm/file_demo/FileDemo.class
target/fsroot-riscv64/jvm/file_demo/Rmiku$IO.class
target/fsroot-riscv64/jvm/file_demo/Rmiku$Mem.class
target/fsroot-riscv64/jvm/file_demo/Rmiku$Net.class
target/fsroot-riscv64/jvm/file_demo/Rmiku$Proc.class
target/fsroot-riscv64/jvm/file_demo/Rmiku$Thread.class
target/fsroot-riscv64/jvm/file_demo/Rmiku.class
target/fsroot-riscv64/jvm/hello_java
target/fsroot-riscv64/jvm/hello_java/hello_java.class
target/fsroot-riscv64/jvm/hello_java/Rmiku$IO.class
target/fsroot-riscv64/jvm/hello_java/Rmiku$Mem.class
target/fsroot-riscv64/jvm/hello_java/Rmiku$Net.class
target/fsroot-riscv64/jvm/hello_java/Rmiku$Proc.class
target/fsroot-riscv64/jvm/hello_java/Rmiku$Thread.class
target/fsroot-riscv64/jvm/hello_java/Rmiku.class
target/fsroot-riscv64/jvm/input_demo
target/fsroot-riscv64/jvm/input_demo/InputDemo.class
target/fsroot-riscv64/jvm/input_demo/Rmiku$IO.class
target/fsroot-riscv64/jvm/input_demo/Rmiku$Mem.class
target/fsroot-riscv64/jvm/input_demo/Rmiku$Net.class
target/fsroot-riscv64/jvm/input_demo/Rmiku$Proc.class
target/fsroot-riscv64/jvm/input_demo/Rmiku$Thread.class
target/fsroot-riscv64/jvm/input_demo/Rmiku.class
target/fsroot-riscv64/jvm/mem_demo
target/fsroot-riscv64/jvm/mem_demo/MemDemo.class
target/fsroot-riscv64/jvm/mem_demo/Rmiku$IO.class
target/fsroot-riscv64/jvm/mem_demo/Rmiku$Mem.class
target/fsroot-riscv64/jvm/mem_demo/Rmiku$Net.class
target/fsroot-riscv64/jvm/mem_demo/Rmiku$Proc.class
target/fsroot-riscv64/jvm/mem_demo/Rmiku$Thread.class
target/fsroot-riscv64/jvm/mem_demo/Rmiku.class
target/fsroot-riscv64/jvm/net_demo
target/fsroot-riscv64/jvm/net_demo/NetDemo.class
target/fsroot-riscv64/jvm/net_demo/Rmiku$IO.class
target/fsroot-riscv64/jvm/net_demo/Rmiku$Mem.class
target/fsroot-riscv64/jvm/net_demo/Rmiku$Net.class
target/fsroot-riscv64/jvm/net_demo/Rmiku$Proc.class
target/fsroot-riscv64/jvm/net_demo/Rmiku$Thread.class
target/fsroot-riscv64/jvm/net_demo/Rmiku.class
target/fsroot-riscv64/jvm/proc_demo
target/fsroot-riscv64/jvm/proc_demo/ProcDemo.class
target/fsroot-riscv64/jvm/proc_demo/Rmiku$IO.class
target/fsroot-riscv64/jvm/proc_demo/Rmiku$Mem.class
target/fsroot-riscv64/jvm/proc_demo/Rmiku$Net.class
target/fsroot-riscv64/jvm/proc_demo/Rmiku$Proc.class
target/fsroot-riscv64/jvm/proc_demo/Rmiku$Thread.class
target/fsroot-riscv64/jvm/proc_demo/Rmiku.class
target/fsroot-riscv64/jvm/ray
target/fsroot-riscv64/jvm/ray/Ray.class
target/fsroot-riscv64/jvm/ray/RayWorker.class
target/fsroot-riscv64/jvm/ray/Rmiku$IO.class
target/fsroot-riscv64/jvm/ray/Rmiku$Mem.class
target/fsroot-riscv64/jvm/ray/Rmiku$Net.class
target/fsroot-riscv64/jvm/ray/Rmiku$Proc.class
target/fsroot-riscv64/jvm/ray/Rmiku$Thread.class
target/fsroot-riscv64/jvm/ray/Rmiku.class
target/fsroot-riscv64/jvm/rmiku_classes
target/fsroot-riscv64/jvm/rmiku_classes/Rmiku$IO.class
target/fsroot-riscv64/jvm/rmiku_classes/Rmiku$Mem.class
target/fsroot-riscv64/jvm/rmiku_classes/Rmiku$Net.class
target/fsroot-riscv64/jvm/rmiku_classes/Rmiku$Proc.class
target/fsroot-riscv64/jvm/rmiku_classes/Rmiku$Thread.class
target/fsroot-riscv64/jvm/rmiku_classes/Rmiku.class
target/fsroot-riscv64/jvm/series_demo
target/fsroot-riscv64/jvm/series_demo/Main.class
target/fsroot-riscv64/jvm/series_demo/Rmiku$IO.class
target/fsroot-riscv64/jvm/series_demo/Rmiku$Mem.class
target/fsroot-riscv64/jvm/series_demo/Rmiku$Net.class
target/fsroot-riscv64/jvm/series_demo/Rmiku$Proc.class
target/fsroot-riscv64/jvm/series_demo/Rmiku$Thread.class
target/fsroot-riscv64/jvm/series_demo/Rmiku.class
target/fsroot-riscv64/jvm/series_demo/Series.class
target/fsroot-riscv64/jvm/thread_demo
target/fsroot-riscv64/jvm/thread_demo/Rmiku$IO.class
target/fsroot-riscv64/jvm/thread_demo/Rmiku$Mem.class
target/fsroot-riscv64/jvm/thread_demo/Rmiku$Net.class
target/fsroot-riscv64/jvm/thread_demo/Rmiku$Proc.class
target/fsroot-riscv64/jvm/thread_demo/Rmiku$Thread.class
target/fsroot-riscv64/jvm/thread_demo/Rmiku.class
target/fsroot-riscv64/jvm/thread_demo/ThreadDemo.class
target/fsroot-riscv64/jvm/thread_demo/Worker.class
target/fsroot-riscv64/pages
target/fsroot-riscv64/pages/39beats.html
target/fsroot-riscv64/pages/39gallery.html
target/fsroot-riscv64/pages/wow.html
target/fsroot-riscv64/proc
target/fsroot-riscv64/proc/pipe_redirection_test_cmds.txt
target/fsroot-riscv64/programs
target/fsroot-riscv64/programs/bank_system
target/fsroot-riscv64/programs/container_demo
target/fsroot-riscv64/programs/editor
target/fsroot-riscv64/programs/edit_past
target/fsroot-riscv64/programs/files
target/fsroot-riscv64/programs/float_test
target/fsroot-riscv64/programs/httpd
target/fsroot-riscv64/programs/jvm
target/fsroot-riscv64/programs/library_system
target/fsroot-riscv64/programs/lua
target/fsroot-riscv64/programs/math_demo
target/fsroot-riscv64/programs/my_math_constants
target/fsroot-riscv64/programs/rust_hello
target/fsroot-riscv64/programs/rust_rust
target/fsroot-riscv64/programs/try_args
target/fsroot-riscv64/programs/try_vec
target/fsroot-riscv64/programs/tsur_tsur
target/fsroot-riscv64/random
target/fsroot-riscv64/random/128K.bin
target/fsroot-riscv64/random/16K.bin
target/fsroot-riscv64/random/1M.bin
target/fsroot-riscv64/random/256K.bin
target/fsroot-riscv64/random/32K.bin
target/fsroot-riscv64/random/4K.bin
target/fsroot-riscv64/random/512K.bin
target/fsroot-riscv64/random/64K.bin
target/fsroot-riscv64/random/8K.bin
target/fsroot-riscv64/random/big.bin
target/fsroot-riscv64/samples
target/fsroot-riscv64/samples/adaptive_alpha_test
target/fsroot-riscv64/samples/alpha_arg_test
target/fsroot-riscv64/samples/alpha_sched_stat_test
target/fsroot-riscv64/samples/alpha_sched_test
target/fsroot-riscv64/samples/busy
target/fsroot-riscv64/samples/cat_motd
target/fsroot-riscv64/samples/cat_stdin
target/fsroot-riscv64/samples/cmath_test
target/fsroot-riscv64/samples/cmath_test2
target/fsroot-riscv64/samples/cpp_compat_test
target/fsroot-riscv64/samples/cpp_ifstream
target/fsroot-riscv64/samples/cpp_printf_test
target/fsroot-riscv64/samples/cpp_random_test
target/fsroot-riscv64/samples/cpp_runtime
target/fsroot-riscv64/samples/cpp_std_bridge_test
target/fsroot-riscv64/samples/cpp_string_test
target/fsroot-riscv64/samples/cpp_test
target/fsroot-riscv64/samples/cpp_test2
target/fsroot-riscv64/samples/cpp_vector_test
target/fsroot-riscv64/samples/crud_test
target/fsroot-riscv64/samples/directly_return
target/fsroot-riscv64/samples/dynamic_load_exp
target/fsroot-riscv64/samples/echo_args
target/fsroot-riscv64/samples/edge_deadline_arg_test
target/fsroot-riscv64/samples/edge_deadline_test
target/fsroot-riscv64/samples/elf_bss_test
target/fsroot-riscv64/samples/env_test
target/fsroot-riscv64/samples/estimate_pi
target/fsroot-riscv64/samples/fibonacci
target/fsroot-riscv64/samples/fork_stride_test
target/fsroot-riscv64/samples/fork_wait
target/fsroot-riscv64/samples/fp_test
target/fsroot-riscv64/samples/fs_stress
target/fsroot-riscv64/samples/fs_stress2
target/fsroot-riscv64/samples/getpid_sleep
target/fsroot-riscv64/samples/groups
target/fsroot-riscv64/samples/hello
target/fsroot-riscv64/samples/hello_rust
target/fsroot-riscv64/samples/id_test
target/fsroot-riscv64/samples/illegal_insn
target/fsroot-riscv64/samples/kill_oneself_test
target/fsroot-riscv64/samples/little_stress
target/fsroot-riscv64/samples/little_stress2
target/fsroot-riscv64/samples/lock_test
target/fsroot-riscv64/samples/loop_forever
target/fsroot-riscv64/samples/malloc_test
target/fsroot-riscv64/samples/matmul_test
target/fsroot-riscv64/samples/mixed_workload_sched_test
target/fsroot-riscv64/samples/mmap_reuse_test
target/fsroot-riscv64/samples/mmap_stress
target/fsroot-riscv64/samples/mmap_test
target/fsroot-riscv64/samples/open_exec
target/fsroot-riscv64/samples/open_test
target/fsroot-riscv64/samples/open_test2
target/fsroot-riscv64/samples/perm
target/fsroot-riscv64/samples/pipe_reader
target/fsroot-riscv64/samples/pipe_stress
target/fsroot-riscv64/samples/pipe_test
target/fsroot-riscv64/samples/pipe_writer
target/fsroot-riscv64/samples/priv
target/fsroot-riscv64/samples/raw
target/fsroot-riscv64/samples/reset_sched_test
target/fsroot-riscv64/samples/rust_estimate_pi
target/fsroot-riscv64/samples/rust_fibonacci
target/fsroot-riscv64/samples/schedlab_demo
target/fsroot-riscv64/samples/sched_stat_test
target/fsroot-riscv64/samples/smoother_adaptive_alpha_test
target/fsroot-riscv64/samples/smp_cpu_bench
target/fsroot-riscv64/samples/smp_cpu_probe
target/fsroot-riscv64/samples/smp_fork_wait_bench
target/fsroot-riscv64/samples/smp_syscall_bench
target/fsroot-riscv64/samples/sqrt_schedule_test
target/fsroot-riscv64/samples/stat_test
target/fsroot-riscv64/samples/stride_ticket_test
target/fsroot-riscv64/samples/tcp_test
target/fsroot-riscv64/samples/test_cmath_fdlibm
target/fsroot-riscv64/samples/test_tmpfs_rw
target/fsroot-riscv64/samples/thread_malloc_test
target/fsroot-riscv64/samples/thread_stack_reuse_test
target/fsroot-riscv64/samples/thread_stride_test
target/fsroot-riscv64/samples/thread_test
target/fsroot-riscv64/samples/ticket_syscall_test
target/fsroot-riscv64/samples/tick_time
target/fsroot-riscv64/samples/udp_test
target/fsroot-riscv64/samples/vector_test
target/fsroot-riscv64/sched
target/fsroot-riscv64/sched/calibrate
target/fsroot-riscv64/sched/schedlab
target/fsroot-riscv64/sched/sexp0_edf
target/fsroot-riscv64/sched/sexp1_mech
target/fsroot-riscv64/sched/sexp2_edge
target/fsroot-riscv64/sched/sexp2_medium
target/fsroot-riscv64/sched/sexp2_multi
target/fsroot-riscv64/sched/sexp3_aimd
target/fsroot-riscv64/sched/sexp4_dyn
target/fsroot-riscv64/scripts
target/fsroot-riscv64/scripts/javabench.sh
target/fsroot-riscv64/scripts/lua
target/fsroot-riscv64/scripts/lua/01_hello.lua
target/fsroot-riscv64/scripts/lua/02_types.lua
target/fsroot-riscv64/scripts/lua/03_closure.lua
target/fsroot-riscv64/scripts/lua/04_control.lua
target/fsroot-riscv64/scripts/lua/05_math.lua
target/fsroot-riscv64/scripts/lua/06_string.lua
target/fsroot-riscv64/scripts/lua/07_pcall.lua
target/fsroot-riscv64/scripts/lua/08_coroutine.lua
target/fsroot-riscv64/scripts/lua/09_metatable.lua
target/fsroot-riscv64/scripts/test1.sh
target/fsroot-riscv64/share
target/fsroot-riscv64/share/ascii
target/fsroot-riscv64/share/ascii/miku.txt
target/fsroot-riscv64/share/docs
target/fsroot-riscv64/share/docs/hello.txt
target/fsroot-riscv64/tests
target/fsroot-riscv64/tmp
created target/fs-riscv64.img
=== 构建 FAT 镜像 (riscv64) ===
mkfs.fat 4.2 (2021-01-31)
created target/fat-riscv64.img (fresh FAT16)
=== 编译内核 (riscv64, debug, LOG=warn) ===

=== 启动 QEMU (riscv64, mode=debug, net=user) ===
KERNEL: target/riscv64gc-unknown-none-elf/debug/RmikuOS


OpenSBI v1.8
   ____                    _____ ____ _____
  / __ \                  / ____|  _ \_   _|
 | |  | |_ __   ___ _ __ | (___ | |_) || |
 | |  | | '_ \ / _ \ '_ \ \___ \|  _ < | |
 | |__| | |_) |  __/ | | |____) | |_) || |_
  \____/| .__/ \___|_| |_|_____/|____/_____|
        | |
        |_|

Platform Name               : riscv-virtio,qemu
Platform Features           : medeleg
Platform HART Count         : 1
Platform HART Protection    : pmp
Platform IPI Device         : aclint-mswi
Platform Timer Device       : aclint-mtimer @ 10000000Hz
Platform Console Device     : uart8250
Platform HSM Device         : ---
Platform PMU Device         : ---
Platform Reboot Device      : syscon-reboot
Platform Shutdown Device    : syscon-poweroff
Platform Suspend Device     : ---
Platform CPPC Device        : ---
Firmware Base               : 0x80000000
Firmware Size               : 321 KB
Firmware RW Offset          : 0x40000
Firmware RW Size            : 65 KB
Firmware Heap Offset        : 0x47000
Firmware Heap Size          : 37 KB (total), 0 KB (reserved), 12 KB (used), 23 KB (free)
Firmware Scratch Size       : 4096 B (total), 1464 B (used), 2632 B (free)
Runtime SBI Version         : 3.0
Standard SBI Extensions     : ipi,pmu,srst,sse,hsm,rfnc,fwft,time,base,legacy,dbcn,dbtr
Experimental SBI Extensions : none

Domain0 Name                : root
Domain0 Boot HART           : 0
Domain0 HARTs               : 0*
Domain0 Region00            : 0x0000000080040000-0x000000008005ffff M: (F,R,W) S/U: ()
Domain0 Region01            : 0x0000000080000000-0x000000008003ffff M: (F,R,X) S/U: ()
Domain0 Region02            : 0x0000000000100000-0x0000000000100fff M: (I,R,W) S/U: (R,W)
Domain0 Region03            : 0x0000000010000000-0x0000000010000fff M: (I,R,W) S/U: (R,W)
Domain0 Region04            : 0x0000000002000000-0x000000000200ffff M: (I,R,W) S/U: ()
Domain0 Region05            : 0x000000000c400000-0x000000000c5fffff M: (I,R,W) S/U: (R,W)
Domain0 Region06            : 0x000000000c000000-0x000000000c3fffff M: (I,R,W) S/U: (R,W)
Domain0 Region07            : 0x0000000000000000-0xffffffffffffffff M: () S/U: (R,W,X)
Domain0 Next Address        : 0x0000000080200000
Domain0 Next Arg1           : 0x00000000bfe00000
Domain0 Next Mode           : S-mode
Domain0 SysReset            : yes
Domain0 SysSuspend          : yes

Boot HART ID                : 0
Boot HART Domain            : root
Boot HART Priv Version      : v1.12
Boot HART Base ISA          : rv64imafdch
Boot HART ISA Extensions    : sstc,zicntr,zihpm,zicboz,zicbom,sdtrig,svadu
Boot HART PMP Count         : 16
Boot HART PMP Granularity   : 2 bits
Boot HART PMP Address Bits  : 54
Boot HART MHPM Info         : 16 (0x0007fff8)
Boot HART Debug Triggers    : 2 triggers
Boot HART MIDELEG           : 0x0000000000001666
Boot HART MEDELEG           : 0x0000000000f4b509
主核初始化完毕。

     ____            _ _         ___  ____  
    |  _ \ _ __ ___ (_) | ___   / _ \/ ___| 
    | |_) | '_ ` _ \| | |/ / | | | | \___ \ 
    |  _ <| | | | | | |   <| |_| |_| |___) |
    |_| \_\_| |_| |_|_|_|\_\\___/___/|____/ 

        RmikuOS - Rusty tiny OS kernel
    
[93m[ WARN] [smp] failed to start hart 1[0m
[93m[ WARN] [smp] failed to start hart 2[0m
[93m[ WARN] [smp] failed to start hart 3[0m
[93m[ WARN] [smp] failed to start hart 4[0m
[93m[ WARN] [smp] failed to start hart 5[0m
[93m[ WARN] [smp] failed to start hart 6[0m
[93m[ WARN] [smp] failed to start hart 7[0m
RmikuOS login: 
Password: 

RmikuOS shell
commands:
  help
  exit
  pwd
  cd <path>
  mkdir <path>
  touch <path>
  rm [-r] <path>
  rmdir <path>
  whoami              (print effective user name)
  chmod <mode> <path> (mode is octal, e.g. 755 / 0644)
  jobs
  clear
  export NAME=VALUE   (set env var; $VAR / ${VAR} / $? expands in commands)
  env                 (print all env vars)
  unset NAME          (remove env var)
  variable expansion: $VAR, ${VAR}, $? (last exit code)
    'single quotes' protect $; "double quotes" still expand $ (bash style)
  shutdown

external commands are in $PATH (/bin, /tests, /programs):
  try: ls /bin

/home/root $ cd /tmp
/tmp $ echo secret > /tmp/notes
/tmp $ chown 0 50 /tmp/notes      # root:staff
/tmp $ chmod 0640 /tmp/notes      # owner+staff 可读
/tmp $ /samples/groups /tmp/notes   # 先确认 stat 显示 uid=0 gid=50 mode=0640
uid=0 euid=0 gid=0 egid=0
ngroups=0
open: OK (group permission matched)

/tmp $ cd // 
/ $ ./sched/sexp2_m
./sched/sexp2_medium  ./sched/sexp2_multi  
[2K/ $ ./sched/sexp2_me[2K/ $ ./sched/sexp2_medium
# sexp2_medium: medium config, 11 alphas x (1w+5r), total=6000
# ctrl=300tk,1t,p=10,burn=400k(fork)  ai=100tk,25t  log=50tk,9t
# WARMUP config=medium alpha=0
# prev_baseline_reset ngroups=3
# schedlab win=100 total=6000 groups=3 alpha=0
W,1,0,3,ctrl,11,300,2
W,1,0,4,ai,58,100,15
W,1,0,5,log,34,50,10
S,1,0,875,6283
W,2,0,3,ctrl,2,300,2
W,2,0,4,ai,67,100,25
W,2,0,5,log,34,50,10
S,2,0,859,35052
W,3,0,3,ctrl,5,300,2
W,3,0,4,ai,61,100,26
W,3,0,5,log,34,50,10
S,3,0,870,13320
W,4,0,3,ctrl,8,300,2
W,4,0,4,ai,68,100,26
W,4,0,5,log,26,50,10
S,4,0,816,8538
W,5,0,3,ctrl,12,300,2
W,5,0,4,ai,57,100,26
W,5,0,5,log,30,50,10
S,5,0,863,5504
W,6,0,3,ctrl,1,300,2
W,6,0,4,ai,67,100,26
W,6,0,5,log,35,50,10
S,6,0,861,74000
W,7,0,3,ctrl,1,300,2
W,7,0,4,ai,64,100,26
W,7,0,5,log,35,50,10
S,7,0,867,66600
W,8,0,3,ctrl,8,300,2
W,8,0,4,ai,60,100,26
W,8,0,5,log,35,50,10
S,8,0,873,8649
W,9,0,3,ctrl,13,300,2
W,9,0,4,ai,58,100,26
W,9,0,5,log,29,50,10
S,9,0,857,5123
W,10,0,3,ctrl,16,300,2
W,10,0,4,ai,55,100,26
W,10,0,5,log,31,50,10
S,10,0,870,4269
W,11,0,3,ctrl,11,300,2
W,11,0,4,ai,59,100,26
W,11,0,5,log,30,50,10
S,11,0,859,6054
W,12,0,3,ctrl,11,300,2
W,12,0,4,ai,59,100,26
W,12,0,5,log,33,50,10
S,12,0,869,6283
W,13,0,3,ctrl,12,300,2
W,13,0,4,ai,61,100,26
W,13,0,5,log,27,50,10
S,13,0,840,5550
W,14,0,3,ctrl,9,300,2
W,14,0,4,ai,58,100,26
W,14,0,5,log,34,50,10
S,14,0,874,7483
W,15,0,3,ctrl,15,300,2
W,15,0,4,ai,58,100,26
W,15,0,5,log,29,50,10
S,15,0,857,4530
W,16,0,3,ctrl,28,300,2
W,16,0,4,ai,48,100,26
W,16,0,5,log,26,50,10
S,16,0,867,2430
W,17,0,3,ctrl,17,300,2
W,17,0,4,ai,55,100,26
W,17,0,5,log,28,50,10
S,17,0,860,3917
W,18,0,3,ctrl,18,300,2
W,18,0,4,ai,54,100,26
W,18,0,5,log,26,50,10
S,18,0,851,3639
W,19,0,3,ctrl,20,300,2
W,19,0,4,ai,48,100,26
W,19,0,5,log,32,50,10
S,19,0,886,3330
W,20,0,3,ctrl,16,300,2
W,20,0,4,ai,59,100,26
W,20,0,5,log,27,50,10
S,20,0,843,4269
W,21,0,3,ctrl,10,300,2
W,21,0,4,ai,60,100,26
W,21,0,5,log,32,50,10
S,21,0,864,6795
W,22,0,3,ctrl,5,300,2
W,22,0,4,ai,64,100,26
W,22,0,5,log,33,50,10
S,22,0,860,13591
W,23,0,3,ctrl,9,300,2
W,23,0,4,ai,64,100,26
W,23,0,5,log,28,50,10
S,23,0,838,7483
W,24,0,3,ctrl,10,300,2
W,24,0,4,ai,62,100,26
W,24,0,5,log,29,50,10
S,24,0,848,6727
W,25,0,3,ctrl,14,300,2
W,25,0,4,ai,60,100,26
W,25,0,5,log,27,50,10
S,25,0,841,4826
W,26,0,3,ctrl,13,300,2
W,26,0,4,ai,62,100,26
W,26,0,5,log,27,50,10
S,26,0,836,5244
W,27,0,3,ctrl,10,300,2
W,27,0,4,ai,64,100,26
W,27,0,5,log,29,50,10
S,27,0,843,6865
W,28,0,3,ctrl,16,300,2
W,28,0,4,ai,53,100,26
W,28,0,5,log,27,50,10
S,28,0,859,4012
W,29,0,3,ctrl,11,300,2
W,29,0,4,ai,60,100,26
W,29,0,5,log,30,50,10
S,29,0,857,6166
W,30,0,3,ctrl,11,300,2
W,30,0,4,ai,59,100,26
W,30,0,5,log,32,50,10
S,30,0,866,6224
W,31,0,3,ctrl,9,300,2
W,31,0,4,ai,56,100,26
W,31,0,5,log,33,50,10
S,31,0,874,7318
W,32,0,3,ctrl,15,300,2
W,32,0,4,ai,59,100,26
W,32,0,5,log,26,50,10
S,32,0,839,4440
W,33,0,3,ctrl,16,300,2
W,33,0,4,ai,56,100,26
W,33,0,5,log,29,50,10
S,33,0,861,4215
W,34,0,3,ctrl,13,300,2
W,34,0,4,ai,56,100,26
W,34,0,5,log,30,50,10
S,34,0,865,5083
W,35,0,3,ctrl,7,300,2
W,35,0,4,ai,62,100,26
W,35,0,5,log,31,50,10
S,35,0,857,9514
W,36,0,3,ctrl,6,300,2
W,36,0,4,ai,61,100,26
W,36,0,5,log,35,50,10
S,36,0,872,11482
W,37,0,3,ctrl,17,300,2
W,37,0,4,ai,58,100,26
W,37,0,5,log,24,50,10
S,37,0,827,3894
W,38,0,3,ctrl,10,300,2
W,38,0,4,ai,58,100,26
W,38,0,5,log,33,50,10
S,38,0,871,6727
W,39,0,3,ctrl,12,300,2
W,39,0,4,ai,63,100,26
W,39,0,5,log,28,50,10
S,39,0,839,5741
W,40,0,3,ctrl,8,300,2
W,40,0,4,ai,62,100,26
W,40,0,5,log,33,50,10
S,40,0,864,8649
W,41,0,3,ctrl,10,300,2
W,41,0,4,ai,63,100,26
W,41,0,5,log,31,50,10
S,41,0,855,6937
W,42,0,3,ctrl,14,300,2
W,42,0,4,ai,53,100,26
W,42,0,5,log,32,50,10
S,42,0,878,4723
W,43,0,3,ctrl,7,300,2
W,43,0,4,ai,64,100,26
W,43,0,5,log,29,50,10
S,43,0,844,9514
W,44,0,3,ctrl,8,300,2
W,44,0,4,ai,62,100,26
W,44,0,5,log,33,50,10
S,44,0,864,8649
W,45,0,3,ctrl,9,300,2
W,45,0,4,ai,64,100,26
W,45,0,5,log,30,50,10
S,45,0,848,7655
W,46,0,3,ctrl,6,300,2
W,46,0,4,ai,65,100,26
W,46,0,5,log,31,50,10
S,46,0,850,11482
W,47,0,3,ctrl,4,300,2
W,47,0,4,ai,64,100,26
W,47,0,5,log,33,50,10
S,47,0,860,17076
W,48,0,3,ctrl,5,300,2
W,48,0,4,ai,65,100,26
W,48,0,5,log,32,50,10
S,48,0,854,13591
W,49,0,3,ctrl,8,300,2
W,49,0,4,ai,61,100,26
W,49,0,5,log,31,50,10
S,49,0,859,8325
W,50,0,3,ctrl,11,300,2
W,50,0,4,ai,63,100,26
W,50,0,5,log,26,50,10
S,50,0,829,6054
W,51,0,3,ctrl,7,300,2
W,51,0,4,ai,69,100,26
W,51,0,5,log,25,50,10
S,51,0,808,9652
W,52,0,3,ctrl,10,300,2
W,52,0,4,ai,66,100,26
W,52,0,5,log,27,50,10
S,52,0,828,6865
W,53,0,3,ctrl,23,300,2
W,53,0,4,ai,51,100,26
W,53,0,5,log,25,50,10
S,53,0,853,2870
W,54,0,3,ctrl,21,300,2
W,54,0,4,ai,51,100,26
W,54,0,5,log,29,50,10
S,54,0,872,3217
W,55,0,3,ctrl,15,300,2
W,55,0,4,ai,66,100,26
W,55,0,5,log,23,50,10
S,55,0,799,4625
W,56,0,3,ctrl,5,300,2
W,56,0,4,ai,62,100,26
W,56,0,5,log,33,50,10
S,56,0,865,13320
J,-1,ctrl,1,600,1,1,1,2407,10637,0,11
K,-1,log,9,82982
K,-1,ai,25,164383
W,57,0,3,ctrl,7,300,1
W,57,0,4,ai,49,100,1
W,57,0,5,log,26,50,1
S,57,0,864,7835
W,58,0,3,ctrl,0,300,1
W,58,0,4,ai,0,100,1
W,58,0,5,log,0,50,1
S,58,0,658,9999
# done
# RUN config=medium alpha=0 rep=1/5
# prev_baseline_reset ngroups=3
# schedlab win=100 total=6000 groups=3 alpha=0
W,1,0,3,ctrl,9,300,2
W,1,0,4,ai,64,100,23
W,1,0,5,log,30,50,10
S,1,0,848,7655
W,2,0,3,ctrl,11,300,2
W,2,0,4,ai,58,100,26
W,2,0,5,log,31,50,10
S,2,0,865,6054
W,3,0,3,ctrl,9,300,2
W,3,0,4,ai,60,100,26
W,3,0,5,log,33,50,10
S,3,0,868,7568
W,4,0,3,ctrl,13,300,2
W,4,0,4,ai,61,100,26
W,4,0,5,log,29,50,10
S,4,0,850,5285
W,5,0,3,ctrl,11,300,2
W,5,0,4,ai,57,100,26
W,5,0,5,log,32,50,10
S,5,0,871,6054
W,6,0,3,ctrl,13,300,2
W,6,0,4,ai,56,100,26
W,6,0,5,log,31,50,10
S,6,0,869,5123
W,7,0,3,ctrl,25,300,2
W,7,0,4,ai,49,100,26
W,7,0,5,log,26,50,10
S,7,0,866,2664
W,8,0,3,ctrl,29,300,2
W,8,0,4,ai,47,100,26
W,8,0,5,log,20,50,10
S,8,0,828,2205
W,9,0,3,ctrl,19,300,2
W,9,0,4,ai,56,100,26
W,9,0,5,log,25,50,10
S,9,0,840,3505
W,10,0,3,ctrl,20,300,2
W,10,0,4,ai,49,100,26
W,10,0,5,log,31,50,10
S,10,0,883,3330
W,11,0,3,ctrl,17,300,2
W,11,0,4,ai,54,100,26
W,11,0,5,log,32,50,10
S,11,0,876,4036
W,12,0,3,ctrl,11,300,2
W,12,0,4,ai,64,100,26
W,12,0,5,log,26,50,10
S,12,0,826,6166
W,13,0,3,ctrl,8,300,2
W,13,0,4,ai,65,100,26
W,13,0,5,log,29,50,10
S,13,0,841,8538
W,14,0,3,ctrl,5,300,2
W,14,0,4,ai,67,100,26
W,14,0,5,log,32,50,10
S,14,0,850,13875
W,15,0,3,ctrl,25,300,2
W,15,0,4,ai,51,100,26
W,15,0,5,log,24,50,10
S,15,0,848,2664
W,16,0,3,ctrl,27,300,2
W,16,0,4,ai,51,100,26
W,16,0,5,log,19,50,10
S,16,0,802,2395
W,17,0,3,ctrl,17,300,2
W,17,0,4,ai,56,100,26
W,17,0,5,log,26,50,10
S,17,0,845,3894
W,18,0,3,ctrl,15,300,2
W,18,0,4,ai,54,100,26
W,18,0,5,log,30,50,10
S,18,0,870,4410
W,19,0,3,ctrl,18,300,2
W,19,0,4,ai,56,100,26
W,19,0,5,log,27,50,10
S,19,0,851,3741
W,20,0,3,ctrl,17,300,2
W,20,0,4,ai,59,100,26
W,20,0,5,log,23,50,10
S,20,0,817,3894
W,21,0,3,ctrl,11,300,2
W,21,0,4,ai,56,100,26
W,21,0,5,log,31,50,10
S,21,0,869,5946
W,22,0,3,ctrl,15,300,2
W,22,0,4,ai,59,100,26
W,22,0,5,log,29,50,10
S,22,0,854,4593
W,23,0,3,ctrl,10,300,2
W,23,0,4,ai,58,100,26
W,23,0,5,log,33,50,10
S,23,0,871,6727
W,24,0,3,ctrl,17,300,2
W,24,0,4,ai,58,100,26
W,24,0,5,log,26,50,10
S,24,0,840,3964
W,25,0,3,ctrl,15,300,2
W,25,0,4,ai,57,100,26
W,25,0,5,log,28,50,10
S,25,0,855,4440
W,26,0,3,ctrl,13,300,2
W,26,0,4,ai,59,100,26
W,26,0,5,log,30,50,10
S,26,0,859,5244
W,27,0,3,ctrl,8,300,2
W,27,0,4,ai,63,100,26
W,27,0,5,log,28,50,10
S,27,0,840,8325
W,28,0,3,ctrl,9,300,2
W,28,0,4,ai,63,100,26
W,28,0,5,log,30,50,10
S,28,0,850,7568
W,29,0,3,ctrl,11,300,2
W,29,0,4,ai,62,100,26
W,29,0,5,log,28,50,10
S,29,0,842,6166
W,30,0,3,ctrl,7,300,2
W,30,0,4,ai,60,100,26
W,30,0,5,log,32,50,10
S,30,0,864,9514
W,31,0,3,ctrl,12,300,2
W,31,0,4,ai,62,100,26
W,31,0,5,log,27,50,10
S,31,0,836,5644
W,32,0,3,ctrl,9,300,2
W,32,0,4,ai,63,100,26
W,32,0,5,log,31,50,10
S,32,0,854,7655
W,33,0,3,ctrl,7,300,2
W,33,0,4,ai,62,100,26
W,33,0,5,log,29,50,10
S,33,0,847,9380
W,34,0,3,ctrl,13,300,2
W,34,0,4,ai,61,100,26
W,34,0,5,log,27,50,10
S,34,0,839,5203
W,35,0,3,ctrl,9,300,2
W,35,0,4,ai,63,100,26
W,35,0,5,log,28,50,10
S,35,0,841,7400
W,36,0,3,ctrl,16,300,2
W,36,0,4,ai,56,100,26
W,36,0,5,log,31,50,10
S,36,0,868,4296
W,37,0,3,ctrl,15,300,2
W,37,0,4,ai,58,100,26
W,37,0,5,log,25,50,10
S,37,0,835,4352
W,38,0,3,ctrl,23,300,2
W,38,0,4,ai,50,100,26
W,38,0,5,log,23,50,10
S,38,0,843,2786
W,39,0,3,ctrl,8,300,2
W,39,0,4,ai,66,100,26
W,39,0,5,log,30,50,10
S,39,0,843,8763
W,40,0,3,ctrl,6,300,2
W,40,0,4,ai,64,100,26
W,40,0,5,log,33,50,10
S,40,0,860,11482
W,41,0,3,ctrl,12,300,2
W,41,0,4,ai,63,100,26
W,41,0,5,log,27,50,10
S,41,0,834,5692
W,42,0,3,ctrl,4,300,2
W,42,0,4,ai,69,100,26
W,42,0,5,log,31,50,10
S,42,0,842,17526
W,43,0,3,ctrl,18,300,2
W,43,0,4,ai,55,100,26
W,43,0,5,log,27,50,10
S,43,0,855,3700
W,44,0,3,ctrl,14,300,2
W,44,0,4,ai,56,100,26
W,44,0,5,log,29,50,10
S,44,0,860,4723
W,45,0,3,ctrl,4,300,2
W,45,0,4,ai,65,100,26
W,45,0,5,log,33,50,10
S,45,0,858,17076
W,46,0,3,ctrl,6,300,2
W,46,0,4,ai,64,100,26
W,46,0,5,log,33,50,10
S,46,0,860,11482
W,47,0,3,ctrl,6,300,2
W,47,0,4,ai,64,100,26
W,47,0,5,log,34,50,10
S,47,0,863,11684
W,48,0,3,ctrl,2,300,2
W,48,0,4,ai,66,100,26
W,48,0,5,log,35,50,10
S,48,0,863,35052
W,49,0,3,ctrl,5,300,2
W,49,0,4,ai,63,100,26
W,49,0,5,log,34,50,10
S,49,0,866,13591
W,50,0,3,ctrl,18,300,2
W,50,0,4,ai,56,100,26
W,50,0,5,log,26,50,10
S,50,0,846,3700
W,51,0,3,ctrl,9,300,2
W,51,0,4,ai,63,100,26
W,51,0,5,log,32,50,10
S,51,0,858,7744
W,52,0,3,ctrl,7,300,2
W,52,0,4,ai,61,100,26
W,52,0,5,log,31,50,10
S,52,0,859,9514
W,53,0,3,ctrl,6,300,2
W,53,0,4,ai,62,100,26
W,53,0,5,log,33,50,10
S,53,0,864,11288
W,54,0,3,ctrl,4,300,2
W,54,0,4,ai,64,100,26
W,54,0,5,log,34,50,10
S,54,0,864,17076
W,55,0,3,ctrl,13,300,2
W,55,0,4,ai,58,100,26
W,55,0,5,log,29,50,10
S,55,0,857,5123
W,56,0,3,ctrl,11,300,2
W,56,0,4,ai,57,100,26
W,56,0,5,log,32,50,10
S,56,0,871,6054
J,-1,ctrl,1,600,0,0,0,752,1914,0,9
K,-1,log,9,74035
W,57,0,3,ctrl,14,300,1
W,57,0,4,ai,49,100,3
W,57,0,5,log,30,50,1
S,57,0,878,4440
K,-1,ai,25,148402
W,58,0,3,ctrl,0,300,1
W,58,0,4,ai,2,100,1
W,58,0,5,log,0,50,1
S,58,0,759,9999
# done
# RUN config=medium alpha=0 rep=2/5
# prev_baseline_reset ngroups=3
# schedlab win=100 total=6000 groups=3 alpha=0
W,1,0,3,ctrl,15,300,2
W,1,0,4,ai,53,100,22
W,1,0,5,log,29,50,10
S,1,0,867,4324
W,2,0,3,ctrl,14,300,2
W,2,0,4,ai,57,100,26
W,2,0,5,log,30,50,10
S,2,0,863,4826
W,3,0,3,ctrl,13,300,2
W,3,0,4,ai,57,100,26
W,3,0,5,log,29,50,10
S,3,0,858,5083
W,4,0,3,ctrl,13,300,2
W,4,0,4,ai,56,100,26
W,4,0,5,log,134,50,10
S,4,0,724,10406
W,5,0,3,ctrl,72,300,2
W,5,0,4,ai,253,100,26
W,5,0,5,log,27,50,10
S,5,0,713,3264
W,6,0,3,ctrl,11,300,2
W,6,0,4,ai,58,100,26
W,6,0,5,log,30,50,10
S,6,0,861,6000
W,7,0,3,ctrl,13,300,2
W,7,0,4,ai,64,100,26
W,7,0,5,log,22,50,10
S,7,0,797,5083
W,8,0,3,ctrl,4,300,2
W,8,0,4,ai,63,100,26
W,8,0,5,log,33,50,10
S,8,0,863,16650
W,9,0,3,ctrl,7,300,2
W,9,0,4,ai,66,100,26
W,9,0,5,log,30,50,10
S,9,0,843,9940
W,10,0,3,ctrl,9,300,2
W,10,0,4,ai,58,100,26
W,10,0,5,log,33,50,10
S,10,0,872,7400
W,11,0,3,ctrl,13,300,2
W,11,0,4,ai,61,100,26
W,11,0,5,log,25,50,10
S,11,0,827,5083
W,12,0,3,ctrl,21,300,2
W,12,0,4,ai,54,100,26
W,12,0,5,log,23,50,10
S,12,0,831,3112
W,13,0,3,ctrl,16,300,2
W,13,0,4,ai,58,100,26
W,13,0,5,log,30,50,10
S,13,0,861,4352
W,14,0,3,ctrl,8,300,2
W,14,0,4,ai,61,100,26
W,14,0,5,log,32,50,10
S,14,0,862,8430
W,15,0,3,ctrl,4,300,2
W,15,0,4,ai,64,100,26
W,15,0,5,log,35,50,10
S,15,0,866,17526
W,16,0,3,ctrl,5,300,2
W,16,0,4,ai,65,100,26
W,16,0,5,log,33,50,10
S,16,0,858,13875
W,17,0,3,ctrl,4,300,2
W,17,0,4,ai,63,100,26
W,17,0,5,log,34,50,10
S,17,0,865,17076
W,18,0,3,ctrl,6,300,2
W,18,0,4,ai,65,100,26
W,18,0,5,log,31,50,10
S,18,0,850,11482
W,19,0,3,ctrl,6,300,2
W,19,0,4,ai,60,100,26
W,19,0,5,log,34,50,10
S,19,0,871,11100
W,20,0,3,ctrl,16,300,2
W,20,0,4,ai,56,100,26
W,20,0,5,log,29,50,10
S,20,0,861,4215
W,21,0,3,ctrl,9,300,2
W,21,0,4,ai,62,100,26
W,21,0,5,log,32,50,10
S,21,0,860,7655
W,22,0,3,ctrl,9,300,2
W,22,0,4,ai,58,100,26
W,22,0,5,log,35,50,10
S,22,0,877,7568
W,23,0,3,ctrl,11,300,2
W,23,0,4,ai,59,100,26
W,23,0,5,log,29,50,10
S,23,0,854,6000
W,24,0,3,ctrl,7,300,2
W,24,0,4,ai,63,100,26
W,24,0,5,log,33,50,10
S,24,0,862,9940
W,25,0,3,ctrl,15,300,2
W,25,0,4,ai,58,100,26
W,25,0,5,log,28,50,10
S,25,0,852,4500
W,26,0,3,ctrl,5,300,2
W,26,0,4,ai,66,100,26
W,26,0,5,log,33,50,10
S,26,0,857,13875
W,27,0,3,ctrl,10,300,2
W,27,0,4,ai,58,100,26
W,27,0,5,log,29,50,10
S,27,0,856,6466
W,28,0,3,ctrl,13,300,2
W,28,0,4,ai,55,100,26
W,28,0,5,log,33,50,10
S,28,0,876,5203
W,29,0,3,ctrl,9,300,2
W,29,0,4,ai,57,100,26
W,29,0,5,log,31,50,10
S,29,0,866,7239
W,30,0,3,ctrl,7,300,2
W,30,0,4,ai,59,100,26
W,30,0,5,log,33,50,10
S,30,0,869,9514
W,31,0,3,ctrl,14,300,2
W,31,0,4,ai,57,100,26
W,31,0,5,log,30,50,10
S,31,0,863,4826
W,32,0,3,ctrl,11,300,2
W,32,0,4,ai,60,100,26
W,32,0,5,log,29,50,10
S,32,0,853,6054
W,33,0,3,ctrl,3,300,2
W,33,0,4,ai,66,100,26
W,33,0,5,log,35,50,10
S,33,0,863,23785
W,34,0,3,ctrl,15,300,2
W,34,0,4,ai,54,100,26
W,34,0,5,log,31,50,10
S,34,0,873,4440
W,35,0,3,ctrl,5,300,2
W,35,0,4,ai,65,100,26
W,35,0,5,log,33,50,10
S,35,0,858,13875
W,36,0,3,ctrl,10,300,2
W,36,0,4,ai,63,100,26
W,36,0,5,log,31,50,10
S,36,0,855,6937
W,37,0,3,ctrl,16,300,2
W,37,0,4,ai,57,100,26
W,37,0,5,log,30,50,10
S,37,0,863,4296
W,38,0,3,ctrl,6,300,2
W,38,0,4,ai,65,100,26
W,38,0,5,log,32,50,10
S,38,0,854,11482
W,39,0,3,ctrl,8,300,2
W,39,0,4,ai,64,100,26
W,39,0,5,log,32,50,10
S,39,0,856,8763
W,40,0,3,ctrl,6,300,2
W,40,0,4,ai,64,100,26
W,40,0,5,log,30,50,10
S,40,0,849,11100
W,41,0,3,ctrl,5,300,2
W,41,0,4,ai,59,100,26
W,41,0,5,log,35,50,10
S,41,0,875,13320
W,42,0,3,ctrl,6,300,2
W,42,0,4,ai,57,100,26
W,42,0,5,log,34,50,10
S,42,0,875,10918
W,43,0,3,ctrl,6,300,2
W,43,0,4,ai,66,100,26
W,43,0,5,log,30,50,10
S,43,0,844,11482
W,44,0,3,ctrl,15,300,2
W,44,0,4,ai,60,100,26
W,44,0,5,log,22,50,10
S,44,0,807,4324
W,45,0,3,ctrl,8,300,2
W,45,0,4,ai,63,100,26
W,45,0,5,log,31,50,10
S,45,0,854,8538
W,46,0,3,ctrl,18,300,2
W,46,0,4,ai,58,100,26
W,46,0,5,log,27,50,10
S,46,0,846,3827
W,47,0,3,ctrl,8,300,2
W,47,0,4,ai,64,100,26
W,47,0,5,log,32,50,10
S,47,0,856,8763
W,48,0,3,ctrl,8,300,2
W,48,0,4,ai,64,100,26
W,48,0,5,log,30,50,10
S,48,0,848,8538
W,49,0,3,ctrl,6,300,2
W,49,0,4,ai,65,100,26
W,49,0,5,log,31,50,10
S,49,0,850,11482
W,50,0,3,ctrl,16,300,2
W,50,0,4,ai,60,100,26
W,50,0,5,log,26,50,10
S,50,0,835,4269
W,51,0,3,ctrl,2,300,2
W,51,0,4,ai,68,100,26
W,51,0,5,log,34,50,10
S,51,0,856,35052
W,52,0,3,ctrl,5,300,2
W,52,0,4,ai,67,100,26
W,52,0,5,log,31,50,10
S,52,0,846,13875
W,53,0,3,ctrl,8,300,2
W,53,0,4,ai,62,100,26
W,53,0,5,log,33,50,10
S,53,0,864,8649
J,-1,ctrl,1,599,1,5,5,641,1923,0,15
K,-1,log,9,99734
K,-1,ai,25,199240
W,54,0,3,ctrl,6,300,1
W,54,0,4,ai,40,100,1
W,54,0,5,log,22,50,1
S,54,0,868,7568
W,55,0,3,ctrl,0,300,1
W,55,0,4,ai,0,100,1
W,55,0,5,log,0,50,1
S,55,0,658,9999
# done
# RUN config=medium alpha=0 rep=3/5
# prev_baseline_reset ngroups=3
# schedlab win=100 total=6000 groups=3 alpha=0
W,1,0,3,ctrl,8,300,2
W,1,0,4,ai,64,100,15
W,1,0,5,log,32,50,10
S,1,0,856,8763
W,2,0,3,ctrl,9,300,2
W,2,0,4,ai,59,100,20
W,2,0,5,log,34,50,10
S,2,0,873,7568
W,3,0,3,ctrl,15,300,2
W,3,0,4,ai,58,100,20
W,3,0,5,log,28,50,10
S,3,0,852,4500
W,4,0,3,ctrl,12,300,2
W,4,0,4,ai,58,100,25
W,4,0,5,log,32,50,10
S,4,0,868,5692
W,5,0,3,ctrl,8,300,2
W,5,0,4,ai,66,100,26
W,5,0,5,log,29,50,10
S,5,0,838,8649
W,6,0,3,ctrl,12,300,2
W,6,0,4,ai,58,100,26
W,6,0,5,log,30,50,10
S,6,0,861,5550
W,7,0,3,ctrl,18,300,2
W,7,0,4,ai,63,100,26
W,7,0,5,log,35,50,10
S,7,0,869,4296
W,8,0,3,ctrl,20,300,2
W,8,0,4,ai,56,100,26
W,8,0,5,log,29,50,10
S,8,0,861,3505
W,9,0,3,ctrl,20,300,2
W,9,0,4,ai,53,100,26
W,9,0,5,log,27,50,10
S,9,0,860,3330
W,10,0,3,ctrl,20,300,2
W,10,0,4,ai,55,100,26
W,10,0,5,log,27,50,10
S,10,0,854,3397
W,11,0,3,ctrl,24,300,2
W,11,0,4,ai,48,100,26
W,11,0,5,log,28,50,10
S,11,0,876,2775
W,12,0,3,ctrl,12,300,2
W,12,0,4,ai,56,100,26
W,12,0,5,log,33,50,10
S,12,0,875,5644
W,13,0,3,ctrl,9,300,2
W,13,0,4,ai,60,100,26
W,13,0,5,log,29,50,10
S,13,0,851,7318
W,14,0,3,ctrl,7,300,2
W,14,0,4,ai,63,100,26
W,14,0,5,log,30,50,10
S,14,0,851,9514
W,15,0,3,ctrl,14,300,2
W,15,0,4,ai,59,100,26
W,15,0,5,log,28,50,10
S,15,0,849,4826
W,16,0,3,ctrl,21,300,2
W,16,0,4,ai,55,100,26
W,16,0,5,log,25,50,10
S,16,0,842,3217
W,17,0,3,ctrl,17,300,2
W,17,0,4,ai,57,100,26
W,17,0,5,log,30,50,10
S,17,0,863,4085
W,18,0,3,ctrl,13,300,2
W,18,0,4,ai,60,100,26
W,18,0,5,log,27,50,10
S,18,0,842,5123
W,19,0,3,ctrl,17,300,2
W,19,0,4,ai,56,100,26
W,19,0,5,log,26,50,10
S,19,0,845,3894
W,20,0,3,ctrl,13,300,2
W,20,0,4,ai,60,100,26
W,20,0,5,log,27,50,10
S,20,0,842,5123
W,21,0,3,ctrl,20,300,2
W,21,0,4,ai,56,100,26
W,21,0,5,log,26,50,10
S,21,0,845,3397
W,22,0,3,ctrl,5,300,2
W,22,0,4,ai,63,100,26
W,22,0,5,log,33,50,10
S,22,0,862,13591
W,23,0,3,ctrl,5,300,2
W,23,0,4,ai,63,100,26
W,23,0,5,log,32,50,10
S,23,0,859,13320
W,24,0,3,ctrl,17,300,2
W,24,0,4,ai,58,100,26
W,24,0,5,log,23,50,10
S,24,0,820,3849
W,25,0,3,ctrl,13,300,2
W,25,0,4,ai,61,100,26
W,25,0,5,log,29,50,10
S,25,0,850,5285
W,26,0,3,ctrl,5,300,2
W,26,0,4,ai,68,100,26
W,26,0,5,log,30,50,10
S,26,0,840,13875
W,27,0,3,ctrl,11,300,2
W,27,0,4,ai,59,100,26
W,27,0,5,log,30,50,10
S,27,0,859,6054
W,28,0,3,ctrl,6,300,2
W,28,0,4,ai,64,100,26
W,28,0,5,log,31,50,10
S,28,0,852,11288
W,29,0,3,ctrl,9,300,2
W,29,0,4,ai,64,100,26
W,29,0,5,log,28,50,10
S,29,0,838,7483
W,30,0,3,ctrl,10,300,2
W,30,0,4,ai,58,100,26
W,30,0,5,log,33,50,10
S,30,0,871,6727
W,31,0,3,ctrl,15,300,2
W,31,0,4,ai,59,100,26
W,31,0,5,log,29,50,10
S,31,0,854,4593
W,32,0,3,ctrl,13,300,2
W,32,0,4,ai,59,100,26
W,32,0,5,log,30,50,10
S,32,0,859,5244
W,33,0,3,ctrl,5,300,2
W,33,0,4,ai,63,100,26
W,33,0,5,log,33,50,10
S,33,0,862,13591
W,34,0,3,ctrl,8,300,2
W,34,0,4,ai,61,100,26
W,34,0,5,log,32,50,10
S,34,0,862,8430
W,35,0,3,ctrl,6,300,2
W,35,0,4,ai,67,100,26
W,35,0,5,log,31,50,10
S,35,0,846,11684
W,36,0,3,ctrl,12,300,2
W,36,0,4,ai,56,100,26
W,36,0,5,log,34,50,10
S,36,0,878,5692
W,37,0,3,ctrl,2,300,2
W,37,0,4,ai,69,100,26
W,37,0,5,log,33,50,10
S,37,0,851,35052
W,38,0,3,ctrl,11,300,2
W,38,0,4,ai,61,100,26
W,38,0,5,log,31,50,10
S,38,0,858,6283
W,39,0,3,ctrl,23,300,2
W,39,0,4,ai,52,100,26
W,39,0,5,log,26,50,10
S,39,0,856,2933
W,40,0,3,ctrl,15,300,2
W,40,0,4,ai,54,100,26
W,40,0,5,log,31,50,10
S,40,0,873,4440
W,41,0,3,ctrl,6,300,2
W,41,0,4,ai,62,100,26
W,41,0,5,log,34,50,10
S,41,0,867,11482
W,42,0,3,ctrl,13,300,2
W,42,0,4,ai,59,100,26
W,42,0,5,log,27,50,10
S,42,0,844,5083
W,43,0,3,ctrl,12,300,2
W,43,0,4,ai,60,100,26
W,43,0,5,log,28,50,10
S,43,0,848,5550
W,44,0,3,ctrl,1,300,2
W,44,0,4,ai,67,100,26
W,44,0,5,log,33,50,10
S,44,0,854,74000
W,45,0,3,ctrl,18,300,2
W,45,0,4,ai,55,100,26
W,45,0,5,log,28,50,10
S,45,0,859,3741
W,46,0,3,ctrl,2,300,2
W,46,0,4,ai,64,100,26
W,46,0,5,log,34,50,10
S,46,0,864,33300
W,47,0,3,ctrl,19,300,2
W,47,0,4,ai,56,100,26
W,47,0,5,log,24,50,10
S,47,0,832,3486
W,48,0,3,ctrl,26,300,2
W,48,0,4,ai,49,100,26
W,48,0,5,log,24,50,10
S,48,0,853,2541
W,49,0,3,ctrl,21,300,2
W,49,0,4,ai,53,100,26
W,49,0,5,log,25,50,10
S,49,0,848,3141
W,50,0,3,ctrl,21,300,2
W,50,0,4,ai,57,100,26
W,50,0,5,log,22,50,10
S,50,0,815,3171
W,51,0,3,ctrl,9,300,2
W,51,0,4,ai,65,100,26
W,51,0,5,log,24,50,10
S,51,0,810,7318
W,52,0,3,ctrl,9,300,2
W,52,0,4,ai,62,100,26
W,52,0,5,log,30,50,10
S,52,0,852,7483
W,53,0,3,ctrl,12,300,2
W,53,0,4,ai,57,100,26
W,53,0,5,log,35,50,10
S,53,0,879,5791
W,54,0,3,ctrl,6,300,2
W,54,0,4,ai,59,100,26
W,54,0,5,log,35,50,10
S,54,0,876,11100
W,55,0,3,ctrl,15,300,2
W,55,0,4,ai,55,100,26
W,55,0,5,log,31,50,10
S,55,0,870,4500
W,56,0,3,ctrl,7,300,2
W,56,0,4,ai,63,100,26
W,56,0,5,log,33,50,10
S,56,0,862,9940
K,-1,ai,25,147848
K,-1,log,9,76903
J,-1,ctrl,1,600,0,0,0,1327,3927,0,8
W,57,0,3,ctrl,1,300,1
W,57,0,4,ai,47,100,1
W,57,0,5,log,20,50,1
S,57,0,835,47571
W,58,0,3,ctrl,0,300,1
W,58,0,4,ai,0,100,1
W,58,0,5,log,0,50,1
S,58,0,658,9999
# done
# RUN config=medium alpha=0 rep=4/5
# prev_baseline_reset ngroups=3
# schedlab win=100 total=6000 groups=3 alpha=0
W,1,0,3,ctrl,11,300,2
W,1,0,4,ai,58,100,17
W,1,0,5,log,33,50,10
S,1,0,871,6224
W,2,0,3,ctrl,15,300,2
W,2,0,4,ai,51,100,17
W,2,0,5,log,31,50,10
S,2,0,878,4324
W,3,0,3,ctrl,15,300,2
W,3,0,4,ai,61,100,22
W,3,0,5,log,28,50,10
S,3,0,845,4625
W,4,0,3,ctrl,13,300,2
W,4,0,4,ai,61,100,26
W,4,0,5,log,26,50,10
S,4,0,834,5123
W,5,0,3,ctrl,16,300,2
W,5,0,4,ai,58,100,26
W,5,0,5,log,29,50,10
S,5,0,856,4296
W,6,0,3,ctrl,12,300,2
W,6,0,4,ai,56,100,26
W,6,0,5,log,30,50,10
S,6,0,865,5459
W,7,0,3,ctrl,13,300,2
W,7,0,4,ai,62,100,26
W,7,0,5,log,25,50,10
S,7,0,825,5123
W,8,0,3,ctrl,14,300,2
W,8,0,4,ai,54,100,26
W,8,0,5,log,32,50,10
S,8,0,876,4757
W,9,0,3,ctrl,13,300,2
W,9,0,4,ai,57,100,26
W,9,0,5,log,32,50,10
S,9,0,870,5244
W,10,0,3,ctrl,17,300,2
W,10,0,4,ai,56,100,26
W,10,0,5,log,30,50,10
S,10,0,866,4036
W,11,0,3,ctrl,21,300,2
W,11,0,4,ai,52,100,26
W,11,0,5,log,29,50,10
S,11,0,870,3248
W,12,0,3,ctrl,22,300,2
W,12,0,4,ai,50,100,26
W,12,0,5,log,26,50,10
S,12,0,862,2973
W,13,0,3,ctrl,18,300,2
W,13,0,4,ai,57,100,26
W,13,0,5,log,24,50,10
S,13,0,830,3679
W,14,0,3,ctrl,26,300,2
W,14,0,4,ai,48,100,26
W,14,0,5,log,24,50,10
S,14,0,856,2513
W,15,0,3,ctrl,10,300,2
W,15,0,4,ai,63,100,26
W,15,0,5,log,28,50,10
S,15,0,840,6727
W,16,0,3,ctrl,18,300,2
W,16,0,4,ai,55,100,26
W,16,0,5,log,26,50,10
S,16,0,848,3679
W,17,0,3,ctrl,13,300,2
W,17,0,4,ai,55,100,26
W,17,0,5,log,32,50,10
S,17,0,875,5123
W,18,0,3,ctrl,18,300,2
W,18,0,4,ai,58,100,26
W,18,0,5,log,24,50,10
S,18,0,828,3700
W,19,0,3,ctrl,14,300,2
W,19,0,4,ai,61,100,26
W,19,0,5,log,27,50,10
S,19,0,839,4861
W,20,0,3,ctrl,19,300,2
W,20,0,4,ai,57,100,26
W,20,0,5,log,25,50,10
S,20,0,837,3542
W,21,0,3,ctrl,11,300,2
W,21,0,4,ai,60,100,26
W,21,0,5,log,31,50,10
S,21,0,860,6224
W,22,0,3,ctrl,11,300,2
W,22,0,4,ai,63,100,26
W,22,0,5,log,30,50,10
S,22,0,850,6342
W,23,0,3,ctrl,21,300,2
W,23,0,4,ai,50,100,26
W,23,0,5,log,30,50,10
S,23,0,878,3217
W,24,0,3,ctrl,16,300,2
W,24,0,4,ai,59,100,26
W,24,0,5,log,25,50,10
S,24,0,832,4162
W,25,0,3,ctrl,9,300,2
W,25,0,4,ai,62,100,26
W,25,0,5,log,30,50,10
S,25,0,852,7483
W,26,0,3,ctrl,4,300,2
W,26,0,4,ai,67,100,26
W,26,0,5,log,32,50,10
S,26,0,850,17526
W,27,0,3,ctrl,14,300,2
W,27,0,4,ai,59,100,26
W,27,0,5,log,27,50,10
S,27,0,845,4757
W,28,0,3,ctrl,17,300,2
W,28,0,4,ai,55,100,26
W,28,0,5,log,31,50,10
S,28,0,871,4036
W,29,0,3,ctrl,10,300,2
W,29,0,4,ai,61,100,26
W,29,0,5,log,33,50,10
S,29,0,866,6937
W,30,0,3,ctrl,6,300,2
W,30,0,4,ai,61,100,26
W,30,0,5,log,33,50,10
S,30,0,866,11100
W,31,0,3,ctrl,9,300,2
W,31,0,4,ai,61,100,26
W,31,0,5,log,33,50,10
S,31,0,866,7655
W,32,0,3,ctrl,27,300,2
W,32,0,4,ai,51,100,26
W,32,0,5,log,21,50,10
S,32,0,823,2448
W,33,0,3,ctrl,27,300,2
W,33,0,4,ai,50,100,26
W,33,0,5,log,21,50,10
S,33,0,827,2421
W,34,0,3,ctrl,9,300,2
W,34,0,4,ai,62,100,26
W,34,0,5,log,28,50,10
S,34,0,842,7400
W,35,0,3,ctrl,9,300,2
W,35,0,4,ai,62,100,26
W,35,0,5,log,29,50,10
S,35,0,848,7400
W,36,0,3,ctrl,14,300,2
W,36,0,4,ai,58,100,26
W,36,0,5,log,28,50,10
S,36,0,852,4757
W,37,0,3,ctrl,8,300,2
W,37,0,4,ai,57,100,26
W,37,0,5,log,33,50,10
S,37,0,873,8222
W,38,0,3,ctrl,10,300,2
W,38,0,4,ai,58,100,26
W,38,0,5,log,34,50,10
S,38,0,874,6795
W,39,0,3,ctrl,6,300,2
W,39,0,4,ai,66,100,26
W,39,0,5,log,31,50,10
S,39,0,848,11482
W,40,0,3,ctrl,9,300,2
W,40,0,4,ai,61,100,26
W,40,0,5,log,29,50,10
S,40,0,849,7400
W,41,0,3,ctrl,17,300,2
W,41,0,4,ai,50,100,26
W,41,0,5,log,30,50,10
S,41,0,877,3805
W,42,0,3,ctrl,17,300,2
W,42,0,4,ai,57,100,26
W,42,0,5,log,24,50,10
S,42,0,830,3849
W,43,0,3,ctrl,18,300,2
W,43,0,4,ai,50,100,26
W,43,0,5,log,29,50,10
S,43,0,874,3600
W,44,0,3,ctrl,8,300,2
W,44,0,4,ai,64,100,26
W,44,0,5,log,27,50,10
S,44,0,832,8325
W,45,0,3,ctrl,6,300,2
W,45,0,4,ai,65,100,26
W,45,0,5,log,30,50,10
S,45,0,846,11288
W,46,0,3,ctrl,11,300,2
W,46,0,4,ai,62,100,26
W,46,0,5,log,30,50,10
S,46,0,852,6283
W,47,0,3,ctrl,7,300,2
W,47,0,4,ai,60,100,26
W,47,0,5,log,31,50,10
S,47,0,861,9380
W,48,0,3,ctrl,19,300,2
W,48,0,4,ai,53,100,26
W,48,0,5,log,27,50,10
S,48,0,858,3486
W,49,0,3,ctrl,8,300,2
W,49,0,4,ai,62,100,26
W,49,0,5,log,31,50,10
S,49,0,856,8430
W,50,0,3,ctrl,7,300,2
W,50,0,4,ai,59,100,26
W,50,0,5,log,35,50,10
S,50,0,875,9652
W,51,0,3,ctrl,10,300,2
W,51,0,4,ai,60,100,26
W,51,0,5,log,32,50,10
S,51,0,864,6795
W,52,0,3,ctrl,8,300,2
W,52,0,4,ai,64,100,26
W,52,0,5,log,28,50,10
S,52,0,838,8325
W,53,0,3,ctrl,8,300,2
W,53,0,4,ai,67,100,26
W,53,0,5,log,28,50,10
S,53,0,830,8649
W,54,0,3,ctrl,5,300,2
W,54,0,4,ai,60,100,26
W,54,0,5,log,33,50,10
S,54,0,868,13058
W,55,0,3,ctrl,11,300,2
W,55,0,4,ai,59,100,26
W,55,0,5,log,30,50,10
S,55,0,859,6054
W,56,0,3,ctrl,4,300,2
W,56,0,4,ai,65,100,26
W,56,0,5,log,33,50,10
S,56,0,858,17076
W,57,0,3,ctrl,7,300,2
W,57,0,4,ai,59,100,26
W,57,0,5,log,35,50,10
S,57,0,875,9652
J,-1,ctrl,1,599,0,0,0,796,2212,0,10
K,-1,log,9,65075
K,-1,ai,25,136160
W,58,0,3,ctrl,4,300,1
W,58,0,4,ai,14,100,1
W,58,0,5,log,5,50,1
S,58,0,801,3849
# done
# RUN config=medium alpha=0 rep=5/5
# prev_baseline_reset ngroups=3
# schedlab win=100 total=6000 groups=3 alpha=0
W,1,0,3,ctrl,11,300,2
W,1,0,4,ai,64,100,26
W,1,0,5,log,29,50,10
S,1,0,842,6342
W,2,0,3,ctrl,14,300,2
W,2,0,4,ai,60,100,26
W,2,0,5,log,28,50,10
S,2,0,847,4861
W,3,0,3,ctrl,8,300,2
W,3,0,4,ai,64,100,26
W,3,0,5,log,32,50,10
S,3,0,856,8763
W,4,0,3,ctrl,17,300,2
W,4,0,4,ai,56,100,26
W,4,0,5,log,30,50,10
S,4,0,866,4036
W,5,0,3,ctrl,9,300,2
W,5,0,4,ai,61,100,26
W,5,0,5,log,34,50,10
S,5,0,869,7744
W,6,0,3,ctrl,18,300,2
W,6,0,4,ai,53,100,26
W,6,0,5,log,67,50,10
S,6,0,844,5123
W,7,0,3,ctrl,27,300,2
W,7,0,4,ai,131,100,26
W,7,0,5,log,30,50,10
S,7,0,727,4657
W,8,0,3,ctrl,9,300,2
W,8,0,4,ai,60,100,26
W,8,0,5,log,33,50,10
S,8,0,868,7568
W,9,0,3,ctrl,5,300,2
W,9,0,4,ai,64,100,26
W,9,0,5,log,34,50,10
S,9,0,864,13875
W,10,0,3,ctrl,7,300,2
W,10,0,4,ai,65,100,26
W,10,0,5,log,32,50,10
S,10,0,854,9940
W,11,0,3,ctrl,11,300,2
W,11,0,4,ai,57,100,26
W,11,0,5,log,30,50,10
S,11,0,863,5946
W,12,0,3,ctrl,23,300,2
W,12,0,4,ai,55,100,26
W,12,0,5,log,25,50,10
S,12,0,841,2986
W,13,0,3,ctrl,22,300,2
W,13,0,4,ai,54,100,26
W,13,0,5,log,23,50,10
S,13,0,831,3000
W,14,0,3,ctrl,24,300,2
W,14,0,4,ai,49,100,26
W,14,0,5,log,26,50,10
S,14,0,864,2752
W,15,0,3,ctrl,14,300,2
W,15,0,4,ai,60,100,26
W,15,0,5,log,28,50,10
S,15,0,847,4861
W,16,0,3,ctrl,9,300,2
W,16,0,4,ai,57,100,26
W,16,0,5,log,32,50,10
S,16,0,870,7318
W,17,0,3,ctrl,22,300,2
W,17,0,4,ai,52,100,26
W,17,0,5,log,26,50,10
S,17,0,857,3027
W,18,0,3,ctrl,17,300,2
W,18,0,4,ai,57,100,26
W,18,0,5,log,28,50,10
S,18,0,854,4012
W,19,0,3,ctrl,14,300,2
W,19,0,4,ai,56,100,26
W,19,0,5,log,30,50,10
S,19,0,866,4757
W,20,0,3,ctrl,12,300,2
W,20,0,4,ai,59,100,26
W,20,0,5,log,32,50,10
S,20,0,866,5741
W,21,0,3,ctrl,18,300,2
W,21,0,4,ai,54,100,26
W,21,0,5,log,30,50,10
S,21,0,870,3784
W,22,0,3,ctrl,11,300,2
W,22,0,4,ai,59,100,26
W,22,0,5,log,31,50,10
S,22,0,862,6166
W,23,0,3,ctrl,15,300,2
W,23,0,4,ai,60,100,26
W,23,0,5,log,24,50,10
S,23,0,822,4410
W,24,0,3,ctrl,12,300,2
W,24,0,4,ai,60,100,26
W,24,0,5,log,29,50,10
S,24,0,852,5644
W,25,0,3,ctrl,17,300,2
W,25,0,4,ai,55,100,26
W,25,0,5,log,28,50,10
S,25,0,860,3917
W,26,0,3,ctrl,12,300,2
W,26,0,4,ai,59,100,26
W,26,0,5,log,31,50,10
S,26,0,862,5692
W,27,0,3,ctrl,5,300,2
W,27,0,4,ai,65,100,26
W,27,0,5,log,30,50,10
S,27,0,846,13320
W,28,0,3,ctrl,14,300,2
W,28,0,4,ai,53,100,26
W,28,0,5,log,30,50,10
S,28,0,871,4625
W,29,0,3,ctrl,10,300,2
W,29,0,4,ai,58,100,26
W,29,0,5,log,34,50,10
S,29,0,874,6795
W,30,0,3,ctrl,11,300,2
W,30,0,4,ai,59,100,26
W,30,0,5,log,32,50,10
S,30,0,866,6224
W,31,0,3,ctrl,10,300,2
W,31,0,4,ai,62,100,26
W,31,0,5,log,28,50,10
S,31,0,843,6660
W,32,0,3,ctrl,11,300,2
W,32,0,4,ai,59,100,26
W,32,0,5,log,29,50,10
S,32,0,854,6000
W,33,0,3,ctrl,11,300,2
W,33,0,4,ai,59,100,26
W,33,0,5,log,31,50,10
S,33,0,862,6166
W,34,0,3,ctrl,10,300,2
W,34,0,4,ai,58,100,26
W,34,0,5,log,32,50,10
S,34,0,869,6660
W,35,0,3,ctrl,7,300,2
W,35,0,4,ai,62,100,26
W,35,0,5,log,33,50,10
S,35,0,864,9794
W,36,0,3,ctrl,6,300,2
W,36,0,4,ai,63,100,26
W,36,0,5,log,34,50,10
S,36,0,866,11482
W,37,0,3,ctrl,16,300,2
W,37,0,4,ai,59,100,26
W,37,0,5,log,25,50,10
S,37,0,832,4162
W,38,0,3,ctrl,6,300,2
W,38,0,4,ai,66,100,26
W,38,0,5,log,29,50,10
S,38,0,839,11288
W,39,0,3,ctrl,11,300,2
W,39,0,4,ai,59,100,26
W,39,0,5,log,31,50,10
S,39,0,862,6166
W,40,0,3,ctrl,21,300,2
W,40,0,4,ai,51,100,26
W,40,0,5,log,29,50,10
S,40,0,872,3217
W,41,0,3,ctrl,16,300,2
W,41,0,4,ai,60,100,26
W,41,0,5,log,25,50,10
S,41,0,829,4215
W,42,0,3,ctrl,20,300,2
W,42,0,4,ai,60,100,26
W,42,0,5,log,22,50,10
S,42,0,805,3397
W,43,0,3,ctrl,15,300,2
W,43,0,4,ai,58,100,26
W,43,0,5,log,30,50,10
S,43,0,861,4593
W,44,0,3,ctrl,11,300,2
W,44,0,4,ai,59,100,26
W,44,0,5,log,29,50,10
S,44,0,854,6000
W,45,0,3,ctrl,6,300,2
W,45,0,4,ai,61,100,26
W,45,0,5,log,33,50,10
S,45,0,866,11100
W,46,0,3,ctrl,7,300,2
W,46,0,4,ai,65,100,26
W,46,0,5,log,28,50,10
S,46,0,836,9514
W,47,0,3,ctrl,2,300,2
W,47,0,4,ai,70,100,26
W,47,0,5,log,31,50,10
S,47,0,840,35052
W,48,0,3,ctrl,1,300,2
W,48,0,4,ai,69,100,26
W,48,0,5,log,34,50,10
S,48,0,854,74000
W,49,0,3,ctrl,24,300,2
W,49,0,4,ai,47,100,26
W,49,0,5,log,27,50,10
S,49,0,874,2729
W,50,0,3,ctrl,17,300,2
W,50,0,4,ai,53,100,26
W,50,0,5,log,29,50,10
S,50,0,867,3894
W,51,0,3,ctrl,1,300,2
W,51,0,4,ai,69,100,26
W,51,0,5,log,30,50,10
S,51,0,838,66600
W,52,0,3,ctrl,17,300,2
W,52,0,4,ai,59,100,26
W,52,0,5,log,27,50,10
S,52,0,844,4036
W,53,0,3,ctrl,13,300,2
W,53,0,4,ai,60,100,26
W,53,0,5,log,29,50,10
S,53,0,852,5244
W,54,0,3,ctrl,16,300,2
W,54,0,4,ai,54,100,26
W,54,0,5,log,31,50,10
S,54,0,872,4215
W,55,0,3,ctrl,17,300,2
W,55,0,4,ai,53,100,26
W,55,0,5,log,30,50,10
S,55,0,872,3917
K,-1,log,9,74234
J,-1,ctrl,1,600,0,0,0,2506,11546,0,10
K,-1,ai,25,143942
W,56,0,3,ctrl,10,300,1
W,56,0,4,ai,52,100,1
W,56,0,5,log,23,50,1
S,56,0,839,5692
W,57,0,3,ctrl,0,300,1
W,57,0,4,ai,0,100,1
W,57,0,5,log,0,50,1
S,57,0,658,9999
# done
# WARMUP config=medium alpha=10
# prev_baseline_reset ngroups=3
# schedlab win=100 total=6000 groups=3 alpha=10
W,1,10,3,ctrl,20,300,2
W,1,10,4,ai,56,100,15
W,1,10,5,log,28,50,10
S,1,10,857,3468
W,2,10,3,ctrl,23,300,2
W,2,10,4,ai,46,100,18
W,2,10,5,log,29,50,10
S,2,10,881,2846
W,3,10,3,ctrl,95,300,2
W,3,10,4,ai,362,100,26
W,3,10,5,log,178,50,10
S,3,10,854,4469
W,4,10,3,ctrl,15,300,2
W,4,10,4,ai,52,100,26
W,4,10,5,log,33,50,10
S,4,10,882,4440
W,5,10,3,ctrl,24,300,2
W,5,10,4,ai,52,100,26
W,5,10,5,log,23,50,10
S,5,10,837,2752
W,6,10,3,ctrl,20,300,2
W,6,10,4,ai,52,100,26
W,6,10,5,log,28,50,10
S,6,10,867,3330
W,7,10,3,ctrl,17,300,2
W,7,10,4,ai,54,100,26
W,7,10,5,log,31,50,10
S,7,10,872,4012
W,8,10,3,ctrl,14,300,2
W,8,10,4,ai,58,100,26
W,8,10,5,log,26,50,10
S,8,10,841,4690
W,9,10,3,ctrl,6,300,2
W,9,10,4,ai,61,100,26
W,9,10,5,log,33,50,10
S,9,10,866,11100
W,10,10,3,ctrl,17,300,2
W,10,10,4,ai,58,100,26
W,10,10,5,log,28,50,10
S,10,10,851,4036
W,11,10,3,ctrl,14,300,2
W,11,10,4,ai,57,100,26
W,11,10,5,log,30,50,10
S,11,10,863,4826
W,12,10,3,ctrl,12,300,2
W,12,10,4,ai,61,100,26
W,12,10,5,log,29,50,10
S,12,10,850,5692
W,13,10,3,ctrl,21,300,2
W,13,10,4,ai,51,100,26
W,13,10,5,log,26,50,10
S,13,10,859,3112
W,14,10,3,ctrl,17,300,2
W,14,10,4,ai,55,100,26
W,14,10,5,log,31,50,10
S,14,10,871,4036
W,15,10,3,ctrl,14,300,2
W,15,10,4,ai,56,100,26
W,15,10,5,log,31,50,10
S,15,10,868,4826
W,16,10,3,ctrl,12,300,2
W,16,10,4,ai,64,100,26
W,16,10,5,log,26,50,10
S,16,10,825,5692
W,17,10,3,ctrl,14,300,2
W,17,10,4,ai,57,100,26
W,17,10,5,log,30,50,10
S,17,10,863,4826
W,18,10,3,ctrl,22,300,2
W,18,10,4,ai,52,100,26
W,18,10,5,log,26,50,10
S,18,10,857,3027
W,19,10,3,ctrl,23,300,2
W,19,10,4,ai,53,100,26
W,19,10,5,log,25,50,10
S,19,10,847,2933
W,20,10,3,ctrl,21,300,2
W,20,10,4,ai,49,100,26
W,20,10,5,log,30,50,10
S,20,10,880,3171
W,21,10,3,ctrl,16,300,2
W,21,10,4,ai,58,100,26
W,21,10,5,log,24,50,10
S,21,10,827,4085
W,22,10,3,ctrl,13,300,2
W,22,10,4,ai,58,100,26
W,22,10,5,log,28,50,10
S,22,10,851,5083
W,23,10,3,ctrl,17,300,2
W,23,10,4,ai,53,100,26
W,23,10,5,log,30,50,10
S,23,10,872,3917
W,24,10,3,ctrl,19,300,2
W,24,10,4,ai,49,100,26
W,24,10,5,log,32,50,10
S,24,10,884,3505
W,25,10,3,ctrl,23,300,2
W,25,10,4,ai,53,100,26
W,25,10,5,log,26,50,10
S,25,10,853,2960
W,26,10,3,ctrl,16,300,2
W,26,10,4,ai,58,100,26
W,26,10,5,log,28,50,10
S,26,10,851,4269
W,27,10,3,ctrl,23,300,2
W,27,10,4,ai,52,100,26
W,27,10,5,log,25,50,10
S,27,10,851,2895
W,28,10,3,ctrl,15,300,2
W,28,10,4,ai,57,100,26
W,28,10,5,log,30,50,10
S,28,10,863,4530
W,29,10,3,ctrl,20,300,2
W,29,10,4,ai,58,100,26
W,29,10,5,log,22,50,10
S,29,10,812,3330
W,30,10,3,ctrl,18,300,2
W,30,10,4,ai,55,100,26
W,30,10,5,log,27,50,10
S,30,10,855,3700
W,31,10,3,ctrl,26,300,2
W,31,10,4,ai,44,100,26
W,31,10,5,log,28,50,10
S,31,10,883,2513
W,32,10,3,ctrl,15,300,2
W,32,10,4,ai,56,100,26
W,32,10,5,log,31,50,10
S,32,10,869,4530
W,33,10,3,ctrl,19,300,2
W,33,10,4,ai,56,100,26
W,33,10,5,log,25,50,10
S,33,10,840,3505
W,34,10,3,ctrl,14,300,2
W,34,10,4,ai,57,100,26
W,34,10,5,log,29,50,10
S,34,10,859,4757
W,35,10,3,ctrl,27,300,2
W,35,10,4,ai,53,100,26
W,35,10,5,log,23,50,10
S,35,10,833,2541
W,36,10,3,ctrl,13,300,2
W,36,10,4,ai,53,100,26
W,36,10,5,log,32,50,10
S,36,10,877,5045
W,37,10,3,ctrl,14,300,2
W,37,10,4,ai,63,100,26
W,37,10,5,log,26,50,10
S,37,10,828,4933
W,38,10,3,ctrl,27,300,2
W,38,10,4,ai,49,100,26
W,38,10,5,log,24,50,10
S,38,10,854,2466
W,39,10,3,ctrl,15,300,2
W,39,10,4,ai,58,100,26
W,39,10,5,log,30,50,10
S,39,10,861,4593
W,40,10,3,ctrl,13,300,2
W,40,10,4,ai,58,100,26
W,40,10,5,log,30,50,10
S,40,10,861,5203
W,41,10,3,ctrl,11,300,2
W,41,10,4,ai,59,100,26
W,41,10,5,log,33,50,10
S,41,10,869,6283
W,42,10,3,ctrl,21,300,2
W,42,10,4,ai,53,100,26
W,42,10,5,log,25,50,10
S,42,10,848,3141
W,43,10,3,ctrl,14,300,2
W,43,10,4,ai,59,100,26
W,43,10,5,log,28,50,10
S,43,10,849,4826
W,44,10,3,ctrl,14,300,2
W,44,10,4,ai,56,100,26
W,44,10,5,log,31,50,10
S,44,10,868,4826
W,45,10,3,ctrl,13,300,2
W,45,10,4,ai,61,100,26
W,45,10,5,log,26,50,10
S,45,10,834,5123
W,46,10,3,ctrl,10,300,2
W,46,10,4,ai,64,100,26
W,46,10,5,log,28,50,10
S,46,10,838,6795
W,47,10,3,ctrl,12,300,2
W,47,10,4,ai,63,100,26
W,47,10,5,log,28,50,10
S,47,10,839,5741
W,48,10,3,ctrl,9,300,2
W,48,10,4,ai,59,100,26
W,48,10,5,log,33,50,10
S,48,10,870,7483
W,49,10,3,ctrl,2,300,2
W,49,10,4,ai,66,100,26
W,49,10,5,log,34,50,10
S,49,10,860,35052
W,50,10,3,ctrl,17,300,2
W,50,10,4,ai,52,100,26
W,50,10,5,log,31,50,10
S,50,10,877,3917
W,51,10,3,ctrl,14,300,2
W,51,10,4,ai,58,100,26
W,51,10,5,log,27,50,10
S,51,10,846,4723
J,-1,ctrl,1,598,0,0,0,2139,8589,0,9
K,-1,log,9,42381
K,-1,ai,25,85918
W,52,10,3,ctrl,5,300,1
W,52,10,4,ai,48,100,1
W,52,10,5,log,20,50,1
S,52,10,830,9794
W,53,10,3,ctrl,0,300,1
W,53,10,4,ai,0,100,1
W,53,10,5,log,0,50,1
S,53,10,658,9999
# done
# RUN config=medium alpha=10 rep=1/5
# prev_baseline_reset ngroups=3
# schedlab win=100 total=6000 groups=3 alpha=10
W,1,10,3,ctrl,13,300,2
W,1,10,4,ai,57,100,21
W,1,10,5,log,30,50,10
S,1,10,864,5123
W,2,10,3,ctrl,9,300,2
W,2,10,4,ai,63,100,26
W,2,10,5,log,29,50,10
S,2,10,846,7483
W,3,10,3,ctrl,3,300,2
W,3,10,4,ai,63,100,26
W,3,10,5,log,34,50,10
S,3,10,866,22200
W,4,10,3,ctrl,4,300,2
W,4,10,4,ai,65,100,26
W,4,10,5,log,33,50,10
S,4,10,858,17076
W,5,10,3,ctrl,1,300,2
W,5,10,4,ai,68,100,26
W,5,10,5,log,34,50,10
S,5,10,857,74000
W,6,10,3,ctrl,14,300,2
W,6,10,4,ai,58,100,26
W,6,10,5,log,63,50,10
S,6,10,868,6466
W,7,10,3,ctrl,26,300,2
W,7,10,4,ai,137,100,26
W,7,10,5,log,34,50,10
S,7,10,741,5083
W,8,10,3,ctrl,11,300,2
W,8,10,4,ai,61,100,26
W,8,10,5,log,31,50,10
S,8,10,858,6283
W,9,10,3,ctrl,14,300,2
W,9,10,4,ai,57,100,26
W,9,10,5,log,28,50,10
S,9,10,854,4723
W,10,10,3,ctrl,6,300,2
W,10,10,4,ai,62,100,26
W,10,10,5,log,34,50,10
S,10,10,867,11482
W,11,10,3,ctrl,18,300,2
W,11,10,4,ai,58,100,26
W,11,10,5,log,24,50,10
S,11,10,828,3700
W,12,10,3,ctrl,24,300,2
W,12,10,4,ai,48,100,26
W,12,10,5,log,27,50,10
S,12,10,871,2752
W,13,10,3,ctrl,12,300,2
W,13,10,4,ai,57,100,26
W,13,10,5,log,29,50,10
S,13,10,858,5459
W,14,10,3,ctrl,16,300,2
W,14,10,4,ai,53,100,26
W,14,10,5,log,30,50,10
S,14,10,872,4136
W,15,10,3,ctrl,5,300,2
W,15,10,4,ai,63,100,26
W,15,10,5,log,34,50,10
S,15,10,866,13591
W,16,10,3,ctrl,16,300,2
W,16,10,4,ai,53,100,26
W,16,10,5,log,32,50,10
S,16,10,877,4215
W,17,10,3,ctrl,8,300,2
W,17,10,4,ai,64,100,26
W,17,10,5,log,27,50,10
S,17,10,832,8325
W,18,10,3,ctrl,7,300,2
W,18,10,4,ai,66,100,26
W,18,10,5,log,31,50,10
S,18,10,848,9940
W,19,10,3,ctrl,12,300,2
W,19,10,4,ai,56,100,26
W,19,10,5,log,31,50,10
S,19,10,869,5504
W,20,10,3,ctrl,13,300,2
W,20,10,4,ai,56,100,26
W,20,10,5,log,29,50,10
S,20,10,860,5045
W,21,10,3,ctrl,11,300,2
W,21,10,4,ai,59,100,26
W,21,10,5,log,32,50,10
S,21,10,866,6224
W,22,10,3,ctrl,17,300,2
W,22,10,4,ai,56,100,26
W,22,10,5,log,29,50,10
S,22,10,861,4012
W,23,10,3,ctrl,11,300,2
W,23,10,4,ai,58,100,26
W,23,10,5,log,33,50,10
S,23,10,871,6224
W,24,10,3,ctrl,5,300,2
W,24,10,4,ai,64,100,26
W,24,10,5,log,33,50,10
S,24,10,860,13591
W,25,10,3,ctrl,6,300,2
W,25,10,4,ai,62,100,26
W,25,10,5,log,34,50,10
S,25,10,867,11482
W,26,10,3,ctrl,5,300,2
W,26,10,4,ai,65,100,26
W,26,10,5,log,33,50,10
S,26,10,858,13875
W,27,10,3,ctrl,11,300,2
W,27,10,4,ai,59,100,26
W,27,10,5,log,32,50,10
S,27,10,866,6224
W,28,10,3,ctrl,10,300,2
W,28,10,4,ai,62,100,26
W,28,10,5,log,27,50,10
S,28,10,837,6594
W,29,10,3,ctrl,11,300,2
W,29,10,4,ai,63,100,26
W,29,10,5,log,29,50,10
S,29,10,845,6283
W,30,10,3,ctrl,11,300,2
W,30,10,4,ai,62,100,26
W,30,10,5,log,28,50,10
S,30,10,842,6166
W,31,10,3,ctrl,6,300,2
W,31,10,4,ai,60,100,26
W,31,10,5,log,34,50,10
S,31,10,871,11100
W,32,10,3,ctrl,9,300,2
W,32,10,4,ai,62,100,26
W,32,10,5,log,32,50,10
S,32,10,860,7655
W,33,10,3,ctrl,2,300,2
W,33,10,4,ai,64,100,26
W,33,10,5,log,34,50,10
S,33,10,864,33300
W,34,10,3,ctrl,3,300,2
W,34,10,4,ai,66,100,26
W,34,10,5,log,35,50,10
S,34,10,863,23785
W,35,10,3,ctrl,11,300,2
W,35,10,4,ai,60,100,26
W,35,10,5,log,27,50,10
S,35,10,842,5946
W,36,10,3,ctrl,9,300,2
W,36,10,4,ai,67,100,26
W,36,10,5,log,27,50,10
S,36,10,825,7655
W,37,10,3,ctrl,15,300,2
W,37,10,4,ai,59,100,26
W,37,10,5,log,25,50,10
S,37,10,831,4410
W,38,10,3,ctrl,20,300,2
W,38,10,4,ai,48,100,26
W,38,10,5,log,27,50,10
S,38,10,871,3171
W,39,10,3,ctrl,19,300,2
W,39,10,4,ai,52,100,26
W,39,10,5,log,31,50,10
S,39,10,876,3580
W,40,10,3,ctrl,23,300,2
W,40,10,4,ai,54,100,26
W,40,10,5,log,22,50,10
S,40,10,823,2870
W,41,10,3,ctrl,17,300,2
W,41,10,4,ai,56,100,26
W,41,10,5,log,28,50,10
S,41,10,857,3964
W,42,10,3,ctrl,5,300,2
W,42,10,4,ai,62,100,26
W,42,10,5,log,32,50,10
S,42,10,861,13320
W,43,10,3,ctrl,11,300,2
W,43,10,4,ai,51,100,26
W,43,10,5,log,34,50,10
S,43,10,884,5842
W,44,10,3,ctrl,17,300,2
W,44,10,4,ai,53,100,26
W,44,10,5,log,30,50,10
S,44,10,872,3917
W,45,10,3,ctrl,5,300,2
W,45,10,4,ai,63,100,26
W,45,10,5,log,34,50,10
S,45,10,866,13591
W,46,10,3,ctrl,4,300,2
W,46,10,4,ai,65,100,26
W,46,10,5,log,33,50,10
S,46,10,858,17076
W,47,10,3,ctrl,6,300,2
W,47,10,4,ai,64,100,26
W,47,10,5,log,33,50,10
S,47,10,860,11482
W,48,10,3,ctrl,6,300,2
W,48,10,4,ai,66,100,26
W,48,10,5,log,28,50,10
S,48,10,834,11100
W,49,10,3,ctrl,8,300,2
W,49,10,4,ai,58,100,26
W,49,10,5,log,33,50,10
S,49,10,871,8325
W,50,10,3,ctrl,11,300,2
W,50,10,4,ai,66,100,26
W,50,10,5,log,27,50,10
S,50,10,827,6342
W,51,10,3,ctrl,25,300,2
W,51,10,4,ai,41,100,26
W,51,10,5,log,33,50,10
S,51,10,887,2642
W,52,10,3,ctrl,19,300,2
W,52,10,4,ai,53,100,26
W,52,10,5,log,28,50,10
S,52,10,864,3505
W,53,10,3,ctrl,11,300,2
W,53,10,4,ai,58,100,26
W,53,10,5,log,34,50,10
S,53,10,875,6283
W,54,10,3,ctrl,25,300,2
W,54,10,4,ai,53,100,26
W,54,10,5,log,21,50,10
S,54,10,817,2642
W,55,10,3,ctrl,16,300,2
W,55,10,4,ai,57,100,26
W,55,10,5,log,27,50,10
S,55,10,849,4162
J,-1,ctrl,1,598,1,7,7,1297,3819,0,17
K,-1,log,9,78594
K,-1,ai,25,155041
W,56,10,3,ctrl,16,300,1
W,56,10,4,ai,40,100,1
W,56,10,5,log,21,50,1
S,56,10,862,3217
W,57,10,3,ctrl,0,300,1
W,57,10,4,ai,0,100,1
W,57,10,5,log,0,50,1
S,57,10,658,9999
# done
# RUN config=medium alpha=10 rep=2/5
# prev_baseline_reset ngroups=3
# schedlab win=100 total=6000 groups=3 alpha=10
W,1,10,3,ctrl,21,300,2
W,1,10,4,ai,54,100,26
W,1,10,5,log,22,50,10
S,1,10,823,3083
W,2,10,3,ctrl,7,300,2
W,2,10,4,ai,62,100,26
W,2,10,5,log,29,50,10
S,2,10,847,9380
W,3,10,3,ctrl,11,300,2
W,3,10,4,ai,62,100,26
W,3,10,5,log,28,50,10
S,3,10,842,6166
W,4,10,3,ctrl,11,300,2
W,4,10,4,ai,58,100,26
W,4,10,5,log,30,50,10
S,4,10,861,6000
W,5,10,3,ctrl,9,300,2
W,5,10,4,ai,191,100,26
W,5,10,5,log,104,50,10
S,5,10,867,22965
W,6,10,3,ctrl,50,300,2
W,6,10,4,ai,61,100,26
W,6,10,5,log,32,50,10
S,6,10,863,1908
W,7,10,3,ctrl,14,300,2
W,7,10,4,ai,59,100,26
W,7,10,5,log,30,50,10
S,7,10,858,4933
W,8,10,3,ctrl,12,300,2
W,8,10,4,ai,60,100,26
W,8,10,5,log,31,50,10
S,8,10,860,5741
W,9,10,3,ctrl,5,300,2
W,9,10,4,ai,65,100,26
W,9,10,5,log,34,50,10
S,9,10,862,13875
W,10,10,3,ctrl,5,300,2
W,10,10,4,ai,61,100,26
W,10,10,5,log,34,50,10
S,10,10,870,13320
W,11,10,3,ctrl,11,300,2
W,11,10,4,ai,62,100,26
W,11,10,5,log,26,50,10
S,11,10,831,6000
W,12,10,3,ctrl,13,300,2
W,12,10,4,ai,61,100,26
W,12,10,5,log,30,50,10
S,12,10,854,5328
W,13,10,3,ctrl,15,300,2
W,13,10,4,ai,54,100,26
W,13,10,5,log,27,50,10
S,13,10,857,4269
W,14,10,3,ctrl,22,300,2
W,14,10,4,ai,50,100,26
W,14,10,5,log,28,50,10
S,14,10,872,3027
W,15,10,3,ctrl,21,300,2
W,15,10,4,ai,54,100,26
W,15,10,5,log,29,50,10
S,15,10,865,3313
W,16,10,3,ctrl,10,300,2
W,16,10,4,ai,59,100,26
W,16,10,5,log,33,50,10
S,16,10,870,6795
W,17,10,3,ctrl,11,300,2
W,17,10,4,ai,62,100,26
W,17,10,5,log,30,50,10
S,17,10,852,6283
W,18,10,3,ctrl,7,300,2
W,18,10,4,ai,65,100,26
W,18,10,5,log,31,50,10
S,18,10,850,9940
W,19,10,3,ctrl,6,300,2
W,19,10,4,ai,66,100,26
W,19,10,5,log,32,50,10
S,19,10,852,11684
W,20,10,3,ctrl,8,300,2
W,20,10,4,ai,59,100,26
W,20,10,5,log,33,50,10
S,20,10,870,8325
W,21,10,3,ctrl,6,300,2
W,21,10,4,ai,64,100,26
W,21,10,5,log,33,50,10
S,21,10,860,11482
W,22,10,3,ctrl,6,300,2
W,22,10,4,ai,62,100,26
W,22,10,5,log,30,50,10
S,22,10,852,10918
W,23,10,3,ctrl,7,300,2
W,23,10,4,ai,62,100,26
W,23,10,5,log,33,50,10
S,23,10,864,9794
W,24,10,3,ctrl,3,300,2
W,24,10,4,ai,68,100,26
W,24,10,5,log,28,50,10
S,24,10,829,22200
W,25,10,3,ctrl,5,300,2
W,25,10,4,ai,68,100,26
W,25,10,5,log,31,50,10
S,25,10,844,13875
W,26,10,3,ctrl,4,300,2
W,26,10,4,ai,62,100,26
W,26,10,5,log,33,50,10
S,26,10,864,16650
W,27,10,3,ctrl,2,300,2
W,27,10,4,ai,65,100,26
W,27,10,5,log,33,50,10
S,27,10,859,33300
W,28,10,3,ctrl,13,300,2
W,28,10,4,ai,58,100,26
W,28,10,5,log,32,50,10
S,28,10,868,5285
W,29,10,3,ctrl,7,300,2
W,29,10,4,ai,61,100,26
W,29,10,5,log,34,50,10
S,29,10,869,9794
W,30,10,3,ctrl,6,300,2
W,30,10,4,ai,63,100,26
W,30,10,5,log,35,50,10
S,30,10,868,11684
W,31,10,3,ctrl,3,300,2
W,31,10,4,ai,69,100,26
W,31,10,5,log,30,50,10
S,31,10,838,22965
W,32,10,3,ctrl,3,300,2
W,32,10,4,ai,64,100,26
W,32,10,5,log,33,50,10
S,32,10,861,22200
W,33,10,3,ctrl,4,300,2
W,33,10,4,ai,65,100,26
W,33,10,5,log,35,50,10
S,33,10,865,17526
W,34,10,3,ctrl,8,300,2
W,34,10,4,ai,59,100,26
W,34,10,5,log,33,50,10
S,34,10,870,8325
W,35,10,3,ctrl,11,300,2
W,35,10,4,ai,61,100,26
W,35,10,5,log,32,50,10
S,35,10,862,6342
W,36,10,3,ctrl,1,300,2
W,36,10,4,ai,68,100,26
W,36,10,5,log,30,50,10
S,36,10,840,66600
W,37,10,3,ctrl,9,300,2
W,37,10,4,ai,58,100,26
W,37,10,5,log,33,50,10
S,37,10,872,7400
W,38,10,3,ctrl,6,300,2
W,38,10,4,ai,64,100,26
W,38,10,5,log,34,50,10
S,38,10,863,11684
W,39,10,3,ctrl,2,300,2
W,39,10,4,ai,63,100,26
W,39,10,5,log,35,50,10
S,39,10,869,33300
W,40,10,3,ctrl,15,300,2
W,40,10,4,ai,58,100,26
W,40,10,5,log,28,50,10
S,40,10,852,4500
W,41,10,3,ctrl,11,300,2
W,41,10,4,ai,59,100,26
W,41,10,5,log,32,50,10
S,41,10,866,6224
W,42,10,3,ctrl,9,300,2
W,42,10,4,ai,65,100,26
W,42,10,5,log,30,50,10
S,42,10,846,7744
W,43,10,3,ctrl,12,300,2
W,43,10,4,ai,60,100,26
W,43,10,5,log,29,50,10
S,43,10,852,5644
W,44,10,3,ctrl,15,300,2
W,44,10,4,ai,59,100,26
W,44,10,5,log,29,50,10
S,44,10,854,4593
W,45,10,3,ctrl,19,300,2
W,45,10,4,ai,54,100,26
W,45,10,5,log,26,50,10
S,45,10,851,3486
W,46,10,3,ctrl,9,300,2
W,46,10,4,ai,61,100,26
W,46,10,5,log,29,50,10
S,46,10,849,7400
W,47,10,3,ctrl,5,300,2
W,47,10,4,ai,67,100,26
W,47,10,5,log,32,50,10
S,47,10,850,13875
W,48,10,3,ctrl,17,300,2
W,48,10,4,ai,56,100,26
W,48,10,5,log,25,50,10
S,48,10,840,3849
W,49,10,3,ctrl,6,300,2
W,49,10,4,ai,67,100,26
W,49,10,5,log,29,50,10
S,49,10,836,11482
W,50,10,3,ctrl,6,300,2
W,50,10,4,ai,60,100,26
W,50,10,5,log,34,50,10
S,50,10,871,11100
W,51,10,3,ctrl,10,300,2
W,51,10,4,ai,56,100,26
W,51,10,5,log,33,50,10
S,51,10,875,6594
W,52,10,3,ctrl,6,300,2
W,52,10,4,ai,61,100,26
W,52,10,5,log,33,50,10
S,52,10,866,11100
W,53,10,3,ctrl,3,300,2
W,53,10,4,ai,68,100,26
W,53,10,5,log,29,50,10
S,53,10,835,22200
W,54,10,3,ctrl,2,300,2
W,54,10,4,ai,63,100,26
W,54,10,5,log,35,50,10
S,54,10,869,33300
J,-1,ctrl,1,599,2,4,2,1746,5944,0,12
K,-1,log,9,103904
K,-1,ai,25,202813
W,55,10,3,ctrl,11,300,1
W,55,10,4,ai,57,100,1
W,55,10,5,log,28,50,1
S,55,10,854,5842
W,56,10,3,ctrl,0,300,1
W,56,10,4,ai,0,100,1
W,56,10,5,log,0,50,1
S,56,10,658,9999
# done
# RUN config=medium alpha=10 rep=3/5
# prev_baseline_reset ngroups=3
# schedlab win=100 total=6000 groups=3 alpha=10
W,1,10,3,ctrl,2,300,2
W,1,10,4,ai,63,100,19
W,1,10,5,log,35,50,10
S,1,10,869,33300
W,2,10,3,ctrl,8,300,2
W,2,10,4,ai,62,100,24
W,2,10,5,log,30,50,10
S,2,10,853,8325
W,3,10,3,ctrl,2,300,2
W,3,10,4,ai,69,100,24
W,3,10,5,log,29,50,10
S,3,10,833,33300
W,4,10,3,ctrl,6,300,2
W,4,10,4,ai,60,100,26
W,4,10,5,log,37,50,10
S,4,10,878,11482
W,5,10,3,ctrl,11,300,2
W,5,10,4,ai,58,100,26
W,5,10,5,log,29,50,10
S,5,10,856,5946
W,6,10,3,ctrl,12,300,2
W,6,10,4,ai,62,100,26
W,6,10,5,log,30,50,10
S,6,10,852,5791
W,7,10,3,ctrl,8,300,2
W,7,10,4,ai,58,100,26
W,7,10,5,log,34,50,10
S,7,10,875,8325
W,8,10,3,ctrl,7,300,2
W,8,10,4,ai,59,100,26
W,8,10,5,log,34,50,10
S,8,10,873,9514
W,9,10,3,ctrl,3,300,2
W,9,10,4,ai,67,100,26
W,9,10,5,log,29,50,10
S,9,10,836,22200
W,10,10,3,ctrl,6,300,2
W,10,10,4,ai,66,100,26
W,10,10,5,log,30,50,10
S,10,10,844,11482
W,11,10,3,ctrl,24,300,2
W,11,10,4,ai,47,100,26
W,11,10,5,log,29,50,10
S,11,10,881,2775
W,12,10,3,ctrl,3,300,2
W,12,10,4,ai,63,100,26
W,12,10,5,log,35,50,10
S,12,10,868,22965
W,13,10,3,ctrl,7,300,2
W,13,10,4,ai,65,100,26
W,13,10,5,log,28,50,10
S,13,10,836,9514
W,14,10,3,ctrl,5,300,2
W,14,10,4,ai,61,100,26
W,14,10,5,log,34,50,10
S,14,10,870,13320
W,15,10,3,ctrl,4,300,2
W,15,10,4,ai,66,100,26
W,15,10,5,log,33,50,10
S,15,10,856,17526
W,16,10,3,ctrl,3,300,2
W,16,10,4,ai,63,100,26
W,16,10,5,log,34,50,10
S,16,10,866,22200
W,17,10,3,ctrl,9,300,2
W,17,10,4,ai,63,100,26
W,17,10,5,log,27,50,10
S,17,10,834,7400
W,18,10,3,ctrl,7,300,2
W,18,10,4,ai,66,100,26
W,18,10,5,log,31,50,10
S,18,10,848,9940
W,19,10,3,ctrl,5,300,2
W,19,10,4,ai,61,100,26
W,19,10,5,log,33,50,10
S,19,10,866,13320
W,20,10,3,ctrl,4,300,2
W,20,10,4,ai,64,100,26
W,20,10,5,log,35,50,10
S,20,10,866,17526
W,21,10,3,ctrl,2,300,2
W,21,10,4,ai,65,100,26
W,21,10,5,log,34,50,10
S,21,10,862,35052
W,22,10,3,ctrl,6,300,2
W,22,10,4,ai,64,100,26
W,22,10,5,log,33,50,10
S,22,10,860,11482
W,23,10,3,ctrl,7,300,2
W,23,10,4,ai,67,100,26
W,23,10,5,log,30,50,10
S,23,10,841,9940
W,24,10,3,ctrl,10,300,2
W,24,10,4,ai,64,100,26
W,24,10,5,log,25,50,10
S,24,10,820,6594
W,25,10,3,ctrl,7,300,2
W,25,10,4,ai,61,100,26
W,25,10,5,log,32,50,10
S,25,10,863,9514
W,26,10,3,ctrl,17,300,2
W,26,10,4,ai,55,100,26
W,26,10,5,log,29,50,10
S,26,10,864,3964
W,27,10,3,ctrl,16,300,2
W,27,10,4,ai,55,100,26
W,27,10,5,log,27,50,10
S,27,10,854,4085
W,28,10,3,ctrl,18,300,2
W,28,10,4,ai,51,100,26
W,28,10,5,log,26,50,10
S,28,10,859,3523
W,29,10,3,ctrl,9,300,2
W,29,10,4,ai,65,100,26
W,29,10,5,log,26,50,10
S,29,10,824,7400
W,30,10,3,ctrl,13,300,2
W,30,10,4,ai,53,100,26
W,30,10,5,log,32,50,10
S,30,10,877,5045
W,31,10,3,ctrl,5,300,2
W,31,10,4,ai,60,100,26
W,31,10,5,log,34,50,10
S,31,10,871,13320
W,32,10,3,ctrl,8,300,2
W,32,10,4,ai,62,100,26
W,32,10,5,log,29,50,10
S,32,10,847,8325
W,33,10,3,ctrl,5,300,2
W,33,10,4,ai,66,100,26
W,33,10,5,log,33,50,10
S,33,10,857,13875
W,34,10,3,ctrl,1,300,2
W,34,10,4,ai,69,100,26
W,34,10,5,log,33,50,10
S,34,10,851,74000
W,35,10,3,ctrl,4,300,2
W,35,10,4,ai,66,100,26
W,35,10,5,log,33,50,10
S,35,10,856,17526
W,36,10,3,ctrl,4,300,2
W,36,10,4,ai,62,100,26
W,36,10,5,log,33,50,10
S,36,10,864,16650
W,37,10,3,ctrl,2,300,2
W,37,10,4,ai,64,100,26
W,37,10,5,log,34,50,10
S,37,10,864,33300
W,38,10,3,ctrl,8,300,2
W,38,10,4,ai,66,100,26
W,38,10,5,log,25,50,10
S,38,10,815,8325
W,39,10,3,ctrl,16,300,2
W,39,10,4,ai,56,100,26
W,39,10,5,log,28,50,10
S,39,10,857,4162
W,40,10,3,ctrl,21,300,2
W,40,10,4,ai,51,100,26
W,40,10,5,log,29,50,10
S,40,10,872,3217
W,41,10,3,ctrl,24,300,2
W,41,10,4,ai,48,100,26
W,41,10,5,log,28,50,10
S,41,10,876,2775
W,42,10,3,ctrl,18,300,2
W,42,10,4,ai,58,100,26
W,42,10,5,log,24,50,10
S,42,10,828,3700
W,43,10,3,ctrl,11,300,2
W,43,10,4,ai,63,100,26
W,43,10,5,log,28,50,10
S,43,10,840,6224
W,44,10,3,ctrl,17,300,2
W,44,10,4,ai,59,100,26
W,44,10,5,log,26,50,10
S,44,10,837,4012
W,45,10,3,ctrl,8,300,2
W,45,10,4,ai,65,100,26
W,45,10,5,log,29,50,10
S,45,10,841,8538
W,46,10,3,ctrl,7,300,2
W,46,10,4,ai,65,100,26
W,46,10,5,log,31,50,10
S,46,10,850,9940
W,47,10,3,ctrl,2,300,2
W,47,10,4,ai,68,100,26
W,47,10,5,log,33,50,10
S,47,10,853,35052
W,48,10,3,ctrl,2,300,2
W,48,10,4,ai,68,100,26
W,48,10,5,log,34,50,10
S,48,10,856,35052
W,49,10,3,ctrl,13,300,2
W,49,10,4,ai,58,100,26
W,49,10,5,log,29,50,10
S,49,10,857,5123
W,50,10,3,ctrl,17,300,2
W,50,10,4,ai,51,100,26
W,50,10,5,log,30,50,10
S,50,10,876,3849
W,51,10,3,ctrl,16,300,2
W,51,10,4,ai,62,100,26
W,51,10,5,log,22,50,10
S,51,10,802,4162
W,52,10,3,ctrl,18,300,2
W,52,10,4,ai,58,100,26
W,52,10,5,log,27,50,10
S,52,10,846,3827
W,53,10,3,ctrl,19,300,2
W,53,10,4,ai,48,100,26
W,53,10,5,log,32,50,10
S,53,10,884,3486
W,54,10,3,ctrl,19,300,2
W,54,10,4,ai,60,100,26
W,54,10,5,log,23,50,10
S,54,10,814,3580
W,55,10,3,ctrl,10,300,2
W,55,10,4,ai,63,100,26
W,55,10,5,log,28,50,10
S,55,10,840,6727
W,56,10,3,ctrl,10,300,2
W,56,10,4,ai,57,100,26
W,56,10,5,log,31,50,10
S,56,10,867,6529
W,57,10,3,ctrl,13,300,2
W,57,10,4,ai,56,100,26
W,57,10,5,log,31,50,10
S,57,10,869,5123
J,-1,ctrl,1,599,0,0,0,2342,9946,0,9
K,-1,log,9,99010
K,-1,ai,25,187894
W,58,10,3,ctrl,9,300,1
W,58,10,4,ai,32,100,1
W,58,10,5,log,14,50,1
S,58,10,836,4085
W,59,10,3,ctrl,0,300,1
W,59,10,4,ai,0,100,1
W,59,10,5,log,0,50,1
S,59,10,658,9999
# done
# RUN config=medium alpha=10 rep=4/5
# prev_baseline_reset ngroups=3
# schedlab win=100 total=6000 groups=3 alpha=10
W,1,10,3,ctrl,10,300,2
W,1,10,4,ai,59,100,26
W,1,10,5,log,221,50,10
S,1,10,686,19588
W,2,10,3,ctrl,97,300,2
W,2,10,4,ai,419,100,26
W,2,10,5,log,35,50,10
S,2,10,725,3784
W,3,10,3,ctrl,9,300,2
W,3,10,4,ai,60,100,26
W,3,10,5,log,32,50,10
S,3,10,864,7483
W,4,10,3,ctrl,10,300,2
W,4,10,4,ai,61,100,26
W,4,10,5,log,30,50,10
S,4,10,855,6727
W,5,10,3,ctrl,10,300,2
W,5,10,4,ai,59,100,26
W,5,10,5,log,31,50,10
S,5,10,863,6660
W,6,10,3,ctrl,5,300,2
W,6,10,4,ai,64,100,26
W,6,10,5,log,34,50,10
S,6,10,864,13875
W,7,10,3,ctrl,19,300,2
W,7,10,4,ai,54,100,26
W,7,10,5,log,30,50,10
S,7,10,870,3619
W,8,10,3,ctrl,15,300,2
W,8,10,4,ai,58,100,26
W,8,10,5,log,30,50,10
S,8,10,861,4593
W,9,10,3,ctrl,13,300,2
W,9,10,4,ai,57,100,26
W,9,10,5,log,30,50,10
S,9,10,864,5123
W,10,10,3,ctrl,9,300,2
W,10,10,4,ai,61,100,26
W,10,10,5,log,28,50,10
S,10,10,844,7318
W,11,10,3,ctrl,6,300,2
W,11,10,4,ai,63,100,26
W,11,10,5,log,32,50,10
S,11,10,858,11288
W,12,10,3,ctrl,13,300,2
W,12,10,4,ai,58,100,26
W,12,10,5,log,30,50,10
S,12,10,861,5203
W,13,10,3,ctrl,14,300,2
W,13,10,4,ai,60,100,26
W,13,10,5,log,29,50,10
S,13,10,851,4933
W,14,10,3,ctrl,20,300,2
W,14,10,4,ai,54,100,26
W,14,10,5,log,27,50,10
S,14,10,857,3363
W,15,10,3,ctrl,4,300,2
W,15,10,4,ai,64,100,26
W,15,10,5,log,33,50,10
S,15,10,860,17076
W,16,10,3,ctrl,5,300,2
W,16,10,4,ai,67,100,26
W,16,10,5,log,30,50,10
S,16,10,842,13591
W,17,10,3,ctrl,18,300,2
W,17,10,4,ai,59,100,26
W,17,10,5,log,24,50,10
S,17,10,824,3741
W,18,10,3,ctrl,19,300,2
W,18,10,4,ai,53,100,26
W,18,10,5,log,28,50,10
S,18,10,864,3505
W,19,10,3,ctrl,20,300,2
W,19,10,4,ai,52,100,26
W,19,10,5,log,29,50,10
S,19,10,871,3363
W,20,10,3,ctrl,14,300,2
W,20,10,4,ai,56,100,26
W,20,10,5,log,31,50,10
S,20,10,868,4826
W,21,10,3,ctrl,9,300,2
W,21,10,4,ai,61,100,26
W,21,10,5,log,30,50,10
S,21,10,855,7400
W,22,10,3,ctrl,19,300,2
W,22,10,4,ai,54,100,26
W,22,10,5,log,29,50,10
S,22,10,866,3580
W,23,10,3,ctrl,21,300,2
W,23,10,4,ai,52,100,26
W,23,10,5,log,27,50,10
S,23,10,862,3171
W,24,10,3,ctrl,12,300,2
W,24,10,4,ai,58,100,26
W,24,10,5,log,29,50,10
S,24,10,856,5504
W,25,10,3,ctrl,8,300,2
W,25,10,4,ai,58,100,26
W,25,10,5,log,33,50,10
S,25,10,871,8325
W,26,10,3,ctrl,2,300,2
W,26,10,4,ai,64,100,26
W,26,10,5,log,35,50,10
S,26,10,867,35052
W,27,10,3,ctrl,6,300,2
W,27,10,4,ai,63,100,26
W,27,10,5,log,34,50,10
S,27,10,866,11482
W,28,10,3,ctrl,9,300,2
W,28,10,4,ai,65,100,26
W,28,10,5,log,30,50,10
S,28,10,846,7744
W,29,10,3,ctrl,10,300,2
W,29,10,4,ai,56,100,26
W,29,10,5,log,35,50,10
S,29,10,880,6727
W,30,10,3,ctrl,6,300,2
W,30,10,4,ai,63,100,26
W,30,10,5,log,29,50,10
S,30,10,845,10918
W,31,10,3,ctrl,6,300,2
W,31,10,4,ai,65,100,26
W,31,10,5,log,32,50,10
S,31,10,854,11482
W,32,10,3,ctrl,2,300,2
W,32,10,4,ai,63,100,26
W,32,10,5,log,34,50,10
S,32,10,865,33300
W,33,10,3,ctrl,10,300,2
W,33,10,4,ai,56,100,26
W,33,10,5,log,33,50,10
S,33,10,875,6594
W,34,10,3,ctrl,11,300,2
W,34,10,4,ai,63,100,26
W,34,10,5,log,26,50,10
S,34,10,829,6054
W,35,10,3,ctrl,18,300,2
W,35,10,4,ai,58,100,26
W,35,10,5,log,24,50,10
S,35,10,828,3700
W,36,10,3,ctrl,11,300,2
W,36,10,4,ai,60,100,26
W,36,10,5,log,31,50,10
S,36,10,860,6224
W,37,10,3,ctrl,7,300,2
W,37,10,4,ai,65,100,26
W,37,10,5,log,30,50,10
S,37,10,846,9794
W,38,10,3,ctrl,13,300,2
W,38,10,4,ai,58,100,26
W,38,10,5,log,27,50,10
S,38,10,846,5045
W,39,10,3,ctrl,11,300,2
W,39,10,4,ai,63,100,26
W,39,10,5,log,29,50,10
S,39,10,845,6283
W,40,10,3,ctrl,9,300,2
W,40,10,4,ai,61,100,26
W,40,10,5,log,29,50,10
S,40,10,849,7400
W,41,10,3,ctrl,5,300,2
W,41,10,4,ai,67,100,26
W,41,10,5,log,29,50,10
S,41,10,837,13591
W,42,10,3,ctrl,28,300,2
W,42,10,4,ai,50,100,26
W,42,10,5,log,26,50,10
S,42,10,863,2475
W,43,10,3,ctrl,19,300,2
W,43,10,4,ai,54,100,26
W,43,10,5,log,26,50,10
S,43,10,851,3486
W,44,10,3,ctrl,20,300,2
W,44,10,4,ai,52,100,26
W,44,10,5,log,28,50,10
S,44,10,867,3330
W,45,10,3,ctrl,16,300,2
W,45,10,4,ai,56,100,26
W,45,10,5,log,30,50,10
S,45,10,865,4269
W,46,10,3,ctrl,21,300,2
W,46,10,4,ai,54,100,26
W,46,10,5,log,24,50,10
S,46,10,838,3141
W,47,10,3,ctrl,27,300,2
W,47,10,4,ai,50,100,26
W,47,10,5,log,21,50,10
S,47,10,827,2421
W,48,10,3,ctrl,14,300,2
W,48,10,4,ai,56,100,26
W,48,10,5,log,29,50,10
S,48,10,860,4723
W,49,10,3,ctrl,18,300,2
W,49,10,4,ai,53,100,26
W,49,10,5,log,26,50,10
S,49,10,854,3600
W,50,10,3,ctrl,17,300,2
W,50,10,4,ai,53,100,26
W,50,10,5,log,30,50,10
S,50,10,872,3917
J,-1,ctrl,1,600,0,0,0,790,2080,0,8
K,-1,log,9,73676
K,-1,ai,25,149346
W,51,10,3,ctrl,18,300,1
W,51,10,4,ai,43,100,1
W,51,10,5,log,20,50,1
S,51,10,845,3000
W,52,10,3,ctrl,0,300,1
W,52,10,4,ai,0,100,1
W,52,10,5,log,0,50,1
S,52,10,658,9999
# done
# RUN config=medium alpha=10 rep=5/5
# prev_baseline_reset ngroups=3
# schedlab win=100 total=6000 groups=3 alpha=10
W,1,10,3,ctrl,2,300,2
W,1,10,4,ai,68,100,21
W,1,10,5,log,31,50,10
S,1,10,844,35052
W,2,10,3,ctrl,12,300,2
W,2,10,4,ai,55,100,26
W,2,10,5,log,31,50,10
S,2,10,871,5459
W,3,10,3,ctrl,6,300,2
W,3,10,4,ai,62,100,26
W,3,10,5,log,33,50,10
S,3,10,864,11288
W,4,10,3,ctrl,3,300,2
W,4,10,4,ai,65,100,26
W,4,10,5,log,34,50,10
S,4,10,862,22965
W,5,10,3,ctrl,10,300,2
W,5,10,4,ai,60,100,26
W,5,10,5,log,31,50,10
S,5,10,860,6727
W,6,10,3,ctrl,7,300,2
W,6,10,4,ai,65,100,26
W,6,10,5,log,31,50,10
S,6,10,850,9940
W,7,10,3,ctrl,6,300,2
W,7,10,4,ai,65,100,26
W,7,10,5,log,29,50,10
S,7,10,842,11100
W,8,10,3,ctrl,6,300,2
W,8,10,4,ai,65,100,26
W,8,10,5,log,32,50,10
S,8,10,854,11482
W,9,10,3,ctrl,9,300,2
W,9,10,4,ai,62,100,26
W,9,10,5,log,32,50,10
S,9,10,860,7655
W,10,10,3,ctrl,4,300,2
W,10,10,4,ai,67,100,26
W,10,10,5,log,32,50,10
S,10,10,850,17526
W,11,10,3,ctrl,1,300,2
W,11,10,4,ai,70,100,26
W,11,10,5,log,33,50,10
S,11,10,849,74000
W,12,10,3,ctrl,21,300,2
W,12,10,4,ai,55,100,26
W,12,10,5,log,24,50,10
S,12,10,836,3171
W,13,10,3,ctrl,8,300,2
W,13,10,4,ai,58,100,26
W,13,10,5,log,35,50,10
S,13,10,877,8430
W,14,10,3,ctrl,4,300,2
W,14,10,4,ai,65,100,26
W,14,10,5,log,34,50,10
S,14,10,862,17526
W,15,10,3,ctrl,6,300,2
W,15,10,4,ai,60,100,26
W,15,10,5,log,35,50,10
S,15,10,874,11288
W,16,10,3,ctrl,6,300,2
W,16,10,4,ai,66,100,26
W,16,10,5,log,31,50,10
S,16,10,848,11482
W,17,10,3,ctrl,2,300,2
W,17,10,4,ai,68,100,26
W,17,10,5,log,34,50,10
S,17,10,856,35052
W,18,10,3,ctrl,8,300,2
W,18,10,4,ai,62,100,26
W,18,10,5,log,33,50,10
S,18,10,864,8649
W,19,10,3,ctrl,17,300,2
W,19,10,4,ai,54,100,26
W,19,10,5,log,28,50,10
S,19,10,861,3894
W,20,10,3,ctrl,11,300,2
W,20,10,4,ai,60,100,26
W,20,10,5,log,31,50,10
S,20,10,860,6224
W,21,10,3,ctrl,2,300,2
W,21,10,4,ai,65,100,26
W,21,10,5,log,35,50,10
S,21,10,865,35052
W,22,10,3,ctrl,9,300,2
W,22,10,4,ai,68,100,26
W,22,10,5,log,23,50,10
S,22,10,797,7400
W,23,10,3,ctrl,4,300,2
W,23,10,4,ai,67,100,26
W,23,10,5,log,31,50,10
S,23,10,846,17076
W,24,10,3,ctrl,7,300,2
W,24,10,4,ai,66,100,26
W,24,10,5,log,31,50,10
S,24,10,848,9940
W,25,10,3,ctrl,5,300,2
W,25,10,4,ai,62,100,26
W,25,10,5,log,33,50,10
S,25,10,865,13320
W,26,10,3,ctrl,2,300,2
W,26,10,4,ai,63,100,26
W,26,10,5,log,35,50,10
S,26,10,869,33300
W,27,10,3,ctrl,3,300,2
W,27,10,4,ai,65,100,26
W,27,10,5,log,34,50,10
S,27,10,862,22965
W,28,10,3,ctrl,6,300,2
W,28,10,4,ai,65,100,26
W,28,10,5,log,32,50,10
S,28,10,854,11482
W,29,10,3,ctrl,4,300,2
W,29,10,4,ai,63,100,26
W,29,10,5,log,35,50,10
S,29,10,869,17076
W,30,10,3,ctrl,12,300,2
W,30,10,4,ai,54,100,26
W,30,10,5,log,32,50,10
S,30,10,876,5459
W,31,10,3,ctrl,4,300,2
W,31,10,4,ai,67,100,26
W,31,10,5,log,29,50,10
S,31,10,837,16650
W,32,10,3,ctrl,8,300,2
W,32,10,4,ai,60,100,26
W,32,10,5,log,32,50,10
S,32,10,865,8325
W,33,10,3,ctrl,7,300,2
W,33,10,4,ai,59,100,26
W,33,10,5,log,35,50,10
S,33,10,875,9652
W,34,10,3,ctrl,3,300,2
W,34,10,4,ai,64,100,26
W,34,10,5,log,35,50,10
S,34,10,867,22965
W,35,10,3,ctrl,6,300,2
W,35,10,4,ai,59,100,26
W,35,10,5,log,35,50,10
S,35,10,876,11100
W,36,10,3,ctrl,2,300,2
W,36,10,4,ai,68,100,26
W,36,10,5,log,30,50,10
S,36,10,840,33300
W,37,10,3,ctrl,8,300,2
W,37,10,4,ai,65,100,26
W,37,10,5,log,31,50,10
S,37,10,850,8763
W,38,10,3,ctrl,7,300,2
W,38,10,4,ai,69,100,26
W,38,10,5,log,28,50,10
S,38,10,827,9940
W,39,10,3,ctrl,9,300,2
W,39,10,4,ai,60,100,26
W,39,10,5,log,31,50,10
S,39,10,861,7400
W,40,10,3,ctrl,0,300,2
W,40,10,4,ai,67,100,26
W,40,10,5,log,35,50,10
S,40,10,862,9999
W,41,10,3,ctrl,19,300,2
W,41,10,4,ai,55,100,26
W,41,10,5,log,29,50,10
S,41,10,863,3619
W,42,10,3,ctrl,11,300,2
W,42,10,4,ai,63,100,26
W,42,10,5,log,29,50,10
S,42,10,845,6283
W,43,10,3,ctrl,1,300,2
W,43,10,4,ai,69,100,26
W,43,10,5,log,34,50,10
S,43,10,854,74000
W,44,10,3,ctrl,9,300,2
W,44,10,4,ai,63,100,26
W,44,10,5,log,30,50,10
S,44,10,850,7568
W,45,10,3,ctrl,5,300,2
W,45,10,4,ai,65,100,26
W,45,10,5,log,33,50,10
S,45,10,858,13875
W,46,10,3,ctrl,6,300,2
W,46,10,4,ai,59,100,26
W,46,10,5,log,33,50,10
S,46,10,869,10918
W,47,10,3,ctrl,8,300,2
W,47,10,4,ai,63,100,26
W,47,10,5,log,30,50,10
S,47,10,850,8430
W,48,10,3,ctrl,5,300,2
W,48,10,4,ai,65,100,26
W,48,10,5,log,33,50,10
S,48,10,858,13875
W,49,10,3,ctrl,14,300,2
W,49,10,4,ai,61,100,26
W,49,10,5,log,29,50,10
S,49,10,849,4970
W,50,10,3,ctrl,4,300,2
W,50,10,4,ai,64,100,26
W,50,10,5,log,35,50,10
S,50,10,866,17526
W,51,10,3,ctrl,7,300,2
W,51,10,4,ai,60,100,26
W,51,10,5,log,34,50,10
S,51,10,871,9652
W,52,10,3,ctrl,6,300,2
W,52,10,4,ai,65,100,26
W,52,10,5,log,33,50,10
S,52,10,858,11684
W,53,10,3,ctrl,4,300,2
W,53,10,4,ai,67,100,26
W,53,10,5,log,33,50,10
S,53,10,855,17526
W,54,10,3,ctrl,6,300,2
W,54,10,4,ai,65,100,26
W,54,10,5,log,28,50,10
S,54,10,835,11100
W,55,10,3,ctrl,12,300,2
W,55,10,4,ai,61,100,26
W,55,10,5,log,30,50,10
S,55,10,854,5741
W,56,10,3,ctrl,18,300,2
W,56,10,4,ai,56,100,26
W,56,10,5,log,28,50,10
S,56,10,856,3784
W,57,10,3,ctrl,3,300,2
W,57,10,4,ai,60,100,26
W,57,10,5,log,34,50,10
S,57,10,870,22200
K,-1,log,9,128597
J,-1,ctrl,1,600,0,0,0,434,876,0,4
K,-1,ai,25,253814
W,58,10,3,ctrl,0,300,1
W,58,10,4,ai,9,100,1
W,58,10,5,log,2,50,1
S,58,10,735,9999
# done
# WARMUP config=medium alpha=20
# prev_baseline_reset ngroups=3
# schedlab win=100 total=6000 groups=3 alpha=20
W,1,20,3,ctrl,7,300,2
W,1,20,4,ai,60,100,15
W,1,20,5,log,33,50,10
S,1,20,868,9514
W,2,20,3,ctrl,6,300,2
W,2,20,4,ai,63,100,20
W,2,20,5,log,33,50,10
S,2,20,862,11482
W,3,20,3,ctrl,2,300,2
W,3,20,4,ai,64,100,26
W,3,20,5,log,34,50,10
S,3,20,864,33300
W,4,20,3,ctrl,1,300,2
W,4,20,4,ai,69,100,26
W,4,20,5,log,30,50,10
S,4,20,838,66600
W,5,20,3,ctrl,5,300,2
W,5,20,4,ai,64,100,26
W,5,20,5,log,32,50,10
S,5,20,856,13591
W,6,20,3,ctrl,0,300,2
W,6,20,4,ai,65,100,26
W,6,20,5,log,35,50,10
S,6,20,866,9999
W,7,20,3,ctrl,3,300,2
W,7,20,4,ai,67,100,26
W,7,20,5,log,34,50,10
S,7,20,858,23785
W,8,20,3,ctrl,4,300,2
W,8,20,4,ai,66,100,26
W,8,20,5,log,33,50,10
S,8,20,856,17526
W,9,20,3,ctrl,7,300,2
W,9,20,4,ai,62,100,26
W,9,20,5,log,34,50,10
S,9,20,867,9940
W,10,20,3,ctrl,1,300,2
W,10,20,4,ai,67,100,26
W,10,20,5,log,35,50,10
S,10,20,861,74000
W,11,20,3,ctrl,4,300,2
W,11,20,4,ai,64,100,26
W,11,20,5,log,35,50,10
S,11,20,866,17526
W,12,20,3,ctrl,4,300,2
W,12,20,4,ai,68,100,26
W,12,20,5,log,32,50,10
S,12,20,848,17526
W,13,20,3,ctrl,8,300,2
W,13,20,4,ai,57,100,26
W,13,20,5,log,34,50,10
S,13,20,875,8325
W,14,20,3,ctrl,12,300,2
W,14,20,4,ai,58,100,26
W,14,20,5,log,33,50,10
S,14,20,872,5741
W,15,20,3,ctrl,5,300,2
W,15,20,4,ai,66,100,26
W,15,20,5,log,32,50,10
S,15,20,852,13875
W,16,20,3,ctrl,8,300,2
W,16,20,4,ai,67,100,26
W,16,20,5,log,27,50,10
S,16,20,825,8538
W,17,20,3,ctrl,3,300,2
W,17,20,4,ai,67,100,26
W,17,20,5,log,33,50,10
S,17,20,855,22965
W,18,20,3,ctrl,4,300,2
W,18,20,4,ai,67,100,26
W,18,20,5,log,30,50,10
S,18,20,842,17076
W,19,20,3,ctrl,2,300,2
W,19,20,4,ai,69,100,26
W,19,20,5,log,32,50,10
S,19,20,846,35052
W,20,20,3,ctrl,7,300,2
W,20,20,4,ai,65,100,26
W,20,20,5,log,31,50,10
S,20,20,850,9940
W,21,20,3,ctrl,4,300,2
W,21,20,4,ai,68,100,26
W,21,20,5,log,31,50,10
S,21,20,844,17526
W,22,20,3,ctrl,2,300,2
W,22,20,4,ai,70,100,26
W,22,20,5,log,31,50,10
S,22,20,840,35052
W,23,20,3,ctrl,8,300,2
W,23,20,4,ai,64,100,26
W,23,20,5,log,31,50,10
S,23,20,852,8649
W,24,20,3,ctrl,2,300,2
W,24,20,4,ai,65,100,26
W,24,20,5,log,35,50,10
S,24,20,865,35052
W,25,20,3,ctrl,3,300,2
W,25,20,4,ai,65,100,26
W,25,20,5,log,34,50,10
S,25,20,862,22965
W,26,20,3,ctrl,10,300,2
W,26,20,4,ai,60,100,26
W,26,20,5,log,32,50,10
S,26,20,864,6795
W,27,20,3,ctrl,5,300,2
W,27,20,4,ai,62,100,26
W,27,20,5,log,31,50,10
S,27,20,857,13058
W,28,20,3,ctrl,1,300,2
W,28,20,4,ai,67,100,26
W,28,20,5,log,34,50,10
S,28,20,858,74000
W,29,20,3,ctrl,6,300,2
W,29,20,4,ai,64,100,26
W,29,20,5,log,27,50,10
S,29,20,833,10918
W,30,20,3,ctrl,10,300,2
W,30,20,4,ai,60,100,26
W,30,20,5,log,29,50,10
S,30,20,852,6594
W,31,20,3,ctrl,3,300,2
W,31,20,4,ai,65,100,26
W,31,20,5,log,34,50,10
S,31,20,862,22965
W,32,20,3,ctrl,7,300,2
W,32,20,4,ai,67,100,26
W,32,20,5,log,30,50,10
S,32,20,841,9940
W,33,20,3,ctrl,6,300,2
W,33,20,4,ai,63,100,26
W,33,20,5,log,34,50,10
S,33,20,866,11482
W,34,20,3,ctrl,5,300,2
W,34,20,4,ai,67,100,26
W,34,20,5,log,32,50,10
S,34,20,850,13875
W,35,20,3,ctrl,4,300,2
W,35,20,4,ai,63,100,26
W,35,20,5,log,35,50,10
S,35,20,869,17076
W,36,20,3,ctrl,1,300,2
W,36,20,4,ai,68,100,26
W,36,20,5,log,35,50,10
S,36,20,860,74000
W,37,20,3,ctrl,9,300,2
W,37,20,4,ai,58,100,26
W,37,20,5,log,33,50,10
S,37,20,872,7400
W,38,20,3,ctrl,5,300,2
W,38,20,4,ai,64,100,26
W,38,20,5,log,29,50,10
S,38,20,843,13058
W,39,20,3,ctrl,6,300,2
W,39,20,4,ai,65,100,26
W,39,20,5,log,32,50,10
S,39,20,854,11482
W,40,20,3,ctrl,2,300,2
W,40,20,4,ai,68,100,26
W,40,20,5,log,32,50,10
S,40,20,848,35052
W,41,20,3,ctrl,6,300,2
W,41,20,4,ai,61,100,26
W,41,20,5,log,33,50,10
S,41,20,866,11100
W,42,20,3,ctrl,8,300,2
W,42,20,4,ai,58,100,26
W,42,20,5,log,33,50,10
S,42,20,871,8325
W,43,20,3,ctrl,10,300,2
W,43,20,4,ai,62,100,26
W,43,20,5,log,32,50,10
S,43,20,860,6937
W,44,20,3,ctrl,3,300,2
W,44,20,4,ai,68,100,26
W,44,20,5,log,28,50,10
S,44,20,829,22200
W,45,20,3,ctrl,0,300,2
W,45,20,4,ai,65,100,26
W,45,20,5,log,35,50,10
S,45,20,866,9999
W,46,20,3,ctrl,5,300,2
W,46,20,4,ai,65,100,26
W,46,20,5,log,33,50,10
S,46,20,858,13875
W,47,20,3,ctrl,12,300,2
W,47,20,4,ai,61,100,26
W,47,20,5,log,30,50,10
S,47,20,854,5741
W,48,20,3,ctrl,1,300,2
W,48,20,4,ai,68,100,26
W,48,20,5,log,34,50,10
S,48,20,857,74000
W,49,20,3,ctrl,3,300,2
W,49,20,4,ai,64,100,26
W,49,20,5,log,35,50,10
S,49,20,867,22965
W,50,20,3,ctrl,4,300,2
W,50,20,4,ai,67,100,26
W,50,20,5,log,32,50,10
S,50,20,850,17526
W,51,20,3,ctrl,9,300,2
W,51,20,4,ai,62,100,26
W,51,20,5,log,31,50,10
S,51,20,856,7568
W,52,20,3,ctrl,4,300,2
W,52,20,4,ai,61,100,26
W,52,20,5,log,34,50,10
S,52,20,869,16650
W,53,20,3,ctrl,4,300,2
W,53,20,4,ai,66,100,26
W,53,20,5,log,30,50,10
S,53,20,844,16650
W,54,20,3,ctrl,6,300,2
W,54,20,4,ai,59,100,26
W,54,20,5,log,34,50,10
S,54,20,872,11100
W,55,20,3,ctrl,9,300,2
W,55,20,4,ai,63,100,26
W,55,20,5,log,30,50,10
S,55,20,850,7568
W,56,20,3,ctrl,1,300,2
W,56,20,4,ai,67,100,26
W,56,20,5,log,35,50,10
S,56,20,861,74000
W,57,20,3,ctrl,0,300,2
W,57,20,4,ai,67,100,26
W,57,20,5,log,35,50,10
S,57,20,862,9999
J,-1,ctrl,1,599,0,0,0,911,1875,0,6
K,-1,ai,25,303033
K,-1,log,9,150619
W,58,20,3,ctrl,2,300,1
W,58,20,4,ai,15,100,1
W,58,20,5,log,11,50,1
S,58,20,887,9380
# done
# RUN config=medium alpha=20 rep=1/5
# prev_baseline_reset ngroups=3
# schedlab win=100 total=6000 groups=3 alpha=20
W,1,20,3,ctrl,8,300,2
W,1,20,4,ai,59,100,23
W,1,20,5,log,34,50,10
S,1,20,873,8430
W,2,20,3,ctrl,7,300,2
W,2,20,4,ai,57,100,23
W,2,20,5,log,35,50,10
S,2,20,878,9514
W,3,20,3,ctrl,17,300,2
W,3,20,4,ai,412,100,26
W,3,20,5,log,207,50,10
S,3,20,857,25615
W,4,20,3,ctrl,2,300,2
W,4,20,4,ai,66,100,26
W,4,20,5,log,35,50,10
S,4,20,863,35052
W,5,20,3,ctrl,8,300,2
W,5,20,4,ai,64,100,26
W,5,20,5,log,32,50,10
S,5,20,856,8763
W,6,20,3,ctrl,9,300,2
W,6,20,4,ai,62,100,26
W,6,20,5,log,29,50,10
S,6,20,848,7400
W,7,20,3,ctrl,0,300,2
W,7,20,4,ai,70,100,26
W,7,20,5,log,34,50,10
S,7,20,853,9999
W,8,20,3,ctrl,5,300,2
W,8,20,4,ai,68,100,26
W,8,20,5,log,31,50,10
S,8,20,844,13875
W,9,20,3,ctrl,6,300,2
W,9,20,4,ai,65,100,26
W,9,20,5,log,30,50,10
S,9,20,846,11288
W,10,20,3,ctrl,14,300,2
W,10,20,4,ai,58,100,26
W,10,20,5,log,28,50,10
S,10,20,852,4757
W,11,20,3,ctrl,4,300,2
W,11,20,4,ai,66,100,26
W,11,20,5,log,34,50,10
S,11,20,860,17526
W,12,20,3,ctrl,4,300,2
W,12,20,4,ai,67,100,26
W,12,20,5,log,33,50,10
S,12,20,855,17526
W,13,20,3,ctrl,4,300,2
W,13,20,4,ai,63,100,26
W,13,20,5,log,33,50,10
S,13,20,863,16650
W,14,20,3,ctrl,10,300,2
W,14,20,4,ai,63,100,26
W,14,20,5,log,26,50,10
S,14,20,829,6594
W,15,20,3,ctrl,1,300,2
W,15,20,4,ai,70,100,26
W,15,20,5,log,30,50,10
S,15,20,836,74000
W,16,20,3,ctrl,2,300,2
W,16,20,4,ai,70,100,26
W,16,20,5,log,30,50,10
S,16,20,836,35052
W,17,20,3,ctrl,6,300,2
W,17,20,4,ai,66,100,26
W,17,20,5,log,29,50,10
S,17,20,839,11288
W,18,20,3,ctrl,7,300,2
W,18,20,4,ai,65,100,26
W,18,20,5,log,31,50,10
S,18,20,850,9940
W,19,20,3,ctrl,7,300,2
W,19,20,4,ai,61,100,26
W,19,20,5,log,30,50,10
S,19,20,855,9380
W,20,20,3,ctrl,2,300,2
W,20,20,4,ai,65,100,26
W,20,20,5,log,35,50,10
S,20,20,865,35052
W,21,20,3,ctrl,3,300,2
W,21,20,4,ai,65,100,26
W,21,20,5,log,35,50,10
S,21,20,865,22965
W,22,20,3,ctrl,4,300,2
W,22,20,4,ai,59,100,26
W,22,20,5,log,35,50,10
S,22,20,875,16650
W,23,20,3,ctrl,1,300,2
W,23,20,4,ai,67,100,26
W,23,20,5,log,34,50,10
S,23,20,858,74000
W,24,20,3,ctrl,2,300,2
W,24,20,4,ai,68,100,26
W,24,20,5,log,33,50,10
S,24,20,853,35052
W,25,20,3,ctrl,1,300,2
W,25,20,4,ai,67,100,26
W,25,20,5,log,35,50,10
S,25,20,861,74000
W,26,20,3,ctrl,7,300,2
W,26,20,4,ai,62,100,26
W,26,20,5,log,34,50,10
S,26,20,867,9940
W,27,20,3,ctrl,5,300,2
W,27,20,4,ai,64,100,26
W,27,20,5,log,33,50,10
S,27,20,860,13591
W,28,20,3,ctrl,4,300,2
W,28,20,4,ai,67,100,26
W,28,20,5,log,33,50,10
S,28,20,855,17526
W,29,20,3,ctrl,4,300,2
W,29,20,4,ai,67,100,26
W,29,20,5,log,27,50,10
S,29,20,826,16650
W,30,20,3,ctrl,10,300,2
W,30,20,4,ai,60,100,26
W,30,20,5,log,30,50,10
S,30,20,857,6660
W,31,20,3,ctrl,6,300,2
W,31,20,4,ai,62,100,26
W,31,20,5,log,33,50,10
S,31,20,864,11288
W,32,20,3,ctrl,3,300,2
W,32,20,4,ai,63,100,26
W,32,20,5,log,35,50,10
S,32,20,868,22965
W,33,20,3,ctrl,3,300,2
W,33,20,4,ai,70,100,26
W,33,20,5,log,29,50,10
S,33,20,831,22965
W,34,20,3,ctrl,12,300,2
W,34,20,4,ai,59,100,26
W,34,20,5,log,32,50,10
S,34,20,866,5741
W,35,20,3,ctrl,14,300,2
W,35,20,4,ai,54,100,26
W,35,20,5,log,32,50,10
S,35,20,876,4757
W,36,20,3,ctrl,2,300,2
W,36,20,4,ai,66,100,26
W,36,20,5,log,35,50,10
S,36,20,863,35052
W,37,20,3,ctrl,4,300,2
W,37,20,4,ai,67,100,26
W,37,20,5,log,29,50,10
S,37,20,837,16650
W,38,20,3,ctrl,2,300,2
W,38,20,4,ai,69,100,26
W,38,20,5,log,33,50,10
S,38,20,851,35052
W,39,20,3,ctrl,4,300,2
W,39,20,4,ai,69,100,26
W,39,20,5,log,30,50,10
S,39,20,837,17526
W,40,20,3,ctrl,13,300,2
W,40,20,4,ai,57,100,26
W,40,20,5,log,33,50,10
S,40,20,874,5285
W,41,20,3,ctrl,6,300,2
W,41,20,4,ai,62,100,26
W,41,20,5,log,34,50,10
S,41,20,867,11482
W,42,20,3,ctrl,5,300,2
W,42,20,4,ai,64,100,26
W,42,20,5,log,35,50,10
S,42,20,867,13875
W,43,20,3,ctrl,9,300,2
W,43,20,4,ai,60,100,26
W,43,20,5,log,34,50,10
S,43,20,871,7655
W,44,20,3,ctrl,7,300,2
W,44,20,4,ai,67,100,26
W,44,20,5,log,29,50,10
S,44,20,836,9940
W,45,20,3,ctrl,5,300,2
W,45,20,4,ai,61,100,26
W,45,20,5,log,34,50,10
S,45,20,870,13320
W,46,20,3,ctrl,2,300,2
W,46,20,4,ai,68,100,26
W,46,20,5,log,34,50,10
S,46,20,856,35052
W,47,20,3,ctrl,1,300,2
W,47,20,4,ai,65,100,26
W,47,20,5,log,35,50,10
S,47,20,865,74000
W,48,20,3,ctrl,15,300,2
W,48,20,4,ai,57,100,26
W,48,20,5,log,31,50,10
S,48,20,866,4593
W,49,20,3,ctrl,10,300,2
W,49,20,4,ai,65,100,26
W,49,20,5,log,28,50,10
S,49,20,835,6865
W,50,20,3,ctrl,8,300,2
W,50,20,4,ai,63,100,26
W,50,20,5,log,33,50,10
S,50,20,862,8763
W,51,20,3,ctrl,6,300,2
W,51,20,4,ai,61,100,26
W,51,20,5,log,35,50,10
S,51,20,872,11482
J,-1,ctrl,1,600,0,0,0,2108,7982,1,8
K,-1,log,9,146070
W,52,20,3,ctrl,12,300,1
W,52,20,4,ai,49,100,8
W,52,20,5,log,30,50,1
S,52,20,878,5083
K,-1,ai,25,293604
W,53,20,3,ctrl,0,300,1
W,53,20,4,ai,9,100,1
W,53,20,5,log,0,50,1
S,53,20,759,9999
# done
# RUN config=medium alpha=20 rep=2/5
# prev_baseline_reset ngroups=3
# schedlab win=100 total=6000 groups=3 alpha=20
W,1,20,3,ctrl,5,300,2
W,1,20,4,ai,69,100,26
W,1,20,5,log,29,50,10
S,1,20,832,13875
W,2,20,3,ctrl,11,300,2
W,2,20,4,ai,62,100,26
W,2,20,5,log,29,50,10
S,2,20,847,6224
W,3,20,3,ctrl,6,300,2
W,3,20,4,ai,65,100,26
W,3,20,5,log,31,50,10
S,3,20,850,11482
W,4,20,3,ctrl,3,300,2
W,4,20,4,ai,68,100,26
W,4,20,5,log,32,50,10
S,4,20,849,22965
W,5,20,3,ctrl,1,300,2
W,5,20,4,ai,70,100,26
W,5,20,5,log,33,50,10
S,5,20,849,74000
W,6,20,3,ctrl,8,300,2
W,6,20,4,ai,63,100,26
W,6,20,5,log,32,50,10
S,6,20,858,8649
W,7,20,3,ctrl,8,300,2
W,7,20,4,ai,61,100,26
W,7,20,5,log,33,50,10
S,7,20,866,8538
W,8,20,3,ctrl,1,300,2
W,8,20,4,ai,64,100,26
W,8,20,5,log,35,50,10
S,8,20,867,66600
W,9,20,3,ctrl,4,300,2
W,9,20,4,ai,66,100,26
W,9,20,5,log,29,50,10
S,9,20,838,16650
W,10,20,3,ctrl,7,300,2
W,10,20,4,ai,59,100,26
W,10,20,5,log,34,50,10
S,10,20,873,9514
W,11,20,3,ctrl,11,300,2
W,11,20,4,ai,61,100,26
W,11,20,5,log,30,50,10
S,11,20,854,6224
W,12,20,3,ctrl,7,300,2
W,12,20,4,ai,63,100,26
W,12,20,5,log,32,50,10
S,12,20,858,9794
W,13,20,3,ctrl,6,300,2
W,13,20,4,ai,66,100,26
W,13,20,5,log,28,50,10
S,13,20,834,11100
W,14,20,3,ctrl,8,300,2
W,14,20,4,ai,64,100,26
W,14,20,5,log,30,50,10
S,14,20,848,8538
W,15,20,3,ctrl,9,300,2
W,15,20,4,ai,59,100,26
W,15,20,5,log,31,50,10
S,15,20,862,7400
W,16,20,3,ctrl,6,300,2
W,16,20,4,ai,64,100,26
W,16,20,5,log,33,50,10
S,16,20,860,11482
W,17,20,3,ctrl,4,300,2
W,17,20,4,ai,67,100,26
W,17,20,5,log,33,50,10
S,17,20,855,17526
W,18,20,3,ctrl,4,300,2
W,18,20,4,ai,65,100,26
W,18,20,5,log,33,50,10
S,18,20,858,17076
W,19,20,3,ctrl,5,300,2
W,19,20,4,ai,64,100,26
W,19,20,5,log,33,50,10
S,19,20,860,13591
W,20,20,3,ctrl,5,300,2
W,20,20,4,ai,66,100,26
W,20,20,5,log,32,50,10
S,20,20,852,13875
W,21,20,3,ctrl,1,300,2
W,21,20,4,ai,68,100,26
W,21,20,5,log,34,50,10
S,21,20,857,74000
W,22,20,3,ctrl,1,300,2
W,22,20,4,ai,67,100,26
W,22,20,5,log,35,50,10
S,22,20,861,74000
W,23,20,3,ctrl,3,300,2
W,23,20,4,ai,67,100,26
W,23,20,5,log,32,50,10
S,23,20,850,22965
W,24,20,3,ctrl,8,300,2
W,24,20,4,ai,64,100,26
W,24,20,5,log,30,50,10
S,24,20,848,8538
W,25,20,3,ctrl,3,300,2
W,25,20,4,ai,67,100,26
W,25,20,5,log,33,50,10
S,25,20,855,22965
W,26,20,3,ctrl,3,300,2
W,26,20,4,ai,70,100,26
W,26,20,5,log,30,50,10
S,26,20,836,22965
W,27,20,3,ctrl,2,300,2
W,27,20,4,ai,63,100,26
W,27,20,5,log,35,50,10
S,27,20,869,33300
W,28,20,3,ctrl,4,300,2
W,28,20,4,ai,66,100,26
W,28,20,5,log,32,50,10
S,28,20,852,17076
W,29,20,3,ctrl,6,300,2
W,29,20,4,ai,61,100,26
W,29,20,5,log,35,50,10
S,29,20,872,11482
W,30,20,3,ctrl,7,300,2
W,30,20,4,ai,62,100,26
W,30,20,5,log,33,50,10
S,30,20,864,9794
W,31,20,3,ctrl,6,300,2
W,31,20,4,ai,59,100,26
W,31,20,5,log,34,50,10
S,31,20,872,11100
W,32,20,3,ctrl,10,300,2
W,32,20,4,ai,62,100,26
W,32,20,5,log,28,50,10
S,32,20,843,6660
W,33,20,3,ctrl,1,300,2
W,33,20,4,ai,64,100,26
W,33,20,5,log,33,50,10
S,33,20,860,66600
W,34,20,3,ctrl,7,300,2
W,34,20,4,ai,64,100,26
W,34,20,5,log,31,50,10
S,34,20,852,9794
W,35,20,3,ctrl,9,300,2
W,35,20,4,ai,59,100,26
W,35,20,5,log,33,50,10
S,35,20,870,7483
W,36,20,3,ctrl,4,300,2
W,36,20,4,ai,63,100,26
W,36,20,5,log,34,50,10
S,36,20,865,17076
W,37,20,3,ctrl,15,300,2
W,37,20,4,ai,60,100,26
W,37,20,5,log,27,50,10
S,37,20,841,4530
W,38,20,3,ctrl,4,300,2
W,38,20,4,ai,65,100,26
W,38,20,5,log,35,50,10
S,38,20,865,17526
W,39,20,3,ctrl,10,300,2
W,39,20,4,ai,61,100,26
W,39,20,5,log,33,50,10
S,39,20,866,6937
W,40,20,3,ctrl,6,300,2
W,40,20,4,ai,62,100,26
W,40,20,5,log,35,50,10
S,40,20,870,11482
W,41,20,3,ctrl,3,300,2
W,41,20,4,ai,69,100,26
W,41,20,5,log,32,50,10
S,41,20,846,23785
W,42,20,3,ctrl,7,300,2
W,42,20,4,ai,63,100,26
W,42,20,5,log,32,50,10
S,42,20,858,9794
W,43,20,3,ctrl,3,300,2
W,43,20,4,ai,67,100,26
W,43,20,5,log,29,50,10
S,43,20,836,22200
W,44,20,3,ctrl,1,300,2
W,44,20,4,ai,64,100,26
W,44,20,5,log,35,50,10
S,44,20,867,66600
W,45,20,3,ctrl,5,300,2
W,45,20,4,ai,61,100,26
W,45,20,5,log,33,50,10
S,45,20,866,13320
W,46,20,3,ctrl,6,300,2
W,46,20,4,ai,65,100,26
W,46,20,5,log,31,50,10
S,46,20,850,11482
W,47,20,3,ctrl,7,300,2
W,47,20,4,ai,66,100,26
W,47,20,5,log,27,50,10
S,47,20,828,9514
W,48,20,3,ctrl,3,300,2
W,48,20,4,ai,67,100,26
W,48,20,5,log,32,50,10
S,48,20,850,22965
W,49,20,3,ctrl,8,300,2
W,49,20,4,ai,64,100,26
W,49,20,5,log,32,50,10
S,49,20,856,8763
W,50,20,3,ctrl,8,300,2
W,50,20,4,ai,63,100,26
W,50,20,5,log,29,50,10
S,50,20,846,8325
W,51,20,3,ctrl,2,300,2
W,51,20,4,ai,66,100,26
W,51,20,5,log,35,50,10
S,51,20,863,35052
W,52,20,3,ctrl,8,300,2
W,52,20,4,ai,61,100,26
W,52,20,5,log,33,50,10
S,52,20,866,8538
W,53,20,3,ctrl,4,300,2
W,53,20,4,ai,65,100,26
W,53,20,5,log,34,50,10
S,53,20,862,17526
W,54,20,3,ctrl,10,300,2
W,54,20,4,ai,62,100,26
W,54,20,5,log,30,50,10
S,54,20,852,6795
W,55,20,3,ctrl,7,300,2
W,55,20,4,ai,58,100,26
W,55,20,5,log,33,50,10
S,55,20,871,9380
W,56,20,3,ctrl,3,300,2
W,56,20,4,ai,69,100,26
W,56,20,5,log,30,50,10
S,56,20,838,22965
W,57,20,3,ctrl,9,300,2
W,57,20,4,ai,63,100,26
W,57,20,5,log,29,50,10
S,57,20,846,7483
J,-1,ctrl,1,599,0,0,0,365,767,0,5
K,-1,log,9,138361
K,-1,ai,25,279632
W,58,20,3,ctrl,2,300,1
W,58,20,4,ai,7,100,1
W,58,20,5,log,5,50,1
S,58,20,887,4690
# done
# RUN config=medium alpha=20 rep=3/5
# prev_baseline_reset ngroups=3
# schedlab win=100 total=6000 groups=3 alpha=20
W,1,20,3,ctrl,8,300,2
W,1,20,4,ai,59,100,18
W,1,20,5,log,33,50,10
S,1,20,870,8325
W,2,20,3,ctrl,6,300,2
W,2,20,4,ai,64,100,24
W,2,20,5,log,32,50,10
S,2,20,856,11482
W,3,20,3,ctrl,3,300,2
W,3,20,4,ai,66,100,24
W,3,20,5,log,34,50,10
S,3,20,860,22965
W,4,20,3,ctrl,12,300,2
W,4,20,4,ai,61,100,26
W,4,20,5,log,27,50,10
S,4,20,840,5550
W,5,20,3,ctrl,8,300,2
W,5,20,4,ai,64,100,26
W,5,20,5,log,29,50,10
S,5,20,843,8430
W,6,20,3,ctrl,4,300,2
W,6,20,4,ai,65,100,26
W,6,20,5,log,33,50,10
S,6,20,858,17076
W,7,20,3,ctrl,6,300,2
W,7,20,4,ai,61,100,26
W,7,20,5,log,34,50,10
S,7,20,869,11288
W,8,20,3,ctrl,7,300,2
W,8,20,4,ai,61,100,26
W,8,20,5,log,34,50,10
S,8,20,869,9794
W,9,20,3,ctrl,12,300,2
W,9,20,4,ai,56,100,26
W,9,20,5,log,31,50,10
S,9,20,869,5504
W,10,20,3,ctrl,6,300,2
W,10,20,4,ai,66,100,26
W,10,20,5,log,32,50,10
S,10,20,852,11684
W,11,20,3,ctrl,8,300,2
W,11,20,4,ai,60,100,26
W,11,20,5,log,31,50,10
S,11,20,861,8325
W,12,20,3,ctrl,3,300,2
W,12,20,4,ai,67,100,26
W,12,20,5,log,34,50,10
S,12,20,858,23785
W,13,20,3,ctrl,0,300,2
W,13,20,4,ai,68,100,26
W,13,20,5,log,35,50,10
S,13,20,860,9999
W,14,20,3,ctrl,4,300,2
W,14,20,4,ai,66,100,26
W,14,20,5,log,34,50,10
S,14,20,860,17526
W,15,20,3,ctrl,1,300,2
W,15,20,4,ai,70,100,26
W,15,20,5,log,29,50,10
S,15,20,831,66600
W,16,20,3,ctrl,2,300,2
W,16,20,4,ai,68,100,26
W,16,20,5,log,34,50,10
S,16,20,856,35052
W,17,20,3,ctrl,10,300,2
W,17,20,4,ai,57,100,26
W,17,20,5,log,32,50,10
S,17,20,870,6594
W,18,20,3,ctrl,9,300,2
W,18,20,4,ai,64,100,26
W,18,20,5,log,30,50,10
S,18,20,848,7655
W,19,20,3,ctrl,5,300,2
W,19,20,4,ai,66,100,26
W,19,20,5,log,33,50,10
S,19,20,857,13875
W,20,20,3,ctrl,3,300,2
W,20,20,4,ai,64,100,26
W,20,20,5,log,33,50,10
S,20,20,861,22200
W,21,20,3,ctrl,0,300,2
W,21,20,4,ai,68,100,26
W,21,20,5,log,35,50,10
S,21,20,860,9999
W,22,20,3,ctrl,9,300,2
W,22,20,4,ai,62,100,26
W,22,20,5,log,27,50,10
S,22,20,837,7318
W,23,20,3,ctrl,2,300,2
W,23,20,4,ai,68,100,26
W,23,20,5,log,34,50,10
S,23,20,856,35052
W,24,20,3,ctrl,1,300,2
W,24,20,4,ai,70,100,26
W,24,20,5,log,32,50,10
S,24,20,844,74000
W,25,20,3,ctrl,3,300,2
W,25,20,4,ai,67,100,26
W,25,20,5,log,31,50,10
S,25,20,846,22965
W,26,20,3,ctrl,8,300,2
W,26,20,4,ai,66,100,26
W,26,20,5,log,26,50,10
S,26,20,822,8325
W,27,20,3,ctrl,4,300,2
W,27,20,4,ai,66,100,26
W,27,20,5,log,34,50,10
S,27,20,860,17526
W,28,20,3,ctrl,5,300,2
W,28,20,4,ai,69,100,26
W,28,20,5,log,29,50,10
S,28,20,832,13875
W,29,20,3,ctrl,3,300,2
W,29,20,4,ai,62,100,26
W,29,20,5,log,35,50,10
S,29,20,871,22200
W,30,20,3,ctrl,8,300,2
W,30,20,4,ai,60,100,26
W,30,20,5,log,30,50,10
S,30,20,857,8222
W,31,20,3,ctrl,5,300,2
W,31,20,4,ai,68,100,26
W,31,20,5,log,31,50,10
S,31,20,844,13875
W,32,20,3,ctrl,4,300,2
W,32,20,4,ai,67,100,26
W,32,20,5,log,29,50,10
S,32,20,837,16650
W,33,20,3,ctrl,2,300,2
W,33,20,4,ai,65,100,26
W,33,20,5,log,33,50,10
S,33,20,859,33300
W,34,20,3,ctrl,12,300,2
W,34,20,4,ai,57,100,26
W,34,20,5,log,29,50,10
S,34,20,858,5459
W,35,20,3,ctrl,8,300,2
W,35,20,4,ai,65,100,26
W,35,20,5,log,28,50,10
S,35,20,836,8430
W,36,20,3,ctrl,2,300,2
W,36,20,4,ai,69,100,26
W,36,20,5,log,33,50,10
S,36,20,851,35052
W,37,20,3,ctrl,7,300,2
W,37,20,4,ai,62,100,26
W,37,20,5,log,29,50,10
S,37,20,847,9380
W,38,20,3,ctrl,7,300,2
W,38,20,4,ai,63,100,26
W,38,20,5,log,33,50,10
S,38,20,862,9940
W,39,20,3,ctrl,9,300,2
W,39,20,4,ai,57,100,26
W,39,20,5,log,34,50,10
S,39,20,876,7400
W,40,20,3,ctrl,8,300,2
W,40,20,4,ai,62,100,26
W,40,20,5,log,31,50,10
S,40,20,856,8430
W,41,20,3,ctrl,3,300,2
W,41,20,4,ai,65,100,26
W,41,20,5,log,35,50,10
S,41,20,865,22965
W,42,20,3,ctrl,4,300,2
W,42,20,4,ai,65,100,26
W,42,20,5,log,30,50,10
S,42,20,846,16650
W,43,20,3,ctrl,6,300,2
W,43,20,4,ai,62,100,26
W,43,20,5,log,31,50,10
S,43,20,857,11100
W,44,20,3,ctrl,6,300,2
W,44,20,4,ai,65,100,26
W,44,20,5,log,33,50,10
S,44,20,858,11684
W,45,20,3,ctrl,11,300,2
W,45,20,4,ai,58,100,26
W,45,20,5,log,32,50,10
S,45,20,868,6166
W,46,20,3,ctrl,4,300,2
W,46,20,4,ai,65,100,26
W,46,20,5,log,33,50,10
S,46,20,858,17076
W,47,20,3,ctrl,7,300,2
W,47,20,4,ai,62,100,26
W,47,20,5,log,35,50,10
S,47,20,870,9940
W,48,20,3,ctrl,9,300,2
W,48,20,4,ai,60,100,26
W,48,20,5,log,30,50,10
S,48,20,857,7400
W,49,20,3,ctrl,18,300,2
W,49,20,4,ai,55,100,26
W,49,20,5,log,29,50,10
S,49,20,864,3784
W,50,20,3,ctrl,10,300,2
W,50,20,4,ai,60,100,26
W,50,20,5,log,28,50,10
S,50,20,847,6529
W,51,20,3,ctrl,12,300,2
W,51,20,4,ai,56,100,26
W,51,20,5,log,31,50,10
S,51,20,869,5504
W,52,20,3,ctrl,2,300,2
W,52,20,4,ai,67,100,26
W,52,20,5,log,35,50,10
S,52,20,862,35052
W,53,20,3,ctrl,4,300,2
W,53,20,4,ai,66,100,26
W,53,20,5,log,34,50,10
S,53,20,860,17526
W,54,20,3,ctrl,13,300,2
W,54,20,4,ai,61,100,26
W,54,20,5,log,26,50,10
S,54,20,834,5123
W,55,20,3,ctrl,3,300,2
W,55,20,4,ai,66,100,26
W,55,20,5,log,32,50,10
S,55,20,852,22965
W,56,20,3,ctrl,5,300,2
W,56,20,4,ai,68,100,26
W,56,20,5,log,29,50,10
S,56,20,835,13591
W,57,20,3,ctrl,6,300,2
W,57,20,4,ai,61,100,26
W,57,20,5,log,32,50,10
S,57,20,862,11100
J,-1,ctrl,1,599,0,0,0,400,882,0,6
K,-1,log,9,128955
K,-1,ai,25,259700
W,58,20,3,ctrl,2,300,1
W,58,20,4,ai,3,100,1
W,58,20,5,log,6,50,1
S,58,20,734,3679
# done
# RUN config=medium alpha=20 rep=4/5
# prev_baseline_reset ngroups=3
# schedlab win=100 total=6000 groups=3 alpha=20
W,1,20,3,ctrl,7,300,2
W,1,20,4,ai,59,100,17
W,1,20,5,log,33,50,10
S,1,20,869,9514
W,2,20,3,ctrl,11,300,2
W,2,20,4,ai,62,100,22
W,2,20,5,log,28,50,10
S,2,20,842,6166
W,3,20,3,ctrl,4,300,2
W,3,20,4,ai,61,100,26
W,3,20,5,log,38,50,10
S,3,20,878,17526
W,4,20,3,ctrl,3,300,2
W,4,20,4,ai,65,100,26
W,4,20,5,log,34,50,10
S,4,20,862,22965
W,5,20,3,ctrl,6,300,2
W,5,20,4,ai,66,100,26
W,5,20,5,log,28,50,10
S,5,20,834,11100
W,6,20,3,ctrl,6,300,2
W,6,20,4,ai,61,100,26
W,6,20,5,log,30,50,10
S,6,20,854,10918
W,7,20,3,ctrl,7,300,2
W,7,20,4,ai,61,100,26
W,7,20,5,log,32,50,10
S,7,20,863,9514
W,8,20,3,ctrl,4,300,2
W,8,20,4,ai,63,100,26
W,8,20,5,log,35,50,10
S,8,20,869,17076
W,9,20,3,ctrl,3,300,2
W,9,20,4,ai,68,100,26
W,9,20,5,log,28,50,10
S,9,20,829,22200
W,10,20,3,ctrl,7,300,2
W,10,20,4,ai,64,100,26
W,10,20,5,log,30,50,10
S,10,20,848,9652
W,11,20,3,ctrl,5,300,2
W,11,20,4,ai,62,100,26
W,11,20,5,log,33,50,10
S,11,20,865,13320
W,12,20,3,ctrl,4,300,2
W,12,20,4,ai,63,100,26
W,12,20,5,log,33,50,10
S,12,20,863,16650
W,13,20,3,ctrl,5,300,2
W,13,20,4,ai,65,100,26
W,13,20,5,log,31,50,10
S,13,20,850,13591
W,14,20,3,ctrl,9,300,2
W,14,20,4,ai,65,100,26
W,14,20,5,log,28,50,10
S,14,20,835,7568
W,15,20,3,ctrl,6,300,2
W,15,20,4,ai,61,100,26
W,15,20,5,log,35,50,10
S,15,20,872,11482
W,16,20,3,ctrl,11,300,2
W,16,20,4,ai,58,100,26
W,16,20,5,log,34,50,10
S,16,20,875,6283
W,17,20,3,ctrl,3,300,2
W,17,20,4,ai,64,100,26
W,17,20,5,log,35,50,10
S,17,20,867,22965
W,18,20,3,ctrl,7,300,2
W,18,20,4,ai,62,100,26
W,18,20,5,log,33,50,10
S,18,20,864,9794
W,19,20,3,ctrl,7,300,2
W,19,20,4,ai,61,100,26
W,19,20,5,log,35,50,10
S,19,20,872,9940
W,20,20,3,ctrl,12,300,2
W,20,20,4,ai,66,100,26
W,20,20,5,log,23,50,10
S,20,20,800,5644
W,21,20,3,ctrl,4,300,2
W,21,20,4,ai,69,100,26
W,21,20,5,log,30,50,10
S,21,20,837,17526
W,22,20,3,ctrl,6,300,2
W,22,20,4,ai,62,100,26
W,22,20,5,log,32,50,10
S,22,20,861,11100
W,23,20,3,ctrl,6,300,2
W,23,20,4,ai,60,100,26
W,23,20,5,log,34,50,10
S,23,20,871,11100
W,24,20,3,ctrl,3,300,2
W,24,20,4,ai,65,100,26
W,24,20,5,log,33,50,10
S,24,20,858,22965
W,25,20,3,ctrl,3,300,2
W,25,20,4,ai,65,100,26
W,25,20,5,log,35,50,10
S,25,20,865,22965
W,26,20,3,ctrl,2,300,2
W,26,20,4,ai,67,100,26
W,26,20,5,log,34,50,10
S,26,20,859,35052
W,27,20,3,ctrl,14,300,2
W,27,20,4,ai,57,100,26
W,27,20,5,log,31,50,10
S,27,20,866,4861
W,28,20,3,ctrl,14,300,2
W,28,20,4,ai,61,100,26
W,28,20,5,log,25,50,10
S,28,20,827,4757
W,29,20,3,ctrl,7,300,2
W,29,20,4,ai,64,100,26
W,29,20,5,log,28,50,10
S,29,20,837,9514
W,30,20,3,ctrl,9,300,2
W,30,20,4,ai,58,100,26
W,30,20,5,log,35,50,10
S,30,20,877,7568
W,31,20,3,ctrl,3,300,2
W,31,20,4,ai,67,100,26
W,31,20,5,log,34,50,10
S,31,20,858,23785
W,32,20,3,ctrl,12,300,2
W,32,20,4,ai,67,100,26
W,32,20,5,log,24,50,10
S,32,20,805,5741
W,33,20,3,ctrl,6,300,2
W,33,20,4,ai,65,100,26
W,33,20,5,log,33,50,10
S,33,20,858,11684
W,34,20,3,ctrl,9,300,2
W,34,20,4,ai,59,100,26
W,34,20,5,log,29,50,10
S,34,20,854,7239
W,35,20,3,ctrl,3,300,2
W,35,20,4,ai,63,100,26
W,35,20,5,log,35,50,10
S,35,20,868,22965
W,36,20,3,ctrl,4,300,2
W,36,20,4,ai,65,100,26
W,36,20,5,log,35,50,10
S,36,20,865,17526
W,37,20,3,ctrl,12,300,2
W,37,20,4,ai,59,100,26
W,37,20,5,log,32,50,10
S,37,20,866,5741
W,38,20,3,ctrl,9,300,2
W,38,20,4,ai,61,100,26
W,38,20,5,log,34,50,10
S,38,20,869,7744
W,39,20,3,ctrl,3,300,2
W,39,20,4,ai,64,100,26
W,39,20,5,log,33,50,10
S,39,20,861,22200
W,40,20,3,ctrl,2,300,2
W,40,20,4,ai,67,100,26
W,40,20,5,log,35,50,10
S,40,20,862,35052
W,41,20,3,ctrl,8,300,2
W,41,20,4,ai,64,100,26
W,41,20,5,log,30,50,10
S,41,20,848,8538
W,42,20,3,ctrl,9,300,2
W,42,20,4,ai,61,100,26
W,42,20,5,log,32,50,10
S,42,20,862,7568
W,43,20,3,ctrl,2,300,2
W,43,20,4,ai,67,100,26
W,43,20,5,log,30,50,10
S,43,20,842,33300
W,44,20,3,ctrl,8,300,2
W,44,20,4,ai,69,100,26
W,44,20,5,log,25,50,10
S,44,20,809,8538
W,45,20,3,ctrl,5,300,2
W,45,20,4,ai,68,100,26
W,45,20,5,log,31,50,10
S,45,20,844,13875
W,46,20,3,ctrl,8,300,2
W,46,20,4,ai,65,100,26
W,46,20,5,log,30,50,10
S,46,20,846,8649
W,47,20,3,ctrl,6,300,2
W,47,20,4,ai,61,100,26
W,47,20,5,log,32,50,10
S,47,20,862,11100
W,48,20,3,ctrl,3,300,2
W,48,20,4,ai,65,100,26
W,48,20,5,log,34,50,10
S,48,20,862,22965
W,49,20,3,ctrl,5,300,2
W,49,20,4,ai,62,100,26
W,49,20,5,log,33,50,10
S,49,20,865,13320
W,50,20,3,ctrl,12,300,2
W,50,20,4,ai,60,100,26
W,50,20,5,log,32,50,10
S,50,20,864,5791
W,51,20,3,ctrl,8,300,2
W,51,20,4,ai,61,100,26
W,51,20,5,log,34,50,10
S,51,20,869,8649
W,52,20,3,ctrl,11,300,2
W,52,20,4,ai,58,100,26
W,52,20,5,log,28,50,10
S,52,20,851,5893
W,53,20,3,ctrl,6,300,2
W,53,20,4,ai,62,100,26
W,53,20,5,log,32,50,10
S,53,20,861,11100
W,54,20,3,ctrl,2,300,2
W,54,20,4,ai,67,100,26
W,54,20,5,log,35,50,10
S,54,20,862,35052
W,55,20,3,ctrl,12,300,2
W,55,20,4,ai,60,100,26
W,55,20,5,log,30,50,10
S,55,20,857,5692
W,56,20,3,ctrl,8,300,2
W,56,20,4,ai,63,100,26
W,56,20,5,log,32,50,10
S,56,20,858,8649
W,57,20,3,ctrl,8,300,2
W,57,20,4,ai,63,100,26
W,57,20,5,log,32,50,10
S,57,20,858,8649
J,-1,ctrl,1,599,0,0,0,1598,4912,0,7
K,-1,log,9,131644
K,-1,ai,25,250730
W,58,20,3,ctrl,4,300,1
W,58,20,4,ai,12,100,1
W,58,20,5,log,5,50,1
S,58,20,828,3505
# done
# RUN config=medium alpha=20 rep=5/5
# prev_baseline_reset ngroups=3
# schedlab win=100 total=6000 groups=3 alpha=20
W,1,20,3,ctrl,2,300,2
W,1,20,4,ai,63,100,17
W,1,20,5,log,34,50,10
S,1,20,865,33300
W,2,20,3,ctrl,10,300,2
W,2,20,4,ai,60,100,24
W,2,20,5,log,31,50,10
S,2,20,860,6727
W,3,20,3,ctrl,3,300,2
W,3,20,4,ai,66,100,24
W,3,20,5,log,33,50,10
S,3,20,856,22965
W,4,20,3,ctrl,2,300,2
W,4,20,4,ai,66,100,26
W,4,20,5,log,35,50,10
S,4,20,863,35052
W,5,20,3,ctrl,7,300,2
W,5,20,4,ai,58,100,26
W,5,20,5,log,34,50,10
S,5,20,874,9514
W,6,20,3,ctrl,6,300,2
W,6,20,4,ai,65,100,26
W,6,20,5,log,32,50,10
S,6,20,854,11482
W,7,20,3,ctrl,0,300,2
W,7,20,4,ai,70,100,26
W,7,20,5,log,30,50,10
S,7,20,836,9999
W,8,20,3,ctrl,1,300,2
W,8,20,4,ai,65,100,26
W,8,20,5,log,34,50,10
S,8,20,862,66600
W,9,20,3,ctrl,2,300,2
W,9,20,4,ai,65,100,26
W,9,20,5,log,33,50,10
S,9,20,859,33300
W,10,20,3,ctrl,5,300,2
W,10,20,4,ai,64,100,26
W,10,20,5,log,35,50,10
S,10,20,867,13875
W,11,20,3,ctrl,1,300,2
W,11,20,4,ai,70,100,26
W,11,20,5,log,29,50,10
S,11,20,831,66600
W,12,20,3,ctrl,7,300,2
W,12,20,4,ai,59,100,26
W,12,20,5,log,33,50,10
S,12,20,869,9514
W,13,20,3,ctrl,3,300,2
W,13,20,4,ai,66,100,26
W,13,20,5,log,34,50,10
S,13,20,860,22965
W,14,20,3,ctrl,5,300,2
W,14,20,4,ai,67,100,26
W,14,20,5,log,28,50,10
S,14,20,832,13320
W,15,20,3,ctrl,5,300,2
W,15,20,4,ai,65,100,26
W,15,20,5,log,33,50,10
S,15,20,858,13875
W,16,20,3,ctrl,4,300,2
W,16,20,4,ai,68,100,26
W,16,20,5,log,30,50,10
S,16,20,840,17076
W,17,20,3,ctrl,2,300,2
W,17,20,4,ai,69,100,26
W,17,20,5,log,32,50,10
S,17,20,846,35052
W,18,20,3,ctrl,8,300,2
W,18,20,4,ai,63,100,26
W,18,20,5,log,29,50,10
S,18,20,846,8325
W,19,20,3,ctrl,6,300,2
W,19,20,4,ai,64,100,26
W,19,20,5,log,32,50,10
S,19,20,856,11482
W,20,20,3,ctrl,4,300,2
W,20,20,4,ai,67,100,26
W,20,20,5,log,32,50,10
S,20,20,850,17526
W,21,20,3,ctrl,10,300,2
W,21,20,4,ai,60,100,26
W,21,20,5,log,33,50,10
S,21,20,868,6865
W,22,20,3,ctrl,5,300,2
W,22,20,4,ai,63,100,26
W,22,20,5,log,32,50,10
S,22,20,859,13320
W,23,20,3,ctrl,10,300,2
W,23,20,4,ai,59,100,26
W,23,20,5,log,34,50,10
S,23,20,873,6865
W,24,20,3,ctrl,12,300,2
W,24,20,4,ai,60,100,26
W,24,20,5,log,28,50,10
S,24,20,848,5550
W,25,20,3,ctrl,4,300,2
W,25,20,4,ai,64,100,26
W,25,20,5,log,35,50,10
S,25,20,866,17526
W,26,20,3,ctrl,7,300,2
W,26,20,4,ai,63,100,26
W,26,20,5,log,32,50,10
S,26,20,858,9794
W,27,20,3,ctrl,6,300,2
W,27,20,4,ai,68,100,26
W,27,20,5,log,30,50,10
S,27,20,839,11684
W,28,20,3,ctrl,12,300,2
W,28,20,4,ai,57,100,26
W,28,20,5,log,32,50,10
S,28,20,870,5644
W,29,20,3,ctrl,3,300,2
W,29,20,4,ai,69,100,26
W,29,20,5,log,32,50,10
S,29,20,846,23785
W,30,20,3,ctrl,1,300,2
W,30,20,4,ai,68,100,26
W,30,20,5,log,35,50,10
S,30,20,860,74000
W,31,20,3,ctrl,2,300,2
W,31,20,4,ai,67,100,26
W,31,20,5,log,34,50,10
S,31,20,859,35052
W,32,20,3,ctrl,8,300,2
W,32,20,4,ai,59,100,26
W,32,20,5,log,33,50,10
S,32,20,870,8325
W,33,20,3,ctrl,6,300,2
W,33,20,4,ai,66,100,26
W,33,20,5,log,29,50,10
S,33,20,839,11288
W,34,20,3,ctrl,5,300,2
W,34,20,4,ai,64,100,26
W,34,20,5,log,33,50,10
S,34,20,860,13591
W,35,20,3,ctrl,7,300,2
W,35,20,4,ai,61,100,26
W,35,20,5,log,30,50,10
S,35,20,855,9380
W,36,20,3,ctrl,1,300,2
W,36,20,4,ai,69,100,26
W,36,20,5,log,31,50,10
S,36,20,842,74000
W,37,20,3,ctrl,9,300,2
W,37,20,4,ai,62,100,26
W,37,20,5,log,32,50,10
S,37,20,860,7655
W,38,20,3,ctrl,11,300,2
W,38,20,4,ai,63,100,26
W,38,20,5,log,29,50,10
S,38,20,845,6283
W,39,20,3,ctrl,1,300,2
W,39,20,4,ai,70,100,26
W,39,20,5,log,33,50,10
S,39,20,849,74000
W,40,20,3,ctrl,1,300,2
W,40,20,4,ai,63,100,26
W,40,20,5,log,35,50,10
S,40,20,868,66600
W,41,20,3,ctrl,5,300,2
W,41,20,4,ai,62,100,26
W,41,20,5,log,33,50,10
S,41,20,865,13320
W,42,20,3,ctrl,5,300,2
W,42,20,4,ai,64,100,26
W,42,20,5,log,33,50,10
S,42,20,860,13591
W,43,20,3,ctrl,4,300,2
W,43,20,4,ai,66,100,26
W,43,20,5,log,34,50,10
S,43,20,860,17526
W,44,20,3,ctrl,7,300,2
W,44,20,4,ai,64,100,26
W,44,20,5,log,32,50,10
S,44,20,856,9940
W,45,20,3,ctrl,9,300,2
W,45,20,4,ai,62,100,26
W,45,20,5,log,31,50,10
S,45,20,856,7568
W,46,20,3,ctrl,6,300,2
W,46,20,4,ai,67,100,26
W,46,20,5,log,27,50,10
S,46,20,826,11100
W,47,20,3,ctrl,9,300,2
W,47,20,4,ai,66,100,26
W,47,20,5,log,28,50,10
S,47,20,833,7655
W,48,20,3,ctrl,5,300,2
W,48,20,4,ai,68,100,26
W,48,20,5,log,30,50,10
S,48,20,840,13875
W,49,20,3,ctrl,7,300,2
W,49,20,4,ai,65,100,26
W,49,20,5,log,30,50,10
S,49,20,846,9794
W,50,20,3,ctrl,5,300,2
W,50,20,4,ai,61,100,26
W,50,20,5,log,34,50,10
S,50,20,870,13320
W,51,20,3,ctrl,5,300,2
W,51,20,4,ai,61,100,26
W,51,20,5,log,34,50,10
S,51,20,870,13320
W,52,20,3,ctrl,1,300,2
W,52,20,4,ai,67,100,26
W,52,20,5,log,35,50,10
S,52,20,861,74000
W,53,20,3,ctrl,5,300,2
W,53,20,4,ai,63,100,26
W,53,20,5,log,34,50,10
S,53,20,866,13591
W,54,20,3,ctrl,11,300,2
W,54,20,4,ai,63,100,26
W,54,20,5,log,30,50,10
S,54,20,850,6342
W,55,20,3,ctrl,9,300,2
W,55,20,4,ai,64,100,26
W,55,20,5,log,29,50,10
S,55,20,843,7568
W,56,20,3,ctrl,5,300,2
W,56,20,4,ai,65,100,26
W,56,20,5,log,31,50,10
S,56,20,850,13591
W,57,20,3,ctrl,11,300,2
W,57,20,4,ai,59,100,26
W,57,20,5,log,30,50,10
S,57,20,859,6054
J,-1,ctrl,1,600,0,0,0,948,2044,0,7
K,-1,log,9,143498
K,-1,ai,25,270550
W,58,20,3,ctrl,4,300,1
W,58,20,4,ai,21,100,1
W,58,20,5,log,6,50,1
S,58,20,765,5162
# done
# WARMUP config=medium alpha=30
# prev_baseline_reset ngroups=3
# schedlab win=100 total=6000 groups=3 alpha=30
W,1,30,3,ctrl,2,300,2
W,1,30,4,ai,81,200,26
W,1,30,5,log,20,50,10
S,1,30,792,28684
W,2,30,3,ctrl,8,300,2
W,2,30,4,ai,72,200,26
W,2,30,5,log,20,50,10
S,2,30,813,6812
W,3,30,3,ctrl,6,300,2
W,3,30,4,ai,76,200,26
W,3,30,5,log,19,50,10
S,3,30,794,9237
W,4,30,3,ctrl,9,300,2
W,4,30,4,ai,75,200,26
W,4,30,5,log,19,50,10
S,4,30,796,6264
W,5,30,3,ctrl,9,300,2
W,5,30,4,ai,73,200,26
W,5,30,5,log,20,50,10
S,5,30,811,6193
W,6,30,3,ctrl,14,300,2
W,6,30,4,ai,67,200,26
W,6,30,5,log,19,50,10
S,6,30,819,3892
W,7,30,3,ctrl,12,300,2
W,7,30,4,ai,73,200,26
W,7,30,5,log,18,50,10
S,7,30,791,4698
W,8,30,3,ctrl,6,300,2
W,8,30,4,ai,78,200,26
W,8,30,5,log,18,50,10
S,8,30,780,9396
W,9,30,3,ctrl,3,300,2
W,9,30,4,ai,75,200,26
W,9,30,5,log,20,50,10
S,9,30,805,18166
W,10,30,3,ctrl,12,300,2
W,10,30,4,ai,72,200,26
W,10,30,5,log,20,50,10
S,10,30,814,4739
W,11,30,3,ctrl,5,300,2
W,11,30,4,ai,76,200,26
W,11,30,5,log,20,50,10
S,11,30,803,11122
W,12,30,3,ctrl,11,300,2
W,12,30,4,ai,72,200,26
W,12,30,5,log,20,50,10
S,12,30,813,5141
W,13,30,3,ctrl,4,300,2
W,13,30,4,ai,80,200,26
W,13,30,5,log,20,50,10
S,13,30,794,14342
W,14,30,3,ctrl,1,300,2
W,14,30,4,ai,79,200,26
W,14,30,5,log,19,50,10
S,14,30,787,54500
W,15,30,3,ctrl,5,300,2
W,15,30,4,ai,79,200,26
W,15,30,5,log,17,50,10
S,15,30,768,11122
W,16,30,3,ctrl,4,300,2
W,16,30,4,ai,77,200,26
W,16,30,5,log,18,50,10
S,16,30,782,13625
W,17,30,3,ctrl,6,300,2
W,17,30,4,ai,74,200,26
W,17,30,5,log,22,50,10
S,17,30,823,9396
W,18,30,3,ctrl,5,300,2
W,18,30,4,ai,80,200,26
W,18,30,5,log,19,50,10
S,18,30,785,11354
W,19,30,3,ctrl,0,300,2
W,19,30,4,ai,79,200,26
W,19,30,5,log,20,50,10
S,19,30,796,9999
W,20,30,3,ctrl,2,300,2
W,20,30,4,ai,76,200,26
W,20,30,5,log,20,50,10
S,20,30,803,27250
W,21,30,3,ctrl,2,300,2
W,21,30,4,ai,79,200,26
W,21,30,5,log,19,50,10
S,21,30,788,27250
W,22,30,3,ctrl,7,300,2
W,22,30,4,ai,78,200,26
W,22,30,5,log,19,50,10
S,22,30,789,8134
W,23,30,3,ctrl,1,300,2
W,23,30,4,ai,78,200,26
W,23,30,5,log,20,50,10
S,23,30,798,54500
W,24,30,3,ctrl,0,300,2
W,24,30,4,ai,84,200,26
W,24,30,5,log,20,50,10
S,24,30,786,9999
W,25,30,3,ctrl,7,300,2
W,25,30,4,ai,72,200,26
W,25,30,5,log,20,50,10
S,25,30,813,7785
W,26,30,3,ctrl,3,300,2
W,26,30,4,ai,80,200,26
W,26,30,5,log,20,50,10
S,26,30,794,18793
W,27,30,3,ctrl,11,300,2
W,27,30,4,ai,69,200,26
W,27,30,5,log,18,50,10
S,27,30,802,4866
W,28,30,3,ctrl,8,300,2
W,28,30,4,ai,73,200,26
W,28,30,5,log,22,50,10
S,28,30,826,7077
W,29,30,3,ctrl,7,300,2
W,29,30,4,ai,75,200,26
W,29,30,5,log,18,50,10
S,29,30,787,7785
W,30,30,3,ctrl,9,300,2
W,30,30,4,ai,74,200,26
W,30,30,5,log,19,50,10
S,30,30,799,6193
W,31,30,3,ctrl,2,300,2
W,31,30,4,ai,78,200,26
W,31,30,5,log,20,50,10
S,31,30,799,27250
W,32,30,3,ctrl,4,300,2
W,32,30,4,ai,81,200,26
W,32,30,5,log,19,50,10
S,32,30,782,14342
W,33,30,3,ctrl,0,300,2
W,33,30,4,ai,82,200,26
W,33,30,5,log,20,50,10
S,33,30,790,9999
W,34,30,3,ctrl,11,300,2
W,34,30,4,ai,77,200,26
W,34,30,5,log,16,50,10
S,34,30,759,5190
W,35,30,3,ctrl,12,300,2
W,35,30,4,ai,70,200,26
W,35,30,5,log,20,50,10
S,35,30,819,4658
W,36,30,3,ctrl,5,300,2
W,36,30,4,ai,76,200,26
W,36,30,5,log,18,50,10
S,36,30,784,10900
W,37,30,3,ctrl,7,300,2
W,37,30,4,ai,78,200,26
W,37,30,5,log,18,50,10
S,37,30,779,8134
W,38,30,3,ctrl,6,300,2
W,38,30,4,ai,79,200,26
W,38,30,5,log,17,50,10
S,38,30,767,9396
W,39,30,3,ctrl,8,300,2
W,39,30,4,ai,77,200,26
W,39,30,5,log,18,50,10
S,39,30,781,7077
W,40,30,3,ctrl,4,300,2
W,40,30,4,ai,79,200,26
W,40,30,5,log,20,50,10
S,40,30,796,14342
W,41,30,3,ctrl,5,300,2
W,41,30,4,ai,76,200,26
W,41,30,5,log,21,50,10
S,41,30,811,11122
W,42,30,3,ctrl,4,300,2
W,42,30,4,ai,79,200,26
W,42,30,5,log,20,50,10
S,42,30,796,14342
W,43,30,3,ctrl,3,300,2
W,43,30,4,ai,82,200,26
W,43,30,5,log,19,50,10
S,43,30,780,19464
W,44,30,3,ctrl,11,300,2
W,44,30,4,ai,74,200,26
W,44,30,5,log,17,50,10
S,44,30,778,5093
W,45,30,3,ctrl,4,300,2
W,45,30,4,ai,80,200,26
W,45,30,5,log,18,50,10
S,45,30,776,13974
W,46,30,3,ctrl,11,300,2
W,46,30,4,ai,72,200,26
W,46,30,5,log,20,50,10
S,46,30,813,5141
W,47,30,3,ctrl,6,300,2
W,47,30,4,ai,74,200,26
W,47,30,5,log,23,50,10
S,47,30,831,9396
W,48,30,3,ctrl,16,300,2
W,48,30,4,ai,68,200,26
W,48,30,5,log,17,50,10
S,48,30,794,3449
W,49,30,3,ctrl,5,300,2
W,49,30,4,ai,77,200,26
W,49,30,5,log,18,50,10
S,49,30,783,10900
W,50,30,3,ctrl,4,300,2
W,50,30,4,ai,79,200,26
W,50,30,5,log,20,50,10
S,50,30,796,14342
W,51,30,3,ctrl,3,300,2
W,51,30,4,ai,82,200,26
W,51,30,5,log,19,50,10
S,51,30,780,19464
W,52,30,3,ctrl,6,300,2
W,52,30,4,ai,74,200,26
W,52,30,5,log,20,50,10
S,52,30,808,9083
W,53,30,3,ctrl,4,300,2
W,53,30,4,ai,77,200,26
W,53,30,5,log,19,50,10
S,53,30,792,13625
W,54,30,3,ctrl,4,300,2
W,54,30,4,ai,79,200,26
W,54,30,5,log,20,50,10
S,54,30,796,14342
W,55,30,3,ctrl,10,300,2
W,55,30,4,ai,70,200,26
W,55,30,5,log,24,50,10
S,55,30,849,5677
W,56,30,3,ctrl,12,300,2
W,56,30,4,ai,68,200,26
W,56,30,5,log,20,50,10
S,56,30,825,4541
W,57,30,3,ctrl,9,300,2
W,57,30,4,ai,76,200,26
W,57,30,5,log,15,50,10
S,57,30,752,6055
J,-1,ctrl,1,599,0,0,0,396,908,0,6
K,-1,log,9,84406
K,-1,ai,25,316752
W,58,30,3,ctrl,4,300,1
W,58,30,4,ai,16,100,1
W,58,30,5,log,7,50,1
S,58,30,837,4500
# done
# RUN config=medium alpha=30 rep=1/5
# prev_baseline_reset ngroups=3
# schedlab win=100 total=6000 groups=3 alpha=30
W,1,30,3,ctrl,4,300,2
W,1,30,4,ai,77,200,24
W,1,30,5,log,20,50,10
S,1,30,801,13974
W,2,30,3,ctrl,10,300,2
W,2,30,4,ai,72,200,26
W,2,30,5,log,17,50,10
S,2,30,783,5396
W,3,30,3,ctrl,7,300,2
W,3,30,4,ai,72,200,26
W,3,30,5,log,21,50,10
S,3,30,822,7785
W,4,30,3,ctrl,1,300,2
W,4,30,4,ai,82,200,26
W,4,30,5,log,20,50,10
S,4,30,790,60555
W,5,30,3,ctrl,7,300,2
W,5,30,4,ai,76,200,26
W,5,30,5,log,19,50,10
S,5,30,794,8014
W,6,30,3,ctrl,6,300,2
W,6,30,4,ai,78,200,26
W,6,30,5,log,18,50,10
S,6,30,780,9396
W,7,30,3,ctrl,7,300,2
W,7,30,4,ai,75,200,26
W,7,30,5,log,20,50,10
S,7,30,806,8014
W,8,30,3,ctrl,6,300,2
W,8,30,4,ai,80,200,26
W,8,30,5,log,17,50,10
S,8,30,766,9396
W,9,30,3,ctrl,4,300,2
W,9,30,4,ai,76,200,26
W,9,30,5,log,20,50,10
S,9,30,803,13625
W,10,30,3,ctrl,6,300,2
W,10,30,4,ai,76,200,26
W,10,30,5,log,19,50,10
S,10,30,794,9237
W,11,30,3,ctrl,5,300,2
W,11,30,4,ai,76,200,26
W,11,30,5,log,19,50,10
S,11,30,794,10900
W,12,30,3,ctrl,0,300,2
W,12,30,4,ai,80,200,26
W,12,30,5,log,20,50,10
S,12,30,794,9999
W,13,30,3,ctrl,5,300,2
W,13,30,4,ai,79,200,26
W,13,30,5,log,19,50,10
S,13,30,787,11354
W,14,30,3,ctrl,11,300,2
W,14,30,4,ai,73,200,26
W,14,30,5,log,19,50,10
S,14,30,801,5141
W,15,30,3,ctrl,5,300,2
W,15,30,4,ai,75,200,26
W,15,30,5,log,19,50,10
S,15,30,795,10900
W,16,30,3,ctrl,8,300,2
W,16,30,4,ai,72,200,26
W,16,30,5,log,20,50,10
S,16,30,813,6812
W,17,30,3,ctrl,1,300,2
W,17,30,4,ai,78,200,26
W,17,30,5,log,20,50,10
S,17,30,798,54500
W,18,30,3,ctrl,6,300,2
W,18,30,4,ai,76,200,26
W,18,30,5,log,19,50,10
S,18,30,794,9237
W,19,30,3,ctrl,1,300,2
W,19,30,4,ai,83,200,26
W,19,30,5,log,18,50,10
S,19,30,770,60555
W,20,30,3,ctrl,2,300,2
W,20,30,4,ai,80,200,26
W,20,30,5,log,20,50,10
S,20,30,794,28684
W,21,30,3,ctrl,7,300,2
W,21,30,4,ai,75,200,26
W,21,30,5,log,21,50,10
S,21,30,813,8134
W,22,30,3,ctrl,9,300,2
W,22,30,4,ai,77,200,26
W,22,30,5,log,17,50,10
S,22,30,772,6264
W,23,30,3,ctrl,4,300,2
W,23,30,4,ai,78,200,26
W,23,30,5,log,20,50,10
S,23,30,799,13974
W,24,30,3,ctrl,3,300,2
W,24,30,4,ai,78,200,26
W,24,30,5,log,20,50,10
S,24,30,798,18793
W,25,30,3,ctrl,12,300,2
W,25,30,4,ai,69,200,26
W,25,30,5,log,19,50,10
S,25,30,813,4541
W,26,30,3,ctrl,3,300,2
W,26,30,4,ai,77,200,26
W,26,30,5,log,19,50,10
S,26,30,791,18166
W,27,30,3,ctrl,2,300,2
W,27,30,4,ai,81,200,26
W,27,30,5,log,20,50,10
S,27,30,792,28684
W,28,30,3,ctrl,5,300,2
W,28,30,4,ai,79,200,26
W,28,30,5,log,19,50,10
S,28,30,787,11354
W,29,30,3,ctrl,2,300,2
W,29,30,4,ai,78,200,26
W,29,30,5,log,23,50,10
S,29,30,822,28684
W,30,30,3,ctrl,3,300,2
W,30,30,4,ai,81,200,26
W,30,30,5,log,18,50,10
S,30,30,774,18793
W,31,30,3,ctrl,3,300,2
W,31,30,4,ai,81,200,26
W,31,30,5,log,19,50,10
S,31,30,783,18793
W,32,30,3,ctrl,3,300,2
W,32,30,4,ai,80,200,26
W,32,30,5,log,20,50,10
S,32,30,794,18793
W,33,30,3,ctrl,4,300,2
W,33,30,4,ai,80,200,26
W,33,30,5,log,18,50,10
S,33,30,776,13974
W,34,30,3,ctrl,8,300,2
W,34,30,4,ai,72,200,26
W,34,30,5,log,22,50,10
S,34,30,829,6987
W,35,30,3,ctrl,4,300,2
W,35,30,4,ai,76,200,26
W,35,30,5,log,20,50,10
S,35,30,803,13625
W,36,30,3,ctrl,4,300,2
W,36,30,4,ai,75,200,26
W,36,30,5,log,19,50,10
S,36,30,795,13625
W,37,30,3,ctrl,1,300,2
W,37,30,4,ai,82,200,26
W,37,30,5,log,20,50,10
S,37,30,790,60555
W,38,30,3,ctrl,9,300,2
W,38,30,4,ai,74,200,26
W,38,30,5,log,19,50,10
S,38,30,799,6193
W,39,30,3,ctrl,1,300,2
W,39,30,4,ai,82,200,26
W,39,30,5,log,20,50,10
S,39,30,790,60555
W,40,30,3,ctrl,4,300,2
W,40,30,4,ai,79,200,26
W,40,30,5,log,20,50,10
S,40,30,796,14342
W,41,30,3,ctrl,5,300,2
W,41,30,4,ai,75,200,26
W,41,30,5,log,24,50,10
S,41,30,835,11354
W,42,30,3,ctrl,8,300,2
W,42,30,4,ai,72,200,26
W,42,30,5,log,19,50,10
S,42,30,803,6812
W,43,30,3,ctrl,7,300,2
W,43,30,4,ai,77,200,26
W,43,30,5,log,19,50,10
S,43,30,791,8134
W,44,30,3,ctrl,13,300,2
W,44,30,4,ai,72,200,26
W,44,30,5,log,17,50,10
S,44,30,783,4291
W,45,30,3,ctrl,3,300,2
W,45,30,4,ai,79,200,26
W,45,30,5,log,20,50,10
S,45,30,796,18793
W,46,30,3,ctrl,9,300,2
W,46,30,4,ai,75,200,26
W,46,30,5,log,19,50,10
S,46,30,796,6264
W,47,30,3,ctrl,2,300,2
W,47,30,4,ai,79,200,26
W,47,30,5,log,22,50,10
S,47,30,812,28684
W,48,30,3,ctrl,4,300,2
W,48,30,4,ai,78,200,26
W,48,30,5,log,20,50,10
S,48,30,799,13974
W,49,30,3,ctrl,10,300,2
W,49,30,4,ai,76,200,26
W,49,30,5,log,18,50,10
S,49,30,785,5677
W,50,30,3,ctrl,8,300,2
W,50,30,4,ai,78,200,26
W,50,30,5,log,18,50,10
S,50,30,780,7171
W,51,30,3,ctrl,5,300,2
W,51,30,4,ai,79,200,26
W,51,30,5,log,20,50,10
S,51,30,796,11354
W,52,30,3,ctrl,0,300,2
W,52,30,4,ai,80,200,26
W,52,30,5,log,20,50,10
S,52,30,794,9999
W,53,30,3,ctrl,8,300,2
W,53,30,4,ai,76,200,26
W,53,30,5,log,18,50,10
S,53,30,784,6987
W,54,30,3,ctrl,7,300,2
W,54,30,4,ai,76,200,26
W,54,30,5,log,19,50,10
S,54,30,794,8014
W,55,30,3,ctrl,9,300,2
W,55,30,4,ai,77,200,26
W,55,30,5,log,18,50,10
S,55,30,782,6337
W,56,30,3,ctrl,3,300,2
W,56,30,4,ai,76,200,26
W,56,30,5,log,20,50,10
S,56,30,803,18166
W,57,30,3,ctrl,5,300,2
W,57,30,4,ai,75,200,16
W,57,30,5,log,19,50,7
S,57,30,795,10900
K,-1,log,9,96513
J,-1,ctrl,1,599,0,0,0,341,763,0,7
K,-1,ai,25,353202
W,58,30,3,ctrl,1,300,1
W,58,30,4,ai,3,100,1
W,58,30,5,log,2,50,1
S,58,30,885,4012
# done
# RUN config=medium alpha=30 rep=2/5
# prev_baseline_reset ngroups=3
# schedlab win=100 total=6000 groups=3 alpha=30
W,1,30,3,ctrl,5,300,2
W,1,30,4,ai,78,200,19
W,1,30,5,log,19,50,10
S,1,30,790,11122
W,2,30,3,ctrl,13,300,2
W,2,30,4,ai,69,200,26
W,2,30,5,log,18,50,10
S,2,30,803,4192
W,3,30,3,ctrl,5,300,2
W,3,30,4,ai,79,200,26
W,3,30,5,log,19,50,10
S,3,30,787,11354
W,4,30,3,ctrl,8,300,2
W,4,30,4,ai,73,200,26
W,4,30,5,log,20,50,10
S,4,30,811,6898
W,5,30,3,ctrl,27,300,2
W,5,30,4,ai,720,200,26
W,5,30,5,log,181,50,10
S,5,30,795,18793
W,6,30,3,ctrl,5,300,2
W,6,30,4,ai,78,200,26
W,6,30,5,log,19,50,10
S,6,30,790,11122
W,7,30,3,ctrl,6,300,2
W,7,30,4,ai,77,200,26
W,7,30,5,log,19,50,10
S,7,30,792,9396
W,8,30,3,ctrl,1,300,2
W,8,30,4,ai,79,200,26
W,8,30,5,log,22,50,10
S,8,30,811,60555
W,9,30,3,ctrl,5,300,2
W,9,30,4,ai,79,200,26
W,9,30,5,log,19,50,10
S,9,30,787,11354
W,10,30,3,ctrl,4,300,2
W,10,30,4,ai,81,200,26
W,10,30,5,log,18,50,10
S,10,30,773,14342
W,11,30,3,ctrl,5,300,2
W,11,30,4,ai,75,200,26
W,11,30,5,log,20,50,10
S,11,30,806,10900
W,12,30,3,ctrl,6,300,2
W,12,30,4,ai,73,200,26
W,12,30,5,log,19,50,10
S,12,30,800,8934
W,13,30,3,ctrl,5,300,2
W,13,30,4,ai,78,200,26
W,13,30,5,log,20,50,10
S,13,30,798,11354
W,14,30,3,ctrl,10,300,2
W,14,30,4,ai,73,200,26
W,14,30,5,log,20,50,10
S,14,30,811,5618
W,15,30,3,ctrl,1,300,2
W,15,30,4,ai,80,200,26
W,15,30,5,log,20,50,10
S,15,30,794,60555
W,16,30,3,ctrl,5,300,2
W,16,30,4,ai,78,200,26
W,16,30,5,log,19,50,10
S,16,30,790,11122
W,17,30,3,ctrl,3,300,2
W,17,30,4,ai,81,200,26
W,17,30,5,log,19,50,10
S,17,30,783,18793
W,18,30,3,ctrl,6,300,2
W,18,30,4,ai,76,200,26
W,18,30,5,log,16,50,10
S,18,30,764,8934
W,19,30,3,ctrl,1,300,2
W,19,30,4,ai,79,200,26
W,19,30,5,log,23,50,10
S,19,30,819,60555
W,20,30,3,ctrl,2,300,2
W,20,30,4,ai,81,200,26
W,20,30,5,log,20,50,10
S,20,30,792,28684
W,21,30,3,ctrl,3,300,2
W,21,30,4,ai,77,200,26
W,21,30,5,log,20,50,10
S,21,30,801,18166
W,22,30,3,ctrl,3,300,2
W,22,30,4,ai,76,200,26
W,22,30,5,log,19,50,10
S,22,30,793,18166
W,23,30,3,ctrl,11,300,2
W,23,30,4,ai,75,200,26
W,23,30,5,log,17,50,10
S,23,30,776,5141
W,24,30,3,ctrl,3,300,2
W,24,30,4,ai,80,200,26
W,24,30,5,log,19,50,10
S,24,30,785,18793
W,25,30,3,ctrl,3,300,2
W,25,30,4,ai,77,200,26
W,25,30,5,log,20,50,10
S,25,30,801,18166
W,26,30,3,ctrl,4,300,2
W,26,30,4,ai,79,200,26
W,26,30,5,log,20,50,10
S,26,30,796,14342
W,27,30,3,ctrl,11,300,2
W,27,30,4,ai,68,200,26
W,27,30,5,log,18,50,10
S,27,30,804,4823
W,28,30,3,ctrl,4,300,2
W,28,30,4,ai,76,200,26
W,28,30,5,log,19,50,10
S,28,30,793,13625
W,29,30,3,ctrl,1,300,2
W,29,30,4,ai,83,200,26
W,29,30,5,log,18,50,10
S,29,30,770,60555
W,30,30,3,ctrl,2,300,2
W,30,30,4,ai,78,200,26
W,30,30,5,log,22,50,10
S,30,30,814,28684
W,31,30,3,ctrl,7,300,2
W,31,30,4,ai,78,200,26
W,31,30,5,log,17,50,10
S,31,30,769,8014
W,32,30,3,ctrl,5,300,2
W,32,30,4,ai,78,200,26
W,32,30,5,log,19,50,10
S,32,30,790,11122
W,33,30,3,ctrl,1,300,2
W,33,30,4,ai,82,200,26
W,33,30,5,log,19,50,10
S,33,30,781,60555
W,34,30,3,ctrl,8,300,2
W,34,30,4,ai,75,200,26
W,34,30,5,log,18,50,10
S,34,30,787,6898
W,35,30,3,ctrl,4,300,2
W,35,30,4,ai,83,200,26
W,35,30,5,log,17,50,10
S,35,30,760,14342
W,36,30,3,ctrl,13,300,2
W,36,30,4,ai,71,200,26
W,36,30,5,log,20,50,10
S,36,30,817,4360
W,37,30,3,ctrl,11,300,2
W,37,30,4,ai,69,200,26
W,37,30,5,log,20,50,10
S,37,30,822,4954
W,38,30,3,ctrl,0,300,2
W,38,30,4,ai,83,200,26
W,38,30,5,log,20,50,10
S,38,30,788,9999
W,39,30,3,ctrl,3,300,2
W,39,30,4,ai,77,200,26
W,39,30,5,log,20,50,10
S,39,30,801,18166
W,40,30,3,ctrl,13,300,2
W,40,30,4,ai,70,200,26
W,40,30,5,log,18,50,10
S,40,30,799,4257
W,41,30,3,ctrl,9,300,2
W,41,30,4,ai,77,200,26
W,41,30,5,log,17,50,10
S,41,30,772,6264
W,42,30,3,ctrl,6,300,2
W,42,30,4,ai,77,200,26
W,42,30,5,log,20,50,10
S,42,30,801,9396
W,43,30,3,ctrl,8,300,2
W,43,30,4,ai,74,200,26
W,43,30,5,log,19,50,10
S,43,30,799,6898
W,44,30,3,ctrl,15,300,2
W,44,30,4,ai,66,200,26
W,44,30,5,log,20,50,10
S,44,30,831,3682
W,45,30,3,ctrl,5,300,2
W,45,30,4,ai,81,200,26
W,45,30,5,log,17,50,10
S,45,30,764,11354
W,46,30,3,ctrl,1,300,2
W,46,30,4,ai,80,200,26
W,46,30,5,log,19,50,10
S,46,30,786,54500
W,47,30,3,ctrl,6,300,2
W,47,30,4,ai,77,200,26
W,47,30,5,log,17,50,10
S,47,30,773,9083
W,48,30,3,ctrl,4,300,2
W,48,30,4,ai,77,200,26
W,48,30,5,log,21,50,10
S,48,30,808,13974
K,-1,ai,25,356919
W,49,30,3,ctrl,6,300,2
W,49,30,4,ai,75,100,1
W,49,30,5,log,15,50,2
S,49,30,716,10741
K,-1,log,9,86323
J,-1,ctrl,1,599,0,0,0,346,850,0,7
W,50,30,3,ctrl,3,300,1
W,50,30,4,ai,0,100,1
W,50,30,5,log,1,50,1
S,50,30,872,9999
# done
# RUN config=medium alpha=30 rep=3/5
# prev_baseline_reset ngroups=3
# schedlab win=100 total=6000 groups=3 alpha=30
W,1,30,3,ctrl,13,300,2
W,1,30,4,ai,73,200,16
W,1,30,5,log,16,50,10
S,1,30,768,4291
W,2,30,3,ctrl,10,300,2
W,2,30,4,ai,72,200,22
W,2,30,5,log,19,50,10
S,2,30,804,5505
W,3,30,3,ctrl,8,300,2
W,3,30,4,ai,75,200,26
W,3,30,5,log,20,50,10
S,3,30,806,7077
W,4,30,3,ctrl,4,300,2
W,4,30,4,ai,78,200,26
W,4,30,5,log,21,50,10
S,4,30,806,14342
W,5,30,3,ctrl,4,300,2
W,5,30,4,ai,77,200,26
W,5,30,5,log,19,50,10
S,5,30,792,13625
W,6,30,3,ctrl,5,300,2
W,6,30,4,ai,76,200,26
W,6,30,5,log,19,50,10
S,6,30,794,10900
W,7,30,3,ctrl,3,300,2
W,7,30,4,ai,76,200,26
W,7,30,5,log,20,50,10
S,7,30,803,18166
W,8,30,3,ctrl,4,300,2
W,8,30,4,ai,76,200,26
W,8,30,5,log,20,50,10
S,8,30,803,13625
W,9,30,3,ctrl,3,300,2
W,9,30,4,ai,81,200,26
W,9,30,5,log,19,50,10
S,9,30,783,18793
W,10,30,3,ctrl,5,300,2
W,10,30,4,ai,75,200,26
W,10,30,5,log,20,50,10
S,10,30,806,10900
W,11,30,3,ctrl,10,300,2
W,11,30,4,ai,70,200,26
W,11,30,5,log,20,50,10
S,11,30,819,5450
W,12,30,3,ctrl,4,300,2
W,12,30,4,ai,82,200,26
W,12,30,5,log,17,50,10
S,12,30,762,14342
W,13,30,3,ctrl,9,300,2
W,13,30,4,ai,74,200,26
W,13,30,5,log,16,50,10
S,13,30,767,6055
W,14,30,3,ctrl,7,300,2
W,14,30,4,ai,76,200,26
W,14,30,5,log,20,50,10
S,14,30,803,8134
W,15,30,3,ctrl,5,300,2
W,15,30,4,ai,78,200,26
W,15,30,5,log,20,50,10
S,15,30,798,11354
W,16,30,3,ctrl,3,300,2
W,16,30,4,ai,78,200,26
W,16,30,5,log,19,50,10
S,16,30,790,18166
W,17,30,3,ctrl,3,300,2
W,17,30,4,ai,77,200,26
W,17,30,5,log,20,50,10
S,17,30,801,18166
W,18,30,3,ctrl,7,300,2
W,18,30,4,ai,74,200,26
W,18,30,5,log,21,50,10
S,18,30,815,8014
W,19,30,3,ctrl,5,300,2
W,19,30,4,ai,77,200,26
W,19,30,5,log,18,50,10
S,19,30,783,10900
W,20,30,3,ctrl,7,300,2
W,20,30,4,ai,76,200,26
W,20,30,5,log,20,50,10
S,20,30,803,8134
W,21,30,3,ctrl,0,300,2
W,21,30,4,ai,83,200,26
W,21,30,5,log,20,50,10
S,21,30,788,9999
W,22,30,3,ctrl,6,300,2
W,22,30,4,ai,78,200,26
W,22,30,5,log,19,50,10
S,22,30,789,9396
W,23,30,3,ctrl,5,300,2
W,23,30,4,ai,77,200,26
W,23,30,5,log,20,50,10
S,23,30,801,11122
W,24,30,3,ctrl,8,300,2
W,24,30,4,ai,73,200,26
W,24,30,5,log,22,50,10
S,24,30,826,7077
W,25,30,3,ctrl,2,300,2
W,25,30,4,ai,81,200,26
W,25,30,5,log,20,50,10
S,25,30,792,28684
W,26,30,3,ctrl,6,300,2
W,26,30,4,ai,74,200,26
W,26,30,5,log,19,50,10
S,26,30,798,9083
W,27,30,3,ctrl,6,300,2
W,27,30,4,ai,79,200,26
W,27,30,5,log,17,50,10
S,27,30,767,9396
W,28,30,3,ctrl,1,300,2
W,28,30,4,ai,82,200,26
W,28,30,5,log,20,50,10
S,28,30,790,60555
W,29,30,3,ctrl,4,300,2
W,29,30,4,ai,76,200,26
W,29,30,5,log,18,50,10
S,29,30,784,13625
W,30,30,3,ctrl,4,300,2
W,30,30,4,ai,75,200,26
W,30,30,5,log,22,50,10
S,30,30,821,13974
W,31,30,3,ctrl,10,300,2
W,31,30,4,ai,72,200,26
W,31,30,5,log,18,50,10
S,31,30,795,5450
W,32,30,3,ctrl,8,300,2
W,32,30,4,ai,74,200,26
W,32,30,5,log,19,50,10
S,32,30,799,6898
W,33,30,3,ctrl,1,300,2
W,33,30,4,ai,80,200,26
W,33,30,5,log,19,50,10
S,33,30,786,54500
W,34,30,3,ctrl,7,300,2
W,34,30,4,ai,77,200,26
W,34,30,5,log,20,50,10
S,34,30,801,8134
W,35,30,3,ctrl,7,300,2
W,35,30,4,ai,75,200,26
W,35,30,5,log,19,50,10
S,35,30,797,7898
W,36,30,3,ctrl,6,300,2
W,36,30,4,ai,77,200,26
W,36,30,5,log,17,50,10
S,36,30,773,9083
W,37,30,3,ctrl,7,300,2
W,37,30,4,ai,80,200,26
W,37,30,5,log,17,50,10
S,37,30,765,8134
W,38,30,3,ctrl,8,300,2
W,38,30,4,ai,76,200,26
W,38,30,5,log,18,50,10
S,38,30,784,6987
W,39,30,3,ctrl,4,300,2
W,39,30,4,ai,81,200,26
W,39,30,5,log,19,50,10
S,39,30,782,14342
W,40,30,3,ctrl,7,300,2
W,40,30,4,ai,76,200,26
W,40,30,5,log,19,50,10
S,40,30,794,8014
W,41,30,3,ctrl,10,300,2
W,41,30,4,ai,74,200,26
W,41,30,5,log,18,50,10
S,41,30,789,5561
W,42,30,3,ctrl,10,300,2
W,42,30,4,ai,73,200,26
W,42,30,5,log,15,50,10
S,42,30,759,5343
W,43,30,3,ctrl,9,300,2
W,43,30,4,ai,75,200,26
W,43,30,5,log,18,50,10
S,43,30,786,6193
W,44,30,3,ctrl,3,300,2
W,44,30,4,ai,77,200,26
W,44,30,5,log,20,50,10
S,44,30,801,18166
W,45,30,3,ctrl,9,300,2
W,45,30,4,ai,71,200,26
W,45,30,5,log,19,50,10
S,45,30,805,6055
W,46,30,3,ctrl,1,300,2
W,46,30,4,ai,79,200,26
W,46,30,5,log,20,50,10
S,46,30,796,54500
W,47,30,3,ctrl,4,300,2
W,47,30,4,ai,79,200,26
W,47,30,5,log,20,50,10
S,47,30,796,14342
W,48,30,3,ctrl,6,300,2
W,48,30,4,ai,76,200,26
W,48,30,5,log,19,50,10
S,48,30,794,9237
W,49,30,3,ctrl,4,300,2
W,49,30,4,ai,78,200,26
W,49,30,5,log,18,50,10
S,49,30,781,13625
W,50,30,3,ctrl,12,300,2
W,50,30,4,ai,75,200,26
W,50,30,5,log,17,50,10
S,50,30,776,4739
W,51,30,3,ctrl,7,300,2
W,51,30,4,ai,75,200,26
W,51,30,5,log,18,50,10
S,51,30,787,7785
W,52,30,3,ctrl,5,300,2
W,52,30,4,ai,78,200,26
W,52,30,5,log,20,50,10
S,52,30,798,11354
W,53,30,3,ctrl,4,300,2
W,53,30,4,ai,80,200,26
W,53,30,5,log,19,50,10
S,53,30,785,14342
W,54,30,3,ctrl,6,300,2
W,54,30,4,ai,79,200,26
W,54,30,5,log,18,50,10
S,54,30,777,9396
W,55,30,3,ctrl,4,300,2
W,55,30,4,ai,79,200,26
W,55,30,5,log,19,50,10
S,55,30,787,13974
W,56,30,3,ctrl,8,300,2
W,56,30,4,ai,75,200,26
W,56,30,5,log,20,50,10
S,56,30,806,7077
W,57,30,3,ctrl,9,300,2
W,57,30,4,ai,74,200,26
W,57,30,5,log,21,50,10
S,57,30,816,6337
K,-1,ai,25,331496
J,-1,ctrl,1,600,1,2,2,1574,4752,0,12
K,-1,log,9,79790
W,58,30,3,ctrl,5,300,1
W,58,30,4,ai,28,100,1
W,58,30,5,log,9,50,1
S,58,30,786,5596
W,59,30,3,ctrl,0,300,1
W,59,30,4,ai,0,100,1
W,59,30,5,log,0,50,1
S,59,30,658,9999
# done
# RUN config=medium alpha=30 rep=4/5
# prev_baseline_reset ngroups=3
# schedlab win=100 total=6000 groups=3 alpha=30
W,1,30,3,ctrl,6,300,2
W,1,30,4,ai,75,200,18
W,1,30,5,log,19,50,10
S,1,30,797,9083
W,2,30,3,ctrl,10,300,2
W,2,30,4,ai,66,200,26
W,2,30,5,log,25,50,10
S,2,30,863,5505
W,3,30,3,ctrl,3,300,2
W,3,30,4,ai,82,200,26
W,3,30,5,log,18,50,10
S,3,30,771,18793
W,4,30,3,ctrl,4,300,2
W,4,30,4,ai,78,200,26
W,4,30,5,log,20,50,10
S,4,30,799,13974
W,5,30,3,ctrl,8,300,2
W,5,30,4,ai,76,200,26
W,5,30,5,log,19,50,10
S,5,30,794,7077
W,6,30,3,ctrl,12,300,2
W,6,30,4,ai,72,200,26
W,6,30,5,log,18,50,10
S,6,30,794,4658
W,7,30,3,ctrl,2,300,2
W,7,30,4,ai,78,200,26
W,7,30,5,log,19,50,10
S,7,30,789,27250
W,8,30,3,ctrl,1,300,2
W,8,30,4,ai,80,200,26
W,8,30,5,log,19,50,10
S,8,30,786,54500
W,9,30,3,ctrl,3,300,2
W,9,30,4,ai,78,200,26
W,9,30,5,log,19,50,10
S,9,30,790,18166
W,10,30,3,ctrl,1,300,2
W,10,30,4,ai,80,200,26
W,10,30,5,log,19,50,10
S,10,30,786,54500
W,11,30,3,ctrl,6,300,2
W,11,30,4,ai,73,200,26
W,11,30,5,log,19,50,10
S,11,30,800,8934
W,12,30,3,ctrl,3,300,2
W,12,30,4,ai,77,200,26
W,12,30,5,log,23,50,10
S,12,30,824,18793
W,13,30,3,ctrl,9,300,2
W,13,30,4,ai,73,200,26
W,13,30,5,log,19,50,10
S,13,30,802,6123
W,14,30,3,ctrl,3,300,2
W,14,30,4,ai,78,200,26
W,14,30,5,log,20,50,10
S,14,30,798,18793
W,15,30,3,ctrl,2,300,2
W,15,30,4,ai,82,200,26
W,15,30,5,log,20,50,10
S,15,30,790,28684
W,16,30,3,ctrl,5,300,2
W,16,30,4,ai,80,200,26
W,16,30,5,log,18,50,10
S,16,30,775,11354
W,17,30,3,ctrl,9,300,2
W,17,30,4,ai,73,200,26
W,17,30,5,log,19,50,10
S,17,30,802,6123
W,18,30,3,ctrl,8,300,2
W,18,30,4,ai,73,200,26
W,18,30,5,log,19,50,10
S,18,30,802,6812
W,19,30,3,ctrl,0,300,2
W,19,30,4,ai,84,200,26
W,19,30,5,log,20,50,10
S,19,30,786,9999
W,20,30,3,ctrl,5,300,2
W,20,30,4,ai,77,200,26
W,20,30,5,log,22,50,10
S,20,30,817,11354
W,21,30,3,ctrl,6,300,2
W,21,30,4,ai,75,200,26
W,21,30,5,log,19,50,10
S,21,30,797,9083
W,22,30,3,ctrl,4,300,2
W,22,30,4,ai,75,200,26
W,22,30,5,log,20,50,10
S,22,30,805,13625
W,23,30,3,ctrl,4,300,2
W,23,30,4,ai,77,200,26
W,23,30,5,log,19,50,10
S,23,30,792,13625
W,24,30,3,ctrl,3,300,2
W,24,30,4,ai,76,200,26
W,24,30,5,log,20,50,10
S,24,30,803,18166
W,25,30,3,ctrl,10,300,2
W,25,30,4,ai,77,200,26
W,25,30,5,log,17,50,10
S,25,30,771,5677
W,26,30,3,ctrl,8,300,2
W,26,30,4,ai,74,200,26
W,26,30,5,log,20,50,10
S,26,30,808,6987
W,27,30,3,ctrl,4,300,2
W,27,30,4,ai,76,200,26
W,27,30,5,log,19,50,10
S,27,30,793,13625
W,28,30,3,ctrl,1,300,2
W,28,30,4,ai,81,200,26
W,28,30,5,log,20,50,10
S,28,30,792,60555
W,29,30,3,ctrl,6,300,2
W,29,30,4,ai,80,200,26
W,29,30,5,log,18,50,10
S,29,30,776,9561
W,30,30,3,ctrl,7,300,2
W,30,30,4,ai,76,200,26
W,30,30,5,log,19,50,10
S,30,30,794,8014
W,31,30,3,ctrl,2,300,2
W,31,30,4,ai,81,200,26
W,31,30,5,log,20,50,10
S,31,30,792,28684
W,32,30,3,ctrl,9,300,2
W,32,30,4,ai,75,200,26
W,32,30,5,log,19,50,10
S,32,30,796,6264
W,33,30,3,ctrl,2,300,2
W,33,30,4,ai,83,200,26
W,33,30,5,log,19,50,10
S,33,30,779,28684
W,34,30,3,ctrl,7,300,2
W,34,30,4,ai,74,200,26
W,34,30,5,log,19,50,10
S,34,30,799,7785
W,35,30,3,ctrl,4,300,2
W,35,30,4,ai,81,200,26
W,35,30,5,log,19,50,10
S,35,30,782,14342
W,36,30,3,ctrl,5,300,2
W,36,30,4,ai,75,200,26
W,36,30,5,log,20,50,10
S,36,30,806,10900
W,37,30,3,ctrl,0,300,2
W,37,30,4,ai,80,200,26
W,37,30,5,log,24,50,10
S,37,30,824,9999
W,38,30,3,ctrl,8,300,2
W,38,30,4,ai,76,200,26
W,38,30,5,log,18,50,10
S,38,30,784,6987
W,39,30,3,ctrl,4,300,2
W,39,30,4,ai,76,200,26
W,39,30,5,log,20,50,10
S,39,30,803,13625
W,40,30,3,ctrl,9,300,2
W,40,30,4,ai,74,200,26
W,40,30,5,log,17,50,10
S,40,30,779,6055
W,41,30,3,ctrl,5,300,2
W,41,30,4,ai,81,200,26
W,41,30,5,log,16,50,10
S,41,30,753,11122
W,42,30,3,ctrl,16,300,2
W,42,30,4,ai,69,200,26
W,42,30,5,log,19,50,10
S,42,30,812,3562
W,43,30,3,ctrl,3,300,2
W,43,30,4,ai,82,200,26
W,43,30,5,log,19,50,10
S,43,30,780,19464
W,44,30,3,ctrl,9,300,2
W,44,30,4,ai,71,200,26
W,44,30,5,log,21,50,10
S,44,30,823,6123
W,45,30,3,ctrl,0,300,2
W,45,30,4,ai,83,200,26
W,45,30,5,log,20,50,10
S,45,30,788,9999
W,46,30,3,ctrl,3,300,2
W,46,30,4,ai,81,200,26
W,46,30,5,log,20,50,10
S,46,30,792,19464
W,47,30,3,ctrl,3,300,2
W,47,30,4,ai,80,200,26
W,47,30,5,log,19,50,10
S,47,30,785,18793
W,48,30,3,ctrl,12,300,2
W,48,30,4,ai,71,200,26
W,48,30,5,log,19,50,10
S,48,30,807,4658
W,49,30,3,ctrl,2,300,2
W,49,30,4,ai,81,200,26
W,49,30,5,log,20,50,10
S,49,30,792,28684
W,50,30,3,ctrl,3,300,2
W,50,30,4,ai,79,200,26
W,50,30,5,log,21,50,10
S,50,30,804,18793
W,51,30,3,ctrl,12,300,2
W,51,30,4,ai,69,200,26
W,51,30,5,log,17,50,10
S,51,30,791,4467
W,52,30,3,ctrl,26,300,2
W,52,30,4,ai,58,200,26
W,52,30,5,log,14,50,10
S,52,30,785,2056
W,53,30,3,ctrl,13,300,2
W,53,30,4,ai,70,200,26
W,53,30,5,log,18,50,10
S,53,30,799,4257
W,54,30,3,ctrl,3,300,2
W,54,30,4,ai,81,200,26
W,54,30,5,log,19,50,10
S,54,30,783,18793
W,55,30,3,ctrl,5,300,2
W,55,30,4,ai,74,200,26
W,55,30,5,log,20,50,10
S,55,30,808,10900
W,56,30,3,ctrl,4,300,2
W,56,30,4,ai,76,200,26
W,56,30,5,log,20,50,10
S,56,30,803,13625
W,57,30,3,ctrl,12,300,2
W,57,30,4,ai,70,200,26
W,57,30,5,log,18,50,10
S,57,30,800,4541
J,-1,ctrl,1,599,0,0,0,1556,4600,0,7
K,-1,log,9,86314
K,-1,ai,25,334709
W,58,30,3,ctrl,2,300,1
W,58,30,4,ai,13,100,1
W,58,30,5,log,3,50,1
S,58,30,732,6000
# done
# RUN config=medium alpha=30 rep=5/5
# prev_baseline_reset ngroups=3
# schedlab win=100 total=6000 groups=3 alpha=30
W,1,30,3,ctrl,6,300,2
W,1,30,4,ai,78,200,23
W,1,30,5,log,19,50,10
S,1,30,789,9396
W,2,30,3,ctrl,4,300,2
W,2,30,4,ai,77,200,26
W,2,30,5,log,23,50,10
S,2,30,824,14342
W,3,30,3,ctrl,3,300,2
W,3,30,4,ai,77,200,26
W,3,30,5,log,19,50,10
S,3,30,791,18166
W,4,30,3,ctrl,1,300,2
W,4,30,4,ai,79,200,26
W,4,30,5,log,20,50,10
S,4,30,796,54500
W,5,30,3,ctrl,10,300,2
W,5,30,4,ai,73,200,26
W,5,30,5,log,16,50,10
S,5,30,770,5396
W,6,30,3,ctrl,7,300,2
W,6,30,4,ai,78,200,26
W,6,30,5,log,18,50,10
S,6,30,779,8134
W,7,30,3,ctrl,4,300,2
W,7,30,4,ai,81,200,26
W,7,30,5,log,18,50,10
S,7,30,773,14342
W,8,30,3,ctrl,5,300,2
W,8,30,4,ai,82,200,26
W,8,30,5,log,16,50,10
S,8,30,752,11354
W,9,30,3,ctrl,5,300,2
W,9,30,4,ai,77,200,26
W,9,30,5,log,17,50,10
S,9,30,772,10900
W,10,30,3,ctrl,4,300,2
W,10,30,4,ai,76,200,26
W,10,30,5,log,23,50,10
S,10,30,826,14342
W,11,30,3,ctrl,8,300,2
W,11,30,4,ai,77,200,26
W,11,30,5,log,18,50,10
S,11,30,781,7077
W,12,30,3,ctrl,7,300,2
W,12,30,4,ai,73,200,26
W,12,30,5,log,20,50,10
S,12,30,811,7785
W,13,30,3,ctrl,6,300,2
W,13,30,4,ai,78,200,26
W,13,30,5,log,17,50,10
S,13,30,770,9237
W,14,30,3,ctrl,11,300,2
W,14,30,4,ai,72,200,26
W,14,30,5,log,19,50,10
S,14,30,804,5093
W,15,30,3,ctrl,8,300,2
W,15,30,4,ai,74,200,26
W,15,30,5,log,20,50,10
S,15,30,808,6987
W,16,30,3,ctrl,11,300,2
W,16,30,4,ai,73,200,26
W,16,30,5,log,19,50,10
S,16,30,801,5141
W,17,30,3,ctrl,8,300,2
W,17,30,4,ai,74,200,26
W,17,30,5,log,19,50,10
S,17,30,799,6898
W,18,30,3,ctrl,11,300,2
W,18,30,4,ai,71,200,26
W,18,30,5,log,21,50,10
S,18,30,824,5141
W,19,30,3,ctrl,11,300,2
W,19,30,4,ai,77,200,26
W,19,30,5,log,16,50,10
S,19,30,759,5190
W,20,30,3,ctrl,8,300,2
W,20,30,4,ai,74,200,26
W,20,30,5,log,20,50,10
S,20,30,808,6987
W,21,30,3,ctrl,4,300,2
W,21,30,4,ai,76,200,26
W,21,30,5,log,20,50,10
S,21,30,803,13625
W,22,30,3,ctrl,5,300,2
W,22,30,4,ai,76,200,26
W,22,30,5,log,19,50,10
S,22,30,794,10900
W,23,30,3,ctrl,5,300,2
W,23,30,4,ai,75,200,26
W,23,30,5,log,19,50,10
S,23,30,795,10900
W,24,30,3,ctrl,6,300,2
W,24,30,4,ai,78,200,26
W,24,30,5,log,18,50,10
S,24,30,780,9396
W,25,30,3,ctrl,2,300,2
W,25,30,4,ai,81,200,26
W,25,30,5,log,20,50,10
S,25,30,792,28684
W,26,30,3,ctrl,8,300,2
W,26,30,4,ai,76,200,26
W,26,30,5,log,20,50,10
S,26,30,803,7171
W,27,30,3,ctrl,6,300,2
W,27,30,4,ai,75,200,26
W,27,30,5,log,22,50,10
S,27,30,821,9396
W,28,30,3,ctrl,5,300,2
W,28,30,4,ai,75,200,26
W,28,30,5,log,20,50,10
S,28,30,806,10900
W,29,30,3,ctrl,4,300,2
W,29,30,4,ai,76,200,26
W,29,30,5,log,20,50,10
S,29,30,803,13625
W,30,30,3,ctrl,0,300,2
W,30,30,4,ai,82,200,26
W,30,30,5,log,20,50,10
S,30,30,790,9999
W,31,30,3,ctrl,4,300,2
W,31,30,4,ai,76,200,26
W,31,30,5,log,20,50,10
S,31,30,803,13625
W,32,30,3,ctrl,7,300,2
W,32,30,4,ai,77,200,26
W,32,30,5,log,19,50,10
S,32,30,791,8134
W,33,30,3,ctrl,5,300,2
W,33,30,4,ai,76,200,26
W,33,30,5,log,17,50,10
S,33,30,775,10686
W,34,30,3,ctrl,3,300,2
W,34,30,4,ai,79,200,26
W,34,30,5,log,20,50,10
S,34,30,796,18793
W,35,30,3,ctrl,7,300,2
W,35,30,4,ai,71,200,26
W,35,30,5,log,20,50,10
S,35,30,815,7676
W,36,30,3,ctrl,4,300,2
W,36,30,4,ai,79,200,26
W,36,30,5,log,20,50,10
S,36,30,796,14342
W,37,30,3,ctrl,3,300,2
W,37,30,4,ai,77,200,26
W,37,30,5,log,20,50,10
S,37,30,801,18166
W,38,30,3,ctrl,7,300,2
W,38,30,4,ai,76,200,26
W,38,30,5,log,20,50,10
S,38,30,803,8134
W,39,30,3,ctrl,6,300,2
W,39,30,4,ai,79,200,26
W,39,30,5,log,19,50,10
S,39,30,787,9561
W,40,30,3,ctrl,13,300,2
W,40,30,4,ai,67,200,26
W,40,30,5,log,20,50,10
S,40,30,828,4192
W,41,30,3,ctrl,11,300,2
W,41,30,4,ai,74,200,26
W,41,30,5,log,17,50,10
S,41,30,778,5093
W,42,30,3,ctrl,5,300,2
W,42,30,4,ai,79,200,26
W,42,30,5,log,19,50,10
S,42,30,787,11354
W,43,30,3,ctrl,10,300,2
W,43,30,4,ai,75,200,26
W,43,30,5,log,17,50,10
S,43,30,776,5561
W,44,30,3,ctrl,10,300,2
W,44,30,4,ai,72,200,26
W,44,30,5,log,18,50,10
S,44,30,795,5450
W,45,30,3,ctrl,4,300,2
W,45,30,4,ai,76,200,26
W,45,30,5,log,22,50,10
S,45,30,819,13974
W,46,30,3,ctrl,7,300,2
W,46,30,4,ai,76,200,26
W,46,30,5,log,20,50,10
S,46,30,803,8134
W,47,30,3,ctrl,10,300,2
W,47,30,4,ai,76,200,26
W,47,30,5,log,18,50,10
S,47,30,785,5677
W,48,30,3,ctrl,8,300,2
W,48,30,4,ai,75,200,26
W,48,30,5,log,19,50,10
S,48,30,796,6987
W,49,30,3,ctrl,9,300,2
W,49,30,4,ai,75,200,26
W,49,30,5,log,17,50,10
S,49,30,776,6123
W,50,30,3,ctrl,11,300,2
W,50,30,4,ai,72,200,26
W,50,30,5,log,16,50,10
S,50,30,772,4909
W,51,30,3,ctrl,1,300,2
W,51,30,4,ai,79,200,26
W,51,30,5,log,20,50,10
S,51,30,796,54500
W,52,30,3,ctrl,5,300,2
W,52,30,4,ai,76,200,26
W,52,30,5,log,23,50,10
S,52,30,827,11354
W,53,30,3,ctrl,8,300,2
W,53,30,4,ai,76,200,26
W,53,30,5,log,19,50,10
S,53,30,794,7077
W,54,30,3,ctrl,7,300,2
W,54,30,4,ai,76,200,26
W,54,30,5,log,19,50,10
S,54,30,794,8014
W,55,30,3,ctrl,3,300,2
W,55,30,4,ai,81,200,26
W,55,30,5,log,20,50,10
S,55,30,792,19464
W,56,30,3,ctrl,12,300,2
W,56,30,4,ai,72,200,26
W,56,30,5,log,16,50,10
S,56,30,773,4541
W,57,30,3,ctrl,2,300,2
W,57,30,4,ai,76,200,26
W,57,30,5,log,20,50,10
S,57,30,803,27250
J,-1,ctrl,1,600,0,0,0,409,951,0,8
K,-1,log,9,83963
K,-1,ai,25,329423
W,58,30,3,ctrl,1,300,1
W,58,30,4,ai,13,100,1
W,58,30,5,log,6,50,1
S,58,30,846,13320
# done
# WARMUP config=medium alpha=40
# prev_baseline_reset ngroups=3
# schedlab win=100 total=6000 groups=3 alpha=40
W,1,40,3,ctrl,5,300,2
W,1,40,4,ai,73,300,26
W,1,40,5,log,25,100,10
S,1,40,827,8916
W,2,40,3,ctrl,5,300,2
W,2,40,4,ai,70,300,26
W,2,40,5,log,24,100,10
S,2,40,827,8560
W,3,40,3,ctrl,1,300,2
W,3,40,4,ai,74,300,26
W,3,40,5,log,29,100,10
S,3,40,853,47555
W,4,40,3,ctrl,4,300,2
W,4,40,4,ai,74,300,26
W,4,40,5,log,25,100,10
S,4,40,823,11263
W,5,40,3,ctrl,2,300,2
W,5,40,4,ai,75,300,26
W,5,40,5,log,25,100,10
S,5,40,821,22526
W,6,40,3,ctrl,13,300,2
W,6,40,4,ai,62,300,26
W,6,40,5,log,25,100,10
S,6,40,867,3292
W,7,40,3,ctrl,5,300,2
W,7,40,4,ai,70,300,26
W,7,40,5,log,25,100,10
S,7,40,838,8560
W,8,40,3,ctrl,5,300,2
W,8,40,4,ai,75,300,26
W,8,40,5,log,21,100,10
S,8,40,777,8734
W,9,40,3,ctrl,1,300,2
W,9,40,4,ai,74,300,26
W,9,40,5,log,28,100,10
S,9,40,847,47555
W,10,40,3,ctrl,6,300,2
W,10,40,4,ai,76,300,26
W,10,40,5,log,21,100,10
S,10,40,773,7379
W,11,40,3,ctrl,10,300,2
W,11,40,4,ai,72,300,26
W,11,40,5,log,21,100,10
S,11,40,784,4412
W,12,40,3,ctrl,8,300,2
W,12,40,4,ai,76,300,26
W,12,40,5,log,19,100,10
S,12,40,745,5558
W,13,40,3,ctrl,2,300,2
W,13,40,4,ai,74,300,26
W,13,40,5,log,28,100,10
S,13,40,848,22526
W,14,40,3,ctrl,4,300,2
W,14,40,4,ai,76,300,26
W,14,40,5,log,23,100,10
S,14,40,797,11263
W,15,40,3,ctrl,5,300,2
W,15,40,4,ai,76,300,26
W,15,40,5,log,23,100,10
S,15,40,798,8916
W,16,40,3,ctrl,3,300,2
W,16,40,4,ai,78,300,26
W,16,40,5,log,23,100,10
S,16,40,792,15285
W,17,40,3,ctrl,3,300,2
W,17,40,4,ai,74,300,26
W,17,40,5,log,27,100,10
S,17,40,840,15285
W,18,40,3,ctrl,8,300,2
W,18,40,4,ai,74,300,26
W,18,40,5,log,21,100,10
S,18,40,778,5558
W,19,40,3,ctrl,9,300,2
W,19,40,4,ai,72,300,26
W,19,40,5,log,22,100,10
S,19,40,798,4919
W,20,40,3,ctrl,7,300,2
W,20,40,4,ai,76,300,26
W,20,40,5,log,19,100,10
S,20,40,746,6294
W,21,40,3,ctrl,6,300,2
W,21,40,4,ai,74,300,26
W,21,40,5,log,24,100,10
S,21,40,813,7508
W,22,40,3,ctrl,2,300,2
W,22,40,4,ai,76,300,26
W,22,40,5,log,25,100,10
S,22,40,817,22526
W,23,40,3,ctrl,3,300,2
W,23,40,4,ai,75,300,26
W,23,40,5,log,24,100,10
S,23,40,811,14758
W,24,40,3,ctrl,8,300,2
W,24,40,4,ai,74,300,26
W,24,40,5,log,20,100,10
S,24,40,766,5487
W,25,40,3,ctrl,2,300,2
W,25,40,4,ai,75,300,26
W,25,40,5,log,25,100,10
S,25,40,821,22526
W,26,40,3,ctrl,4,300,2
W,26,40,4,ai,76,300,26
W,26,40,5,log,23,100,10
S,26,40,797,11263
W,27,40,3,ctrl,9,300,2
W,27,40,4,ai,69,300,26
W,27,40,5,log,21,100,10
S,27,40,797,4755
W,28,40,3,ctrl,3,300,2
W,28,40,4,ai,76,300,26
W,28,40,5,log,22,100,10
S,28,40,786,14758
W,29,40,3,ctrl,7,300,2
W,29,40,4,ai,73,300,26
W,29,40,5,log,21,100,10
S,29,40,782,6202
W,30,40,3,ctrl,6,300,2
W,30,40,4,ai,74,300,26
W,30,40,5,log,24,100,10
S,30,40,813,7508
W,31,40,3,ctrl,6,300,2
W,31,40,4,ai,69,300,26
W,31,40,5,log,25,100,10
S,31,40,841,7133
W,32,40,3,ctrl,5,300,2
W,32,40,4,ai,76,300,26
W,32,40,5,log,23,100,10
S,32,40,798,8916
W,33,40,3,ctrl,8,300,2
W,33,40,4,ai,69,300,26
W,33,40,5,log,25,100,10
S,33,40,841,5487
W,34,40,3,ctrl,2,300,2
W,34,40,4,ai,73,300,26
W,34,40,5,log,25,100,10
S,34,40,828,21400
W,35,40,3,ctrl,1,300,2
W,35,40,4,ai,74,300,26
W,35,40,5,log,25,100,10
S,35,40,825,42800
W,36,40,3,ctrl,6,300,2
W,36,40,4,ai,68,300,26
W,36,40,5,log,25,100,10
S,36,40,843,7133
W,37,40,3,ctrl,1,300,2
W,37,40,4,ai,77,300,26
W,37,40,5,log,25,100,10
S,37,40,814,47555
W,38,40,3,ctrl,8,300,2
W,38,40,4,ai,68,300,26
W,38,40,5,log,25,100,10
S,38,40,844,5417
W,39,40,3,ctrl,3,300,2
W,39,40,4,ai,77,300,26
W,39,40,5,log,23,100,10
S,39,40,795,14758
W,40,40,3,ctrl,7,300,2
W,40,40,4,ai,72,300,26
W,40,40,5,log,23,100,10
S,40,40,810,6294
W,41,40,3,ctrl,2,300,2
W,41,40,4,ai,76,300,26
W,41,40,5,log,25,100,10
S,41,40,817,22526
W,42,40,3,ctrl,7,300,2
W,42,40,4,ai,71,300,26
W,42,40,5,log,25,100,10
S,42,40,833,6388
W,43,40,3,ctrl,1,300,2
W,43,40,4,ai,73,300,26
W,43,40,5,log,25,100,10
S,43,40,827,42800
W,44,40,3,ctrl,7,300,2
W,44,40,4,ai,67,300,26
W,44,40,5,log,25,100,10
S,44,40,846,6114
W,45,40,3,ctrl,0,300,2
W,45,40,4,ai,75,300,26
W,45,40,5,log,25,100,10
S,45,40,821,9999
W,46,40,3,ctrl,0,300,2
W,46,40,4,ai,73,300,26
W,46,40,5,log,25,100,10
S,46,40,827,9999
W,47,40,3,ctrl,8,300,2
W,47,40,4,ai,71,300,26
W,47,40,5,log,25,100,10
S,47,40,834,5631
W,48,40,3,ctrl,5,300,2
W,48,40,4,ai,73,300,26
W,48,40,5,log,25,100,10
S,48,40,827,8916
W,49,40,3,ctrl,5,300,2
W,49,40,4,ai,69,300,26
W,49,40,5,log,29,100,10
S,49,40,868,8916
W,50,40,3,ctrl,11,300,2
W,50,40,4,ai,64,300,26
W,50,40,5,log,25,100,10
S,50,40,860,3890
W,51,40,3,ctrl,4,300,2
W,51,40,4,ai,72,300,26
W,51,40,5,log,25,100,10
S,51,40,830,10974
W,52,40,3,ctrl,11,300,2
W,52,40,4,ai,68,300,26
W,52,40,5,log,25,100,10
S,52,40,845,4076
W,53,40,3,ctrl,10,300,2
W,53,40,4,ai,67,300,26
W,53,40,5,log,25,100,10
S,53,40,849,4367
W,54,40,3,ctrl,4,300,2
W,54,40,4,ai,71,300,26
W,54,40,5,log,29,100,10
S,54,40,862,11263
W,55,40,3,ctrl,4,300,2
W,55,40,4,ai,71,300,26
W,55,40,5,log,25,100,10
S,55,40,834,10700
W,56,40,3,ctrl,11,300,2
W,56,40,4,ai,72,300,26
W,56,40,5,log,20,100,10
S,56,40,771,4037
W,57,40,3,ctrl,5,300,2
W,57,40,4,ai,73,300,26
W,57,40,5,log,25,100,10
S,57,40,827,8916
J,-1,ctrl,1,599,1,1,1,939,2055,1,11
K,-1,ai,25,328313
K,-1,log,9,109451
W,58,40,3,ctrl,2,300,1
W,58,40,4,ai,8,100,1
W,58,40,5,log,4,50,1
S,58,40,856,4690
# done
# RUN config=medium alpha=40 rep=1/5
# prev_baseline_reset ngroups=3
# schedlab win=100 total=6000 groups=3 alpha=40
W,1,40,3,ctrl,11,300,2
W,1,40,4,ai,71,300,26
W,1,40,5,log,18,100,10
S,1,40,745,3890
W,2,40,3,ctrl,4,300,2
W,2,40,4,ai,73,300,26
W,2,40,5,log,23,100,10
S,2,40,808,10700
W,3,40,3,ctrl,4,300,2
W,3,40,4,ai,73,300,26
W,3,40,5,log,22,100,10
S,3,40,797,10700
W,4,40,3,ctrl,3,300,2
W,4,40,4,ai,73,300,26
W,4,40,5,log,24,100,10
S,4,40,818,14266
W,5,40,3,ctrl,11,300,2
W,5,40,4,ai,72,300,26
W,5,40,5,log,20,100,10
S,5,40,771,4037
W,6,40,3,ctrl,5,300,2
W,6,40,4,ai,74,300,26
W,6,40,5,log,24,100,10
S,6,40,815,8916
W,7,40,3,ctrl,5,300,2
W,7,40,4,ai,76,300,26
W,7,40,5,log,23,100,10
S,7,40,798,8916
W,8,40,3,ctrl,4,300,2
W,8,40,4,ai,75,300,26
W,8,40,5,log,24,100,10
S,8,40,812,11263
W,9,40,3,ctrl,11,300,2
W,9,40,4,ai,70,300,26
W,9,40,5,log,22,100,10
S,9,40,805,4037
W,10,40,3,ctrl,3,300,2
W,10,40,4,ai,76,300,26
W,10,40,5,log,24,100,10
S,10,40,809,14758
W,11,40,3,ctrl,1,300,2
W,11,40,4,ai,76,300,26
W,11,40,5,log,25,100,10
S,11,40,818,47555
W,12,40,3,ctrl,4,300,2
W,12,40,4,ai,77,300,26
W,12,40,5,log,22,100,10
S,12,40,783,11263
W,13,40,3,ctrl,4,300,2
W,13,40,4,ai,74,300,26
W,13,40,5,log,26,100,10
S,13,40,833,11263
W,14,40,3,ctrl,8,300,2
W,14,40,4,ai,74,300,26
W,14,40,5,log,21,100,10
S,14,40,778,5558
W,15,40,3,ctrl,11,300,2
W,15,40,4,ai,69,300,26
W,15,40,5,log,20,100,10
S,15,40,783,3890
W,16,40,3,ctrl,3,300,2
W,16,40,4,ai,73,300,26
W,16,40,5,log,25,100,10
S,16,40,827,14758
W,17,40,3,ctrl,10,300,2
W,17,40,4,ai,75,300,26
W,17,40,5,log,18,100,10
S,17,40,730,4412
W,18,40,3,ctrl,16,300,2
W,18,40,4,ai,58,300,26
W,18,40,5,log,24,100,10
S,18,40,873,2625
W,19,40,3,ctrl,8,300,2
W,19,40,4,ai,69,300,26
W,19,40,5,log,21,100,10
S,19,40,797,5283
W,20,40,3,ctrl,7,300,2
W,20,40,4,ai,68,300,26
W,20,40,5,log,25,100,10
S,20,40,845,6114
W,21,40,3,ctrl,11,300,2
W,21,40,4,ai,72,300,26
W,21,40,5,log,18,100,10
S,21,40,740,3962
W,22,40,3,ctrl,9,300,2
W,22,40,4,ai,71,300,26
W,22,40,5,log,19,100,10
S,22,40,760,4755
W,23,40,3,ctrl,10,300,2
W,23,40,4,ai,70,300,26
W,23,40,5,log,19,100,10
S,23,40,764,4237
W,24,40,3,ctrl,10,300,2
W,24,40,4,ai,70,300,26
W,24,40,5,log,24,100,10
S,24,40,828,4458
W,25,40,3,ctrl,8,300,2
W,25,40,4,ai,67,300,26
W,25,40,5,log,25,100,10
S,25,40,848,5350
W,26,40,3,ctrl,7,300,2
W,26,40,4,ai,69,300,26
W,26,40,5,log,25,100,10
S,26,40,840,6202
W,27,40,3,ctrl,5,300,2
W,27,40,4,ai,70,300,26
W,27,40,5,log,28,100,10
S,27,40,859,8916
W,28,40,3,ctrl,8,300,2
W,28,40,4,ai,69,300,26
W,28,40,5,log,25,100,10
S,28,40,841,5487
W,29,40,3,ctrl,1,300,2
W,29,40,4,ai,74,300,26
W,29,40,5,log,25,100,10
S,29,40,825,42800
W,30,40,3,ctrl,3,300,2
W,30,40,4,ai,73,300,26
W,30,40,5,log,25,100,10
S,30,40,827,14758
W,31,40,3,ctrl,3,300,2
W,31,40,4,ai,78,300,26
W,31,40,5,log,22,100,10
S,31,40,780,14758
W,32,40,3,ctrl,5,300,2
W,32,40,4,ai,74,300,26
W,32,40,5,log,23,100,10
S,32,40,804,8734
W,33,40,3,ctrl,4,300,2
W,33,40,4,ai,75,300,26
W,33,40,5,log,24,100,10
S,33,40,812,11263
W,34,40,3,ctrl,3,300,2
W,34,40,4,ai,76,300,26
W,34,40,5,log,24,100,10
S,34,40,809,14758
W,35,40,3,ctrl,6,300,2
W,35,40,4,ai,76,300,26
W,35,40,5,log,21,100,10
S,35,40,773,7379
W,36,40,3,ctrl,9,300,2
W,36,40,4,ai,72,300,26
W,36,40,5,log,20,100,10
S,36,40,773,4808
W,37,40,3,ctrl,2,300,2
W,37,40,4,ai,73,300,26
W,37,40,5,log,26,100,10
S,37,40,835,22526
W,38,40,3,ctrl,4,300,2
W,38,40,4,ai,76,300,26
W,38,40,5,log,24,100,10
S,38,40,807,11263
W,39,40,3,ctrl,4,300,2
W,39,40,4,ai,74,300,26
W,39,40,5,log,22,100,10
S,39,40,794,10700
W,40,40,3,ctrl,7,300,2
W,40,40,4,ai,69,300,26
W,40,40,5,log,23,100,10
S,40,40,821,6114
W,41,40,3,ctrl,5,300,2
W,41,40,4,ai,72,300,26
W,41,40,5,log,25,100,10
S,41,40,831,8734
W,42,40,3,ctrl,2,300,2
W,42,40,4,ai,75,300,26
W,42,40,5,log,25,100,10
S,42,40,821,22526
W,43,40,3,ctrl,3,300,2
W,43,40,4,ai,75,300,26
W,43,40,5,log,25,100,10
S,43,40,820,14758
W,44,40,3,ctrl,6,300,2
W,44,40,4,ai,68,300,26
W,44,40,5,log,29,100,10
S,44,40,871,7379
W,45,40,3,ctrl,7,300,2
W,45,40,4,ai,69,300,26
W,45,40,5,log,25,100,10
S,45,40,840,6202
W,46,40,3,ctrl,3,300,2
W,46,40,4,ai,76,300,26
W,46,40,5,log,25,100,10
S,46,40,817,15285
W,47,40,3,ctrl,5,300,2
W,47,40,4,ai,73,300,26
W,47,40,5,log,22,100,10
S,47,40,797,8560
W,48,40,3,ctrl,9,300,2
W,48,40,4,ai,70,300,26
W,48,40,5,log,20,100,10
S,48,40,780,4755
W,49,40,3,ctrl,5,300,2
W,49,40,4,ai,74,300,26
W,49,40,5,log,24,100,10
S,49,40,815,8916
W,50,40,3,ctrl,2,300,2
W,50,40,4,ai,78,300,26
W,50,40,5,log,24,100,10
S,50,40,802,22526
W,51,40,3,ctrl,3,300,2
W,51,40,4,ai,74,300,26
W,51,40,5,log,23,100,10
S,51,40,805,14266
W,52,40,3,ctrl,8,300,2
W,52,40,4,ai,72,300,26
W,52,40,5,log,23,100,10
S,52,40,810,5558
W,53,40,3,ctrl,3,300,2
W,53,40,4,ai,73,300,26
W,53,40,5,log,24,100,10
S,53,40,818,14266
W,54,40,3,ctrl,3,300,2
W,54,40,4,ai,78,300,26
W,54,40,5,log,22,100,10
S,54,40,780,14758
W,55,40,3,ctrl,6,300,2
W,55,40,4,ai,74,300,26
W,55,40,5,log,22,100,10
S,55,40,792,7379
W,56,40,3,ctrl,4,300,2
W,56,40,4,ai,74,300,26
W,56,40,5,log,24,100,10
S,56,40,815,10974
W,57,40,3,ctrl,6,300,2
W,57,40,4,ai,71,300,26
W,57,40,5,log,25,100,10
S,57,40,834,7379
J,-1,ctrl,1,599,1,1,1,979,2285,1,11
K,-1,ai,25,325170
K,-1,log,9,111532
W,58,40,3,ctrl,1,300,1
W,58,40,4,ai,10,100,1
W,58,40,5,log,9,50,1
S,58,40,886,13320
# done
# RUN config=medium alpha=40 rep=2/5
# prev_baseline_reset ngroups=3
# schedlab win=100 total=6000 groups=3 alpha=40
W,1,40,3,ctrl,4,300,2
W,1,40,4,ai,64,200,14
W,1,40,5,log,33,100,10
S,1,40,861,12820
W,2,40,3,ctrl,5,300,2
W,2,40,4,ai,72,300,17
W,2,40,5,log,26,100,10
S,2,40,839,8916
W,3,40,3,ctrl,10,300,2
W,3,40,4,ai,64,300,21
W,3,40,5,log,25,100,10
S,3,40,858,4237
W,4,40,3,ctrl,5,300,2
W,4,40,4,ai,73,300,25
W,4,40,5,log,25,100,10
S,4,40,827,8916
W,5,40,3,ctrl,7,300,2
W,5,40,4,ai,70,300,25
W,5,40,5,log,25,100,10
S,5,40,838,6294
W,6,40,3,ctrl,8,300,2
W,6,40,4,ai,70,300,26
W,6,40,5,log,25,100,10
S,6,40,837,5558
W,7,40,3,ctrl,3,300,2
W,7,40,4,ai,72,300,26
W,7,40,5,log,29,100,10
S,7,40,859,15285
W,8,40,3,ctrl,6,300,2
W,8,40,4,ai,72,300,26
W,8,40,5,log,23,100,10
S,8,40,810,7254
W,9,40,3,ctrl,3,300,2
W,9,40,4,ai,77,300,26
W,9,40,5,log,24,100,10
S,9,40,804,15285
W,10,40,3,ctrl,3,300,2
W,10,40,4,ai,71,300,26
W,10,40,5,log,25,100,10
S,10,40,833,14266
W,11,40,3,ctrl,1,300,2
W,11,40,4,ai,77,300,26
W,11,40,5,log,25,100,10
S,11,40,814,47555
W,12,40,3,ctrl,2,300,2
W,12,40,4,ai,77,300,26
W,12,40,5,log,24,100,10
S,12,40,806,22526
W,13,40,3,ctrl,6,300,2
W,13,40,4,ai,71,300,26
W,13,40,5,log,25,100,10
S,13,40,834,7379
W,14,40,3,ctrl,7,300,2
W,14,40,4,ai,75,300,26
W,14,40,5,log,21,100,10
S,14,40,775,6388
W,15,40,3,ctrl,9,300,2
W,15,40,4,ai,73,300,26
W,15,40,5,log,21,100,10
S,15,40,781,4919
W,16,40,3,ctrl,7,300,2
W,16,40,4,ai,71,300,26
W,16,40,5,log,21,100,10
S,16,40,791,6114
W,17,40,3,ctrl,6,300,2
W,17,40,4,ai,78,300,26
W,17,40,5,log,20,100,10
S,17,40,754,7508
W,18,40,3,ctrl,2,300,2
W,18,40,4,ai,75,300,26
W,18,40,5,log,22,100,10
S,18,40,791,21400
W,19,40,3,ctrl,2,300,2
W,19,40,4,ai,75,300,26
W,19,40,5,log,27,100,10
S,19,40,837,22526
W,20,40,3,ctrl,14,300,2
W,20,40,4,ai,64,300,26
W,20,40,5,log,22,100,10
S,20,40,831,3057
W,21,40,3,ctrl,5,300,2
W,21,40,4,ai,75,300,26
W,21,40,5,log,23,100,10
S,21,40,801,8916
W,22,40,3,ctrl,3,300,2
W,22,40,4,ai,78,300,26
W,22,40,5,log,22,100,10
S,22,40,780,14758
W,23,40,3,ctrl,4,300,2
W,23,40,4,ai,73,300,26
W,23,40,5,log,27,100,10
S,23,40,843,11263
W,24,40,3,ctrl,5,300,2
W,24,40,4,ai,77,300,26
W,24,40,5,log,22,100,10
S,24,40,783,8916
W,25,40,3,ctrl,8,300,2
W,25,40,4,ai,72,300,26
W,25,40,5,log,23,100,10
S,25,40,810,5558
W,26,40,3,ctrl,8,300,2
W,26,40,4,ai,70,300,26
W,26,40,5,log,24,100,10
S,26,40,828,5487
W,27,40,3,ctrl,9,300,2
W,27,40,4,ai,69,300,26
W,27,40,5,log,25,100,10
S,27,40,840,4919
W,28,40,3,ctrl,6,300,2
W,28,40,4,ai,69,300,26
W,28,40,5,log,28,100,10
S,28,40,862,7379
W,29,40,3,ctrl,7,300,2
W,29,40,4,ai,73,300,26
W,29,40,5,log,20,100,10
S,29,40,771,6114
W,30,40,3,ctrl,1,300,2
W,30,40,4,ai,76,300,26
W,30,40,5,log,25,100,10
S,30,40,818,47555
W,31,40,3,ctrl,1,300,2
W,31,40,4,ai,78,300,26
W,31,40,5,log,25,100,10
S,31,40,812,47555
W,32,40,3,ctrl,5,300,2
W,32,40,4,ai,76,300,26
W,32,40,5,log,23,100,10
S,32,40,798,8916
W,33,40,3,ctrl,9,300,2
W,33,40,4,ai,70,300,26
W,33,40,5,log,20,100,10
S,33,40,780,4755
W,34,40,3,ctrl,7,300,2
W,34,40,4,ai,70,300,26
W,34,40,5,log,23,100,10
S,34,40,818,6114
W,35,40,3,ctrl,6,300,2
W,35,40,4,ai,72,300,26
W,35,40,5,log,22,100,10
S,35,40,800,7133
W,36,40,3,ctrl,1,300,2
W,36,40,4,ai,74,300,26
W,36,40,5,log,29,100,10
S,36,40,853,47555
W,37,40,3,ctrl,4,300,2
W,37,40,4,ai,76,300,26
W,37,40,5,log,24,100,10
S,37,40,807,11263
W,38,40,3,ctrl,3,300,2
W,38,40,4,ai,77,300,26
W,38,40,5,log,23,100,10
S,38,40,795,14758
W,39,40,3,ctrl,1,300,2
W,39,40,4,ai,75,300,26
W,39,40,5,log,24,100,10
S,39,40,812,42800
W,40,40,3,ctrl,2,300,2
W,40,40,4,ai,77,300,26
W,40,40,5,log,24,100,10
S,40,40,806,22526
W,41,40,3,ctrl,10,300,2
W,41,40,4,ai,70,300,26
W,41,40,5,log,20,100,10
S,41,40,780,4280
W,42,40,3,ctrl,4,300,2
W,42,40,4,ai,74,300,26
W,42,40,5,log,24,100,10
S,42,40,815,10974
W,43,40,3,ctrl,1,300,2
W,43,40,4,ai,79,300,26
W,43,40,5,log,24,100,10
S,43,40,799,47555
W,44,40,3,ctrl,3,300,2
W,44,40,4,ai,75,300,26
W,44,40,5,log,25,100,10
S,44,40,820,14758
W,45,40,3,ctrl,8,300,2
W,45,40,4,ai,70,300,26
W,45,40,5,log,25,100,10
S,45,40,837,5558
W,46,40,3,ctrl,4,300,2
W,46,40,4,ai,74,300,26
W,46,40,5,log,25,100,10
S,46,40,823,11263
W,47,40,3,ctrl,4,300,2
W,47,40,4,ai,71,300,26
W,47,40,5,log,27,100,10
S,47,40,849,10974
W,48,40,3,ctrl,3,300,2
W,48,40,4,ai,75,300,26
W,48,40,5,log,25,100,10
S,48,40,820,14758
W,49,40,3,ctrl,2,300,2
W,49,40,4,ai,77,300,26
W,49,40,5,log,25,100,10
S,49,40,815,22526
W,50,40,3,ctrl,6,300,2
W,50,40,4,ai,68,300,26
W,50,40,5,log,25,100,10
S,50,40,843,7133
W,51,40,3,ctrl,1,300,2
W,51,40,4,ai,76,300,26
W,51,40,5,log,25,100,10
S,51,40,818,47555
W,52,40,3,ctrl,4,300,2
W,52,40,4,ai,71,300,26
W,52,40,5,log,28,100,10
S,52,40,856,11263
W,53,40,3,ctrl,1,300,2
W,53,40,4,ai,76,300,26
W,53,40,5,log,25,100,10
S,53,40,818,47555
W,54,40,3,ctrl,4,300,2
W,54,40,4,ai,73,300,26
W,54,40,5,log,25,100,10
S,54,40,828,10974
W,55,40,3,ctrl,4,300,2
W,55,40,4,ai,69,300,26
W,55,40,5,log,25,100,10
S,55,40,840,10700
W,56,40,3,ctrl,4,300,2
W,56,40,4,ai,70,300,26
W,56,40,5,log,25,100,10
S,56,40,836,10700
J,-1,ctrl,1,599,0,0,0,323,715,0,6
W,57,40,3,ctrl,7,300,1
W,57,40,4,ai,63,200,8
W,57,40,5,log,26,100,6
S,57,40,816,6944
K,-1,ai,25,336833
K,-1,log,9,112163
W,58,40,3,ctrl,0,300,1
W,58,40,4,ai,10,100,1
W,58,40,5,log,4,50,1
S,58,40,826,9999
# done
# RUN config=medium alpha=40 rep=3/5
# prev_baseline_reset ngroups=3
# schedlab win=100 total=6000 groups=3 alpha=40
W,1,40,3,ctrl,3,300,2
W,1,40,4,ai,70,300,25
W,1,40,5,log,25,100,10
S,1,40,837,14266
W,2,40,3,ctrl,3,300,2
W,2,40,4,ai,73,300,26
W,2,40,5,log,28,100,10
S,2,40,851,15285
W,3,40,3,ctrl,3,300,2
W,3,40,4,ai,75,300,26
W,3,40,5,log,24,100,10
S,3,40,811,14758
W,4,40,3,ctrl,2,300,2
W,4,40,4,ai,79,300,26
W,4,40,5,log,23,100,10
S,4,40,789,22526
W,5,40,3,ctrl,7,300,2
W,5,40,4,ai,71,300,26
W,5,40,5,log,22,100,10
S,5,40,803,6114
W,6,40,3,ctrl,15,300,2
W,6,40,4,ai,64,300,26
W,6,40,5,log,19,100,10
S,6,40,785,2797
W,7,40,3,ctrl,3,300,2
W,7,40,4,ai,76,300,26
W,7,40,5,log,25,100,10
S,7,40,817,15285
W,8,40,3,ctrl,5,300,2
W,8,40,4,ai,72,300,26
W,8,40,5,log,25,100,10
S,8,40,831,8734
W,9,40,3,ctrl,5,300,2
W,9,40,4,ai,73,300,26
W,9,40,5,log,25,100,10
S,9,40,827,8916
W,10,40,3,ctrl,9,300,2
W,10,40,4,ai,68,300,26
W,10,40,5,log,25,100,10
S,10,40,845,4863
W,11,40,3,ctrl,7,300,2
W,11,40,4,ai,68,300,26
W,11,40,5,log,25,100,10
S,11,40,845,6114
W,12,40,3,ctrl,10,300,2
W,12,40,4,ai,73,300,26
W,12,40,5,log,18,100,10
S,12,40,738,4323
W,13,40,3,ctrl,12,300,2
W,13,40,4,ai,71,300,26
W,13,40,5,log,15,100,10
S,13,40,690,3508
W,14,40,3,ctrl,7,300,2
W,14,40,4,ai,73,300,26
W,14,40,5,log,20,100,10
S,14,40,771,6114
W,15,40,3,ctrl,9,300,2
W,15,40,4,ai,68,300,26
W,15,40,5,log,25,100,10
S,15,40,845,4863
W,16,40,3,ctrl,12,300,2
W,16,40,4,ai,64,300,26
W,16,40,5,log,23,100,10
S,16,40,841,3537
W,17,40,3,ctrl,2,300,2
W,17,40,4,ai,74,300,26
W,17,40,5,log,24,100,10
S,17,40,815,21400
W,18,40,3,ctrl,2,300,2
W,18,40,4,ai,77,300,26
W,18,40,5,log,24,100,10
S,18,40,806,22526
W,19,40,3,ctrl,8,300,2
W,19,40,4,ai,70,300,26
W,19,40,5,log,20,100,10
S,19,40,781,5283
W,20,40,3,ctrl,10,300,2
W,20,40,4,ai,71,300,26
W,20,40,5,log,21,100,10
S,20,40,788,4367
W,21,40,3,ctrl,4,300,2
W,21,40,4,ai,73,300,26
W,21,40,5,log,25,100,10
S,21,40,828,10974
W,22,40,3,ctrl,9,300,2
W,22,40,4,ai,66,300,26
W,22,40,5,log,25,100,10
S,22,40,852,4755
W,23,40,3,ctrl,12,300,2
W,23,40,4,ai,67,300,26
W,23,40,5,log,24,100,10
S,23,40,840,3689
W,24,40,3,ctrl,6,300,2
W,24,40,4,ai,78,300,26
W,24,40,5,log,20,100,10
S,24,40,754,7508
W,25,40,3,ctrl,9,300,2
W,25,40,4,ai,68,300,26
W,25,40,5,log,22,100,10
S,25,40,813,4755
W,26,40,3,ctrl,0,300,2
W,26,40,4,ai,77,300,26
W,26,40,5,log,25,100,10
S,26,40,815,9999
W,27,40,3,ctrl,7,300,2
W,27,40,4,ai,73,300,26
W,27,40,5,log,22,100,10
S,27,40,795,6294
W,28,40,3,ctrl,1,300,2
W,28,40,4,ai,75,300,26
W,28,40,5,log,27,100,10
S,28,40,838,47555
W,29,40,3,ctrl,6,300,2
W,29,40,4,ai,74,300,26
W,29,40,5,log,22,100,10
S,29,40,792,7379
W,30,40,3,ctrl,3,300,2
W,30,40,4,ai,75,300,26
W,30,40,5,log,21,100,10
S,30,40,779,14266
W,31,40,3,ctrl,2,300,2
W,31,40,4,ai,76,300,26
W,31,40,5,log,25,100,10
S,31,40,817,22526
W,32,40,3,ctrl,5,300,2
W,32,40,4,ai,73,300,26
W,32,40,5,log,25,100,10
S,32,40,827,8916
W,33,40,3,ctrl,9,300,2
W,33,40,4,ai,73,300,26
W,33,40,5,log,21,100,10
S,33,40,781,4919
W,34,40,3,ctrl,3,300,2
W,34,40,4,ai,76,300,26
W,34,40,5,log,24,100,10
S,34,40,809,14758
W,35,40,3,ctrl,5,300,2
W,35,40,4,ai,73,300,26
W,35,40,5,log,25,100,10
S,35,40,827,8916
W,36,40,3,ctrl,5,300,2
W,36,40,4,ai,73,300,26
W,36,40,5,log,22,100,10
S,36,40,797,8560
W,37,40,3,ctrl,7,300,2
W,37,40,4,ai,72,300,26
W,37,40,5,log,22,100,10
S,37,40,798,6202
W,38,40,3,ctrl,1,300,2
W,38,40,4,ai,78,300,26
W,38,40,5,log,24,100,10
S,38,40,803,47555
W,39,40,3,ctrl,5,300,2
W,39,40,4,ai,73,300,26
W,39,40,5,log,22,100,10
S,39,40,797,8560
W,40,40,3,ctrl,5,300,2
W,40,40,4,ai,71,300,26
W,40,40,5,log,25,100,10
S,40,40,833,8734
W,41,40,3,ctrl,9,300,2
W,41,40,4,ai,75,300,26
W,41,40,5,log,19,100,10
S,41,40,747,4919
W,42,40,3,ctrl,8,300,2
W,42,40,4,ai,71,300,26
W,42,40,5,log,25,100,10
S,42,40,834,5631
W,43,40,3,ctrl,8,300,2
W,43,40,4,ai,69,300,26
W,43,40,5,log,25,100,10
S,43,40,841,5487
W,44,40,3,ctrl,7,300,2
W,44,40,4,ai,67,300,26
W,44,40,5,log,25,100,10
S,44,40,846,6114
W,45,40,3,ctrl,6,300,2
W,45,40,4,ai,71,300,26
W,45,40,5,log,25,100,10
S,45,40,834,7379
W,46,40,3,ctrl,6,300,2
W,46,40,4,ai,72,300,26
W,46,40,5,log,25,100,10
S,46,40,830,7379
W,47,40,3,ctrl,2,300,2
W,47,40,4,ai,74,300,26
W,47,40,5,log,25,100,10
S,47,40,823,22526
W,48,40,3,ctrl,6,300,2
W,48,40,4,ai,71,300,26
W,48,40,5,log,24,100,10
S,48,40,824,7254
W,49,40,3,ctrl,5,300,2
W,49,40,4,ai,73,300,26
W,49,40,5,log,25,100,10
S,49,40,827,8916
W,50,40,3,ctrl,5,300,2
W,50,40,4,ai,72,300,26
W,50,40,5,log,24,100,10
S,50,40,820,8734
W,51,40,3,ctrl,7,300,2
W,51,40,4,ai,69,300,26
W,51,40,5,log,24,100,10
S,51,40,832,6114
W,52,40,3,ctrl,5,300,2
W,52,40,4,ai,72,300,26
W,52,40,5,log,25,100,10
S,52,40,831,8734
W,53,40,3,ctrl,6,300,2
W,53,40,4,ai,72,300,26
W,53,40,5,log,25,100,10
S,53,40,830,7379
W,54,40,3,ctrl,4,300,2
W,54,40,4,ai,74,300,26
W,54,40,5,log,25,100,10
S,54,40,823,11263
W,55,40,3,ctrl,7,300,2
W,55,40,4,ai,68,300,26
W,55,40,5,log,25,100,10
S,55,40,845,6114
W,56,40,3,ctrl,5,300,2
W,56,40,4,ai,72,300,26
W,56,40,5,log,25,100,10
S,56,40,831,8734
W,57,40,3,ctrl,2,300,2
W,57,40,4,ai,75,300,26
W,57,40,5,log,26,100,10
S,57,40,830,22526
K,-1,ai,25,314842
J,-1,ctrl,1,600,0,0,0,2136,8248,0,10
K,-1,log,9,104045
W,58,40,3,ctrl,3,300,1
W,58,40,4,ai,3,100,1
W,58,40,5,log,5,50,1
S,58,40,749,2448
# done
# RUN config=medium alpha=40 rep=4/5
# prev_baseline_reset ngroups=3
# schedlab win=100 total=6000 groups=3 alpha=40
W,1,40,3,ctrl,4,300,2
W,1,40,4,ai,72,300,26
W,1,40,5,log,28,100,10
S,1,40,854,11263
W,2,40,3,ctrl,7,300,2
W,2,40,4,ai,67,300,26
W,2,40,5,log,25,100,10
S,2,40,846,6114
W,3,40,3,ctrl,6,300,2
W,3,40,4,ai,72,300,26
W,3,40,5,log,25,100,10
S,3,40,830,7379
W,4,40,3,ctrl,1,300,2
W,4,40,4,ai,73,300,26
W,4,40,5,log,25,100,10
S,4,40,827,42800
W,5,40,3,ctrl,8,300,2
W,5,40,4,ai,71,300,26
W,5,40,5,log,24,100,10
S,5,40,825,5558
W,6,40,3,ctrl,12,300,2
W,6,40,4,ai,63,300,26
W,6,40,5,log,25,100,10
S,6,40,864,3566
W,7,40,3,ctrl,9,300,2
W,7,40,4,ai,72,300,26
W,7,40,5,log,21,100,10
S,7,40,785,4863
W,8,40,3,ctrl,7,300,2
W,8,40,4,ai,73,300,26
W,8,40,5,log,23,100,10
S,8,40,807,6388
W,9,40,3,ctrl,6,300,2
W,9,40,4,ai,71,300,26
W,9,40,5,log,24,100,10
S,9,40,824,7254
W,10,40,3,ctrl,7,300,2
W,10,40,4,ai,71,300,26
W,10,40,5,log,25,100,10
S,10,40,833,6388
W,11,40,3,ctrl,6,300,2
W,11,40,4,ai,74,300,26
W,11,40,5,log,23,100,10
S,11,40,804,7379
W,12,40,3,ctrl,5,300,2
W,12,40,4,ai,76,300,26
W,12,40,5,log,22,100,10
S,12,40,786,8916
W,13,40,3,ctrl,3,300,2
W,13,40,4,ai,76,300,26
W,13,40,5,log,24,100,10
S,13,40,809,14758
W,14,40,3,ctrl,7,300,2
W,14,40,4,ai,73,300,26
W,14,40,5,log,24,100,10
S,14,40,817,6388
W,15,40,3,ctrl,3,300,2
W,15,40,4,ai,75,300,26
W,15,40,5,log,23,100,10
S,15,40,800,14758
W,16,40,3,ctrl,6,300,2
W,16,40,4,ai,72,300,26
W,16,40,5,log,25,100,10
S,16,40,830,7379
W,17,40,3,ctrl,7,300,2
W,17,40,4,ai,70,300,26
W,17,40,5,log,25,100,10
S,17,40,838,6294
W,18,40,3,ctrl,5,300,2
W,18,40,4,ai,68,300,26
W,18,40,5,log,25,100,10
S,18,40,844,8392
W,19,40,3,ctrl,15,300,2
W,19,40,4,ai,178,300,26
W,19,40,5,log,50,100,10
S,19,40,777,7016
W,20,40,3,ctrl,6,300,2
W,20,40,4,ai,71,300,26
W,20,40,5,log,27,100,10
S,20,40,850,7508
W,21,40,3,ctrl,7,300,2
W,21,40,4,ai,74,300,26
W,21,40,5,log,22,100,10
S,21,40,791,6388
W,22,40,3,ctrl,4,300,2
W,22,40,4,ai,71,300,26
W,22,40,5,log,24,100,10
S,22,40,824,10700
W,23,40,3,ctrl,10,300,2
W,23,40,4,ai,75,300,26
W,23,40,5,log,19,100,10
S,23,40,745,4458
W,24,40,3,ctrl,5,300,2
W,24,40,4,ai,72,300,26
W,24,40,5,log,23,100,10
S,24,40,811,8560
W,25,40,3,ctrl,2,300,2
W,25,40,4,ai,76,300,26
W,25,40,5,log,25,100,10
S,25,40,817,22526
W,26,40,3,ctrl,7,300,2
W,26,40,4,ai,72,300,26
W,26,40,5,log,19,100,10
S,26,40,759,6028
W,27,40,3,ctrl,13,300,2
W,27,40,4,ai,72,300,26
W,27,40,5,log,18,100,10
S,27,40,736,3396
W,28,40,3,ctrl,4,300,2
W,28,40,4,ai,76,300,26
W,28,40,5,log,24,100,10
S,28,40,807,11263
W,29,40,3,ctrl,7,300,2
W,29,40,4,ai,74,300,26
W,29,40,5,log,22,100,10
S,29,40,791,6388
W,30,40,3,ctrl,2,300,2
W,30,40,4,ai,74,300,26
W,30,40,5,log,23,100,10
S,30,40,805,21400
W,31,40,3,ctrl,7,300,2
W,31,40,4,ai,75,300,26
W,31,40,5,log,21,100,10
S,31,40,775,6388
W,32,40,3,ctrl,3,300,2
W,32,40,4,ai,75,300,26
W,32,40,5,log,24,100,10
S,32,40,811,14758
W,33,40,3,ctrl,12,300,2
W,33,40,4,ai,64,300,26
W,33,40,5,log,27,100,10
S,33,40,873,3689
W,34,40,3,ctrl,4,300,2
W,34,40,4,ai,70,300,26
W,34,40,5,log,25,100,10
S,34,40,836,10700
W,35,40,3,ctrl,8,300,2
W,35,40,4,ai,68,300,26
W,35,40,5,log,25,100,10
S,35,40,844,5417
W,36,40,3,ctrl,3,300,2
W,36,40,4,ai,76,300,26
W,36,40,5,log,25,100,10
S,36,40,817,15285
W,37,40,3,ctrl,1,300,2
W,37,40,4,ai,73,300,26
W,37,40,5,log,25,100,10
S,37,40,827,42800
W,38,40,3,ctrl,5,300,2
W,38,40,4,ai,74,300,26
W,38,40,5,log,25,100,10
S,38,40,824,8916
W,39,40,3,ctrl,7,300,2
W,39,40,4,ai,68,300,26
W,39,40,5,log,27,100,10
S,39,40,859,6294
W,40,40,3,ctrl,5,300,2
W,40,40,4,ai,72,300,26
W,40,40,5,log,25,100,10
S,40,40,831,8734
W,41,40,3,ctrl,4,300,2
W,41,40,4,ai,74,300,26
W,41,40,5,log,23,100,10
S,41,40,803,10974
W,42,40,3,ctrl,2,300,2
W,42,40,4,ai,77,300,26
W,42,40,5,log,23,100,10
S,42,40,795,22526
W,43,40,3,ctrl,5,300,2
W,43,40,4,ai,77,300,26
W,43,40,5,log,22,100,10
S,43,40,783,8916
W,44,40,3,ctrl,11,300,2
W,44,40,4,ai,67,300,26
W,44,40,5,log,25,100,10
S,44,40,848,4037
W,45,40,3,ctrl,5,300,2
W,45,40,4,ai,69,300,26
W,45,40,5,log,29,100,10
S,45,40,868,8916
W,46,40,3,ctrl,4,300,2
W,46,40,4,ai,71,300,26
W,46,40,5,log,25,100,10
S,46,40,834,10700
W,47,40,3,ctrl,7,300,2
W,47,40,4,ai,68,300,26
W,47,40,5,log,25,100,10
S,47,40,845,6114
W,48,40,3,ctrl,9,300,2
W,48,40,4,ai,64,300,26
W,48,40,5,log,25,100,10
S,48,40,858,4703
W,49,40,3,ctrl,7,300,2
W,49,40,4,ai,68,300,26
W,49,40,5,log,25,100,10
S,49,40,845,6114
W,50,40,3,ctrl,3,300,2
W,50,40,4,ai,73,300,26
W,50,40,5,log,25,100,10
S,50,40,827,14758
W,51,40,3,ctrl,6,300,2
W,51,40,4,ai,72,300,26
W,51,40,5,log,24,100,10
S,51,40,821,7379
W,52,40,3,ctrl,5,300,2
W,52,40,4,ai,73,300,26
W,52,40,5,log,22,100,10
S,52,40,797,8560
W,53,40,3,ctrl,6,300,2
W,53,40,4,ai,75,300,26
W,53,40,5,log,21,100,10
S,53,40,776,7379
W,54,40,3,ctrl,3,300,2
W,54,40,4,ai,78,300,26
W,54,40,5,log,22,100,10
S,54,40,780,14758
W,55,40,3,ctrl,3,300,2
W,55,40,4,ai,75,300,26
W,55,40,5,log,24,100,10
S,55,40,811,14758
K,-1,ai,25,324389
J,-1,ctrl,1,600,0,0,0,2110,8050,0,9
K,-1,log,9,107957
W,56,40,3,ctrl,3,300,1
W,56,40,4,ai,54,100,1
W,56,40,5,log,18,50,1
S,56,40,797,16650
W,57,40,3,ctrl,0,300,1
W,57,40,4,ai,0,100,1
W,57,40,5,log,0,50,1
S,57,40,658,9999
# done
# RUN config=medium alpha=40 rep=5/5
# prev_baseline_reset ngroups=3
# schedlab win=100 total=6000 groups=3 alpha=40
W,1,40,3,ctrl,4,300,2
W,1,40,4,ai,72,300,22
W,1,40,5,log,24,100,10
S,1,40,822,10700
W,2,40,3,ctrl,3,300,2
W,2,40,4,ai,73,300,26
W,2,40,5,log,27,100,10
S,2,40,844,14758
W,3,40,3,ctrl,2,300,2
W,3,40,4,ai,76,300,26
W,3,40,5,log,24,100,10
S,3,40,808,22526
W,4,40,3,ctrl,4,300,2
W,4,40,4,ai,75,300,26
W,4,40,5,log,24,100,10
S,4,40,812,11263
W,5,40,3,ctrl,5,300,2
W,5,40,4,ai,75,300,26
W,5,40,5,log,21,100,10
S,5,40,777,8734
W,6,40,3,ctrl,10,300,2
W,6,40,4,ai,69,300,26
W,6,40,5,log,21,100,10
S,6,40,798,4280
W,7,40,3,ctrl,1,300,2
W,7,40,4,ai,77,300,26
W,7,40,5,log,24,100,10
S,7,40,805,47555
W,8,40,3,ctrl,5,300,2
W,8,40,4,ai,74,300,26
W,8,40,5,log,23,100,10
S,8,40,804,8734
W,9,40,3,ctrl,4,300,2
W,9,40,4,ai,78,300,26
W,9,40,5,log,22,100,10
S,9,40,780,11263
W,10,40,3,ctrl,8,300,2
W,10,40,4,ai,71,300,26
W,10,40,5,log,21,100,10
S,10,40,791,5350
W,11,40,3,ctrl,10,300,2
W,11,40,4,ai,69,300,26
W,11,40,5,log,19,100,10
S,11,40,768,4196
W,12,40,3,ctrl,5,300,2
W,12,40,4,ai,72,300,26
W,12,40,5,log,25,100,10
S,12,40,831,8734
W,13,40,3,ctrl,3,300,2
W,13,40,4,ai,73,300,26
W,13,40,5,log,24,100,10
S,13,40,818,14266
W,14,40,3,ctrl,5,300,2
W,14,40,4,ai,74,300,26
W,14,40,5,log,23,100,10
S,14,40,804,8734
W,15,40,3,ctrl,9,300,2
W,15,40,4,ai,74,300,26
W,15,40,5,log,20,100,10
S,15,40,765,4919
W,16,40,3,ctrl,3,300,2
W,16,40,4,ai,77,300,26
W,16,40,5,log,24,100,10
S,16,40,804,15285
W,17,40,3,ctrl,5,300,2
W,17,40,4,ai,73,300,26
W,17,40,5,log,25,100,10
S,17,40,827,8916
W,18,40,3,ctrl,4,300,2
W,18,40,4,ai,73,300,26
W,18,40,5,log,23,100,10
S,18,40,808,10700
W,19,40,3,ctrl,6,300,2
W,19,40,4,ai,76,300,26
W,19,40,5,log,22,100,10
S,19,40,785,7508
W,20,40,3,ctrl,3,300,2
W,20,40,4,ai,77,300,26
W,20,40,5,log,23,100,10
S,20,40,795,14758
W,21,40,3,ctrl,0,300,2
W,21,40,4,ai,75,300,26
W,21,40,5,log,25,100,10
S,21,40,821,9999
W,22,40,3,ctrl,2,300,2
W,22,40,4,ai,76,300,26
W,22,40,5,log,24,100,10
S,22,40,808,22526
W,23,40,3,ctrl,7,300,2
W,23,40,4,ai,72,300,26
W,23,40,5,log,21,100,10
S,23,40,788,6114
W,24,40,3,ctrl,4,300,2
W,24,40,4,ai,72,300,26
W,24,40,5,log,26,100,10
S,24,40,838,10974
W,25,40,3,ctrl,2,300,2
W,25,40,4,ai,75,300,26
W,25,40,5,log,25,100,10
S,25,40,821,22526
W,26,40,3,ctrl,3,300,2
W,26,40,4,ai,76,300,26
W,26,40,5,log,24,100,10
S,26,40,809,14758
W,27,40,3,ctrl,6,300,2
W,27,40,4,ai,75,300,26
W,27,40,5,log,22,100,10
S,27,40,789,7379
W,28,40,3,ctrl,7,300,2
W,28,40,4,ai,71,300,26
W,28,40,5,log,25,100,10
S,28,40,833,6388
W,29,40,3,ctrl,3,300,2
W,29,40,4,ai,73,300,26
W,29,40,5,log,24,100,10
S,29,40,818,14266
W,30,40,3,ctrl,4,300,2
W,30,40,4,ai,77,300,26
W,30,40,5,log,23,100,10
S,30,40,795,11263
W,31,40,3,ctrl,4,300,2
W,31,40,4,ai,72,300,26
W,31,40,5,log,24,100,10
S,31,40,822,10700
W,32,40,3,ctrl,3,300,2
W,32,40,4,ai,74,300,26
W,32,40,5,log,23,100,10
S,32,40,805,14266
W,33,40,3,ctrl,12,300,2
W,33,40,4,ai,65,300,26
W,33,40,5,log,25,100,10
S,33,40,856,3658
W,34,40,3,ctrl,8,300,2
W,34,40,4,ai,71,300,26
W,34,40,5,log,25,100,10
S,34,40,834,5631
W,35,40,3,ctrl,4,300,2
W,35,40,4,ai,71,300,26
W,35,40,5,log,25,100,10
S,35,40,834,10700
W,36,40,3,ctrl,12,300,2
W,36,40,4,ai,66,300,26
W,36,40,5,log,25,100,10
S,36,40,852,3689
W,37,40,3,ctrl,9,300,2
W,37,40,4,ai,65,300,26
W,37,40,5,log,25,100,10
S,37,40,854,4755
W,38,40,3,ctrl,7,300,2
W,38,40,4,ai,73,300,26
W,38,40,5,log,23,100,10
S,38,40,807,6388
W,39,40,3,ctrl,7,300,2
W,39,40,4,ai,73,300,26
W,39,40,5,log,20,100,10
S,39,40,771,6114
W,40,40,3,ctrl,4,300,2
W,40,40,4,ai,75,300,26
W,40,40,5,log,24,100,10
S,40,40,812,11263
W,41,40,3,ctrl,7,300,2
W,41,40,4,ai,70,300,26
W,41,40,5,log,22,100,10
S,41,40,806,6114
W,42,40,3,ctrl,4,300,2
W,42,40,4,ai,77,300,26
W,42,40,5,log,23,100,10
S,42,40,795,11263
W,43,40,3,ctrl,6,300,2
W,43,40,4,ai,70,300,26
W,43,40,5,log,24,100,10
S,43,40,828,7133
W,44,40,3,ctrl,8,300,2
W,44,40,4,ai,70,300,26
W,44,40,5,log,21,100,10
S,44,40,794,5350
W,45,40,3,ctrl,5,300,2
W,45,40,4,ai,74,300,26
W,45,40,5,log,23,100,10
S,45,40,804,8734
W,46,40,3,ctrl,7,300,2
W,46,40,4,ai,75,300,26
W,46,40,5,log,20,100,10
S,46,40,764,6294
W,47,40,3,ctrl,8,300,2
W,47,40,4,ai,67,300,26
W,47,40,5,log,25,100,10
S,47,40,848,5350
W,48,40,3,ctrl,6,300,2
W,48,40,4,ai,71,300,26
W,48,40,5,log,25,100,10
S,48,40,834,7379
W,49,40,3,ctrl,6,300,2
W,49,40,4,ai,69,300,26
W,49,40,5,log,28,100,10
S,49,40,862,7379
W,50,40,3,ctrl,9,300,2
W,50,40,4,ai,65,300,26
W,50,40,5,log,25,100,10
S,50,40,854,4755
W,51,40,3,ctrl,4,300,2
W,51,40,4,ai,73,300,26
W,51,40,5,log,25,100,10
S,51,40,828,10974
W,52,40,3,ctrl,8,300,2
W,52,40,4,ai,69,300,26
W,52,40,5,log,25,100,10
S,52,40,841,5487
W,53,40,3,ctrl,9,300,2
W,53,40,4,ai,69,300,26
W,53,40,5,log,25,100,10
S,53,40,840,4919
W,54,40,3,ctrl,11,300,2
W,54,40,4,ai,63,300,26
W,54,40,5,log,29,100,10
S,54,40,883,4037
W,55,40,3,ctrl,8,300,2
W,55,40,4,ai,69,300,26
W,55,40,5,log,25,100,10
S,55,40,841,5487
W,56,40,3,ctrl,3,300,2
W,56,40,4,ai,75,300,26
W,56,40,5,log,25,100,10
S,56,40,820,14758
W,57,40,3,ctrl,14,300,2
W,57,40,4,ai,61,300,26
W,57,40,5,log,25,100,10
S,57,40,871,3057
K,-1,ai,25,311833
J,-1,ctrl,1,600,0,0,0,1549,4519,0,7
K,-1,log,9,103350
W,58,40,3,ctrl,3,300,1
W,58,40,4,ai,24,100,1
W,58,40,5,log,8,50,1
S,58,40,794,7835
W,59,40,3,ctrl,0,300,1
W,59,40,4,ai,0,100,1
W,59,40,5,log,0,50,1
S,59,40,658,9999
# done
# WARMUP config=medium alpha=50
# prev_baseline_reset ngroups=3
# schedlab win=100 total=6000 groups=3 alpha=50
W,1,50,3,ctrl,6,300,2
W,1,50,4,ai,63,400,16
W,1,50,5,log,29,150,10
S,1,50,879,5770
W,2,50,3,ctrl,5,300,2
W,2,50,4,ai,73,500,26
W,2,50,5,log,25,150,10
S,2,50,851,6562
W,3,50,3,ctrl,7,300,2
W,3,50,4,ai,69,500,26
W,3,50,5,log,24,150,10
S,3,50,860,4500
W,4,50,3,ctrl,6,300,2
W,4,50,4,ai,72,500,26
W,4,50,5,log,23,150,10
S,4,50,831,5338
W,5,50,3,ctrl,11,300,2
W,5,50,4,ai,72,500,26
W,5,50,5,log,20,150,10
S,5,50,780,2971
W,6,50,3,ctrl,12,300,2
W,6,50,4,ai,67,500,26
W,6,50,5,log,21,150,10
S,6,50,831,2625
W,7,50,3,ctrl,7,300,2
W,7,50,4,ai,72,500,26
W,7,50,5,log,22,150,10
S,7,50,817,4565
W,8,50,3,ctrl,10,300,2
W,8,50,4,ai,76,500,26
W,8,50,5,log,16,150,10
S,8,50,669,3214
W,9,50,3,ctrl,11,300,2
W,9,50,4,ai,65,500,26
W,9,50,5,log,23,150,10
S,9,50,869,2837
W,10,50,3,ctrl,4,300,2
W,10,50,4,ai,75,500,26
W,10,50,5,log,24,150,10
S,10,50,832,8289
W,11,50,3,ctrl,3,300,2
W,11,50,4,ai,76,500,26
W,11,50,5,log,24,150,10
S,11,50,828,10862
W,12,50,3,ctrl,1,300,2
W,12,50,4,ai,80,500,26
W,12,50,5,log,19,150,10
S,12,50,737,31500
W,13,50,3,ctrl,6,300,2
W,13,50,4,ai,77,500,26
W,13,50,5,log,19,150,10
S,13,50,740,5431
W,14,50,3,ctrl,9,300,2
W,14,50,4,ai,71,500,26
W,14,50,5,log,22,150,10
S,14,50,823,3579
W,15,50,3,ctrl,7,300,2
W,15,50,4,ai,72,500,26
W,15,50,5,log,25,150,10
S,15,50,858,4701
W,16,50,3,ctrl,6,300,2
W,16,50,4,ai,72,500,26
W,16,50,5,log,23,150,10
S,16,50,831,5338
W,17,50,3,ctrl,12,300,2
W,17,50,4,ai,71,500,26
W,17,50,5,log,18,150,10
S,17,50,736,2669
W,18,50,3,ctrl,9,300,2
W,18,50,4,ai,72,500,26
W,18,50,5,log,22,150,10
S,18,50,818,3620
W,19,50,3,ctrl,1,300,2
W,19,50,4,ai,77,500,26
W,19,50,5,log,25,150,10
S,19,50,833,35000
W,20,50,3,ctrl,5,300,2
W,20,50,4,ai,70,500,26
W,20,50,5,log,25,150,10
S,20,50,864,6300
W,21,50,3,ctrl,7,300,2
W,21,50,4,ai,75,500,26
W,21,50,5,log,16,150,10
S,21,50,683,4436
W,22,50,3,ctrl,7,300,2
W,22,50,4,ai,70,500,26
W,22,50,5,log,22,150,10
S,22,50,828,4500
W,23,50,3,ctrl,8,300,2
W,23,50,4,ai,69,500,26
W,23,50,5,log,25,150,10
S,23,50,870,4038
W,24,50,3,ctrl,5,300,2
W,24,50,4,ai,77,500,26
W,24,50,5,log,20,150,10
S,24,50,762,6428
W,25,50,3,ctrl,3,300,2
W,25,50,4,ai,77,500,26
W,25,50,5,log,23,150,10
S,25,50,810,10862
W,26,50,3,ctrl,10,300,2
W,26,50,4,ai,74,500,26
W,26,50,5,log,19,150,10
S,26,50,747,3247
W,27,50,3,ctrl,5,300,2
W,27,50,4,ai,73,500,26
W,27,50,5,log,25,150,10
S,27,50,851,6562
W,28,50,3,ctrl,0,300,2
W,28,50,4,ai,78,500,26
W,28,50,5,log,25,150,10
S,28,50,830,9999
W,29,50,3,ctrl,6,300,2
W,29,50,4,ai,71,500,26
W,29,50,5,log,25,150,10
S,29,50,860,5431
W,30,50,3,ctrl,3,300,2
W,30,50,4,ai,80,500,26
W,30,50,5,log,18,150,10
S,30,50,715,10862
W,31,50,3,ctrl,8,300,2
W,31,50,4,ai,70,500,26
W,31,50,5,log,21,150,10
S,31,50,812,3937
W,32,50,3,ctrl,9,300,2
W,32,50,4,ai,70,500,26
W,32,50,5,log,22,150,10
S,32,50,828,3539
W,33,50,3,ctrl,2,300,2
W,33,50,4,ai,77,500,26
W,33,50,5,log,23,150,10
S,33,50,809,16578
W,34,50,3,ctrl,5,300,2
W,34,50,4,ai,78,500,26
W,34,50,5,log,20,150,10
S,34,50,757,6562
W,35,50,3,ctrl,5,300,2
W,35,50,4,ai,77,500,26
W,35,50,5,log,21,150,10
S,35,50,777,6562
W,36,50,3,ctrl,8,300,2
W,36,50,4,ai,73,500,26
W,36,50,5,log,21,150,10
S,36,50,795,4038
W,37,50,3,ctrl,4,300,2
W,37,50,4,ai,73,500,26
W,37,50,5,log,25,150,10
S,37,50,852,8076
W,38,50,3,ctrl,7,300,2
W,38,50,4,ai,71,500,26
W,38,50,5,log,22,150,10
S,38,50,824,4500
W,39,50,3,ctrl,2,300,2
W,39,50,4,ai,82,500,26
W,39,50,5,log,20,150,10
S,39,50,744,16578
W,40,50,3,ctrl,6,300,2
W,40,50,4,ai,72,500,26
W,40,50,5,log,23,150,10
S,40,50,831,5338
W,41,50,3,ctrl,7,300,2
W,41,50,4,ai,70,500,26
W,41,50,5,log,23,150,10
S,41,50,843,4500
W,42,50,3,ctrl,7,300,2
W,42,50,4,ai,80,500,26
W,42,50,5,log,17,150,10
S,42,50,682,4701
W,43,50,3,ctrl,12,300,2
W,43,50,4,ai,66,500,26
W,43,50,5,log,21,150,10
S,43,50,837,2603
W,44,50,3,ctrl,6,300,2
W,44,50,4,ai,73,500,26
W,44,50,5,log,23,150,10
S,44,50,827,5431
W,45,50,3,ctrl,5,300,2
W,45,50,4,ai,71,500,26
W,45,50,5,log,21,150,10
S,45,50,806,6176
W,46,50,3,ctrl,4,300,2
W,46,50,4,ai,76,500,26
W,46,50,5,log,20,150,10
S,46,50,768,7875
W,47,50,3,ctrl,5,300,2
W,47,50,4,ai,70,500,26
W,47,50,5,log,25,150,10
S,47,50,864,6300
W,48,50,3,ctrl,6,300,2
W,48,50,4,ai,76,500,26
W,48,50,5,log,22,150,10
S,48,50,798,5526
W,49,50,3,ctrl,10,300,2
W,49,50,4,ai,72,500,26
W,49,50,5,log,18,150,10
S,49,50,737,3150
W,50,50,3,ctrl,6,300,2
W,50,50,4,ai,69,500,26
W,50,50,5,log,23,150,10
S,50,50,845,5163
W,51,50,3,ctrl,6,300,2
W,51,50,4,ai,76,500,26
W,51,50,5,log,19,150,10
S,51,50,746,5338
W,52,50,3,ctrl,6,300,2
W,52,50,4,ai,71,500,26
W,52,50,5,log,23,150,10
S,52,50,838,5250
W,53,50,3,ctrl,9,300,2
W,53,50,4,ai,71,500,26
W,53,50,5,log,20,150,10
S,53,50,788,3500
W,54,50,3,ctrl,7,300,2
W,54,50,4,ai,69,500,26
W,54,50,5,log,23,150,10
S,54,50,846,4500
W,55,50,3,ctrl,7,300,2
W,55,50,4,ai,79,500,26
W,55,50,5,log,17,150,10
S,55,50,688,4701
W,56,50,3,ctrl,6,300,2
W,56,50,4,ai,71,500,26
W,56,50,5,log,23,150,10
S,56,50,838,5250
W,57,50,3,ctrl,8,300,2
W,57,50,4,ai,69,500,26
W,57,50,5,log,25,150,10
S,57,50,870,4038
J,-1,ctrl,1,599,0,0,0,408,1002,0,7
K,-1,log,9,95127
K,-1,ai,25,295260
W,58,50,3,ctrl,3,300,1
W,58,50,4,ai,38,100,1
W,58,50,5,log,10,50,1
S,58,50,757,11482
W,59,50,3,ctrl,0,300,1
W,59,50,4,ai,0,100,1
W,59,50,5,log,0,50,1
S,59,50,658,9999
# done
# RUN config=medium alpha=50 rep=1/5
# prev_baseline_reset ngroups=3
# schedlab win=100 total=6000 groups=3 alpha=50
W,1,50,3,ctrl,6,300,2
W,1,50,4,ai,69,400,21
W,1,50,5,log,25,150,10
S,1,50,822,5866
W,2,50,3,ctrl,6,300,2
W,2,50,4,ai,71,500,26
W,2,50,5,log,22,150,10
S,2,50,823,5250
W,3,50,3,ctrl,7,300,2
W,3,50,4,ai,72,500,26
W,3,50,5,log,20,150,10
S,3,50,784,4500
W,4,50,3,ctrl,1,300,2
W,4,50,4,ai,79,500,26
W,4,50,5,log,22,150,10
S,4,50,787,35000
W,5,50,3,ctrl,11,300,2
W,5,50,4,ai,70,500,26
W,5,50,5,log,21,150,10
S,5,50,810,2943
W,6,50,3,ctrl,3,300,2
W,6,50,4,ai,74,500,26
W,6,50,5,log,23,150,10
S,6,50,824,10500
W,7,50,3,ctrl,6,300,2
W,7,50,4,ai,72,500,26
W,7,50,5,log,24,150,10
S,7,50,845,5431
W,8,50,3,ctrl,8,300,2
W,8,50,4,ai,74,500,26
W,8,50,5,log,18,150,10
S,8,50,731,3937
W,9,50,3,ctrl,10,300,2
W,9,50,4,ai,70,500,26
W,9,50,5,log,24,150,10
S,9,50,857,3281
W,10,50,3,ctrl,6,300,2
W,10,50,4,ai,74,500,26
W,10,50,5,log,23,150,10
S,10,50,824,5431
W,11,50,3,ctrl,10,300,2
W,11,50,4,ai,65,500,26
W,11,50,5,log,24,150,10
S,11,50,877,3118
W,12,50,3,ctrl,1,300,2
W,12,50,4,ai,83,500,26
W,12,50,5,log,19,150,10
S,12,50,724,35000
W,13,50,3,ctrl,11,300,2
W,13,50,4,ai,69,500,26
W,13,50,5,log,22,150,10
S,13,50,834,2943
W,14,50,3,ctrl,10,300,2
W,14,50,4,ai,67,500,26
W,14,50,5,log,25,150,10
S,14,50,879,3214
W,15,50,3,ctrl,3,300,2
W,15,50,4,ai,81,500,26
W,15,50,5,log,20,150,10
S,15,50,746,11250
W,16,50,3,ctrl,7,300,2
W,16,50,4,ai,72,500,26
W,16,50,5,log,21,150,10
S,16,50,803,4500
W,17,50,3,ctrl,2,300,2
W,17,50,4,ai,74,500,26
W,17,50,5,log,25,150,10
S,17,50,845,16578
W,18,50,3,ctrl,8,300,2
W,18,50,4,ai,73,500,26
W,18,50,5,log,22,150,10
S,18,50,812,4090
W,19,50,3,ctrl,8,300,2
W,19,50,4,ai,73,500,26
W,19,50,5,log,19,150,10
S,19,50,758,3937
W,20,50,3,ctrl,2,300,2
W,20,50,4,ai,78,500,26
W,20,50,5,log,21,150,10
S,20,50,775,16578
W,21,50,3,ctrl,6,300,2
W,21,50,4,ai,72,500,26
W,21,50,5,log,22,150,10
S,21,50,819,5250
W,22,50,3,ctrl,6,300,2
W,22,50,4,ai,73,500,26
W,22,50,5,log,23,150,10
S,22,50,827,5431
W,23,50,3,ctrl,8,300,2
W,23,50,4,ai,71,500,26
W,23,50,5,log,23,150,10
S,23,50,838,4038
W,24,50,3,ctrl,8,300,2
W,24,50,4,ai,73,500,26
W,24,50,5,log,19,150,10
S,24,50,758,3937
W,25,50,3,ctrl,8,300,2
W,25,50,4,ai,75,500,26
W,25,50,5,log,21,150,10
S,25,50,784,4144
W,26,50,3,ctrl,9,300,2
W,26,50,4,ai,74,500,26
W,26,50,5,log,19,150,10
S,26,50,750,3579
W,27,50,3,ctrl,5,300,2
W,27,50,4,ai,69,500,26
W,27,50,5,log,24,150,10
S,27,50,856,6176
W,28,50,3,ctrl,6,300,2
W,28,50,4,ai,72,500,26
W,28,50,5,log,23,150,10
S,28,50,831,5338
W,29,50,3,ctrl,6,300,2
W,29,50,4,ai,78,500,26
W,29,50,5,log,20,150,10
S,29,50,755,5526
W,30,50,3,ctrl,3,300,2
W,30,50,4,ai,72,500,26
W,30,50,5,log,23,150,10
S,30,50,830,10500
W,31,50,3,ctrl,9,300,2
W,31,50,4,ai,69,500,26
W,31,50,5,log,21,150,10
S,31,50,817,3500
W,32,50,3,ctrl,7,300,2
W,32,50,4,ai,97,500,26
W,32,50,5,log,25,150,10
S,32,50,756,5833
W,33,50,3,ctrl,4,300,2
W,33,50,4,ai,79,500,26
W,33,50,5,log,20,150,10
S,33,50,753,8289
W,34,50,3,ctrl,10,300,2
W,34,50,4,ai,75,500,26
W,34,50,5,log,18,150,10
S,34,50,718,3247
W,35,50,3,ctrl,7,300,2
W,35,50,4,ai,75,500,26
W,35,50,5,log,20,150,10
S,35,50,768,4632
W,36,50,3,ctrl,6,300,2
W,36,50,4,ai,70,500,26
W,36,50,5,log,24,150,10
S,36,50,855,5250
W,37,50,3,ctrl,5,300,2
W,37,50,4,ai,74,500,26
W,37,50,5,log,19,150,10
S,37,50,755,6176
W,38,50,3,ctrl,2,300,2
W,38,50,4,ai,79,500,26
W,38,50,5,log,22,150,10
S,38,50,787,16578
W,39,50,3,ctrl,9,300,2
W,39,50,4,ai,74,500,26
W,39,50,5,log,21,150,10
S,39,50,789,3662
W,40,50,3,ctrl,3,300,2
W,40,50,4,ai,75,500,26
W,40,50,5,log,24,150,10
S,40,50,831,10862
W,41,50,3,ctrl,2,300,2
W,41,50,4,ai,77,500,26
W,41,50,5,log,25,150,10
S,41,50,835,16578
W,42,50,3,ctrl,5,300,2
W,42,50,4,ai,75,500,26
W,42,50,5,log,23,150,10
S,42,50,819,6562
W,43,50,3,ctrl,6,300,2
W,43,50,4,ai,78,500,26
W,43,50,5,log,18,150,10
S,43,50,715,5431
W,44,50,3,ctrl,7,300,2
W,44,50,4,ai,77,500,26
W,44,50,5,log,18,150,10
S,44,50,717,4632
W,45,50,3,ctrl,4,300,2
W,45,50,4,ai,78,500,26
W,45,50,5,log,22,150,10
S,45,50,790,8289
W,46,50,3,ctrl,2,300,2
W,46,50,4,ai,77,500,26
W,46,50,5,log,25,150,10
S,46,50,835,16578
W,47,50,3,ctrl,9,300,2
W,47,50,4,ai,69,500,26
W,47,50,5,log,25,150,10
S,47,50,870,3620
W,48,50,3,ctrl,10,300,2
W,48,50,4,ai,72,500,26
W,48,50,5,log,20,150,10
S,48,50,782,3214
W,49,50,3,ctrl,5,300,2
W,49,50,4,ai,77,500,26
W,49,50,5,log,22,150,10
S,49,50,795,6562
W,50,50,3,ctrl,6,300,2
W,50,50,4,ai,69,500,26
W,50,50,5,log,21,150,10
S,50,50,815,5080
W,51,50,3,ctrl,2,300,2
W,51,50,4,ai,75,500,26
W,51,50,5,log,25,150,10
S,51,50,843,16578
W,52,50,3,ctrl,6,300,2
W,52,50,4,ai,75,500,26
W,52,50,5,log,23,150,10
S,52,50,819,5526
W,53,50,3,ctrl,4,300,2
W,53,50,4,ai,80,500,26
W,53,50,5,log,20,150,10
S,53,50,749,8289
W,54,50,3,ctrl,5,300,2
W,54,50,4,ai,74,500,26
W,54,50,5,log,24,150,10
S,54,50,837,6562
W,55,50,3,ctrl,6,300,2
W,55,50,4,ai,71,500,26
W,55,50,5,log,25,150,10
S,55,50,860,5431
W,56,50,3,ctrl,8,300,2
W,56,50,4,ai,70,500,26
W,56,50,5,log,24,150,10
S,56,50,856,4038
K,-1,ai,25,323463
J,-1,ctrl,1,600,0,0,0,389,853,0,6
K,-1,log,9,97693
W,57,50,3,ctrl,5,300,1
W,57,50,4,ai,64,100,1
W,57,50,5,log,20,50,1
S,57,50,785,11892
W,58,50,3,ctrl,0,300,1
W,58,50,4,ai,0,100,1
W,58,50,5,log,0,50,1
S,58,50,658,9999
# done
# RUN config=medium alpha=50 rep=2/5
# prev_baseline_reset ngroups=3
# schedlab win=100 total=6000 groups=3 alpha=50
W,1,50,3,ctrl,7,300,2
W,1,50,4,ai,64,500,25
W,1,50,5,log,32,150,10
S,1,50,872,4701
W,2,50,3,ctrl,8,300,2
W,2,50,4,ai,69,500,25
W,2,50,5,log,25,150,10
S,2,50,870,4038
W,3,50,3,ctrl,7,300,2
W,3,50,4,ai,66,500,26
W,3,50,5,log,25,150,10
S,3,50,878,4436
W,4,50,3,ctrl,7,300,2
W,4,50,4,ai,73,500,26
W,4,50,5,log,22,150,10
S,4,50,812,4632
W,5,50,3,ctrl,5,300,2
W,5,50,4,ai,76,500,26
W,5,50,5,log,20,150,10
S,5,50,766,6428
W,6,50,3,ctrl,11,300,2
W,6,50,4,ai,67,500,26
W,6,50,5,log,22,150,10
S,6,50,847,2863
W,7,50,3,ctrl,8,300,2
W,7,50,4,ai,71,500,26
W,7,50,5,log,23,150,10
S,7,50,838,4038
W,8,50,3,ctrl,7,300,2
W,8,50,4,ai,75,500,26
W,8,50,5,log,18,150,10
S,8,50,728,4500
W,9,50,3,ctrl,6,300,2
W,9,50,4,ai,71,500,26
W,9,50,5,log,24,150,10
S,9,50,849,5338
W,10,50,3,ctrl,5,300,2
W,10,50,4,ai,74,500,26
W,10,50,5,log,25,150,10
S,10,50,848,6562
W,11,50,3,ctrl,9,300,2
W,11,50,4,ai,69,500,26
W,11,50,5,log,23,150,10
S,11,50,848,3539
W,12,50,3,ctrl,12,300,2
W,12,50,4,ai,68,500,26
W,12,50,5,log,22,150,10
S,12,50,840,2692
W,13,50,3,ctrl,8,300,2
W,13,50,4,ai,78,500,26
W,13,50,5,log,15,150,10
S,13,50,691,3987
W,14,50,3,ctrl,5,300,2
W,14,50,4,ai,73,500,26
W,14,50,5,log,23,150,10
S,14,50,827,6428
W,15,50,3,ctrl,8,300,2
W,15,50,4,ai,71,500,26
W,15,50,5,log,25,150,10
S,15,50,862,4144
W,16,50,3,ctrl,6,300,2
W,16,50,4,ai,71,500,26
W,16,50,5,log,23,150,10
S,16,50,838,5250
W,17,50,3,ctrl,5,300,2
W,17,50,4,ai,77,500,26
W,17,50,5,log,18,150,10
S,17,50,724,6300
W,18,50,3,ctrl,3,300,2
W,18,50,4,ai,72,500,26
W,18,50,5,log,25,150,10
S,18,50,855,10500
W,19,50,3,ctrl,8,300,2
W,19,50,4,ai,78,500,26
W,19,50,5,log,17,150,10
S,19,50,689,4090
W,20,50,3,ctrl,5,300,2
W,20,50,4,ai,78,500,26
W,20,50,5,log,19,150,10
S,20,50,738,6428
W,21,50,3,ctrl,8,300,2
W,21,50,4,ai,68,500,26
W,21,50,5,log,24,150,10
S,21,50,865,3937
W,22,50,3,ctrl,3,300,2
W,22,50,4,ai,73,500,26
W,22,50,5,log,25,150,10
S,22,50,849,10862
W,23,50,3,ctrl,5,300,2
W,23,50,4,ai,75,500,26
W,23,50,5,log,20,150,10
S,23,50,771,6300
W,24,50,3,ctrl,1,300,2
W,24,50,4,ai,79,500,26
W,24,50,5,log,22,150,10
S,24,50,787,35000
W,25,50,3,ctrl,7,300,2
W,25,50,4,ai,72,500,26
W,25,50,5,log,23,150,10
S,25,50,832,4632
W,26,50,3,ctrl,2,300,2
W,26,50,4,ai,76,500,26
W,26,50,5,log,24,150,10
S,26,50,827,16578
W,27,50,3,ctrl,3,300,2
W,27,50,4,ai,76,500,26
W,27,50,5,log,24,150,10
S,27,50,828,10862
W,28,50,3,ctrl,5,300,2
W,28,50,4,ai,74,500,26
W,28,50,5,log,19,150,10
S,28,50,755,6176
W,29,50,3,ctrl,9,300,2
W,29,50,4,ai,75,500,26
W,29,50,5,log,20,150,10
S,29,50,765,3662
W,30,50,3,ctrl,4,300,2
W,30,50,4,ai,71,500,26
W,30,50,5,log,25,150,10
S,30,50,859,7875
W,31,50,3,ctrl,5,300,2
W,31,50,4,ai,76,500,26
W,31,50,5,log,19,150,10
S,31,50,748,6300
W,32,50,3,ctrl,3,300,2
W,32,50,4,ai,74,500,26
W,32,50,5,log,22,150,10
S,32,50,809,10500
W,33,50,3,ctrl,8,300,2
W,33,50,4,ai,69,500,26
W,33,50,5,log,23,150,10
S,33,50,849,3937
W,34,50,3,ctrl,9,300,2
W,34,50,4,ai,76,500,26
W,34,50,5,log,18,150,10
S,34,50,716,3620
W,35,50,3,ctrl,5,300,2
W,35,50,4,ai,78,500,26
W,35,50,5,log,20,150,10
S,35,50,757,6562
W,36,50,3,ctrl,8,300,2
W,36,50,4,ai,71,500,26
W,36,50,5,log,22,150,10
S,36,50,822,3987
W,37,50,3,ctrl,4,300,2
W,37,50,4,ai,72,500,26
W,37,50,5,log,24,150,10
S,37,50,845,7875
W,38,50,3,ctrl,2,300,2
W,38,50,4,ai,77,500,26
W,38,50,5,log,19,150,10
S,38,50,746,15750
W,39,50,3,ctrl,6,300,2
W,39,50,4,ai,71,500,26
W,39,50,5,log,25,150,10
S,39,50,860,5431
W,40,50,3,ctrl,4,300,2
W,40,50,4,ai,74,500,26
W,40,50,5,log,24,150,10
S,40,50,836,8076
W,41,50,3,ctrl,3,300,2
W,41,50,4,ai,80,500,26
W,41,50,5,log,19,150,10
S,41,50,733,10862
W,42,50,3,ctrl,9,300,2
W,42,50,4,ai,76,500,26
W,42,50,5,log,18,150,10
S,42,50,716,3620
W,43,50,3,ctrl,4,300,2
W,43,50,4,ai,74,500,26
W,43,50,5,log,24,150,10
S,43,50,836,8076
W,44,50,3,ctrl,1,300,2
W,44,50,4,ai,74,500,26
W,44,50,5,log,25,150,10
S,44,50,846,31500
W,45,50,3,ctrl,8,300,2
W,45,50,4,ai,74,500,26
W,45,50,5,log,18,150,10
S,45,50,731,3937
W,46,50,3,ctrl,6,300,2
W,46,50,4,ai,73,500,26
W,46,50,5,log,25,150,10
S,46,50,852,5526
W,47,50,3,ctrl,2,300,2
W,47,50,4,ai,74,500,26
W,47,50,5,log,24,150,10
S,47,50,836,15750
W,48,50,3,ctrl,4,300,2
W,48,50,4,ai,76,500,26
W,48,50,5,log,20,150,10
S,48,50,768,7875
W,49,50,3,ctrl,3,300,2
W,49,50,4,ai,79,500,26
W,49,50,5,log,21,150,10
S,49,50,770,10862
W,50,50,3,ctrl,10,300,2
W,50,50,4,ai,75,500,26
W,50,50,5,log,17,150,10
S,50,50,694,3214
W,51,50,3,ctrl,3,300,2
W,51,50,4,ai,74,500,26
W,51,50,5,log,25,150,10
S,51,50,847,10862
W,52,50,3,ctrl,9,300,2
W,52,50,4,ai,69,500,26
W,52,50,5,log,21,150,10
S,52,50,817,3500
W,53,50,3,ctrl,9,300,2
W,53,50,4,ai,70,500,26
W,53,50,5,log,20,150,10
S,53,50,793,3500
W,54,50,3,ctrl,6,300,2
W,54,50,4,ai,72,500,26
W,54,50,5,log,24,150,10
S,54,50,845,5431
W,55,50,3,ctrl,5,300,2
W,55,50,4,ai,74,500,26
W,55,50,5,log,24,150,10
S,55,50,837,6562
W,56,50,3,ctrl,6,300,2
W,56,50,4,ai,74,500,26
W,56,50,5,log,23,150,10
S,56,50,824,5431
W,57,50,3,ctrl,2,300,2
W,57,50,4,ai,77,500,26
W,57,50,5,log,25,150,10
S,57,50,835,16578
J,-1,ctrl,1,598,0,0,0,2691,12731,0,10
K,-1,log,9,103446
K,-1,ai,25,336095
W,58,50,3,ctrl,1,300,1
W,58,50,4,ai,23,100,1
W,58,50,5,log,5,50,1
S,58,50,730,19588
W,59,50,3,ctrl,0,300,1
W,59,50,4,ai,0,100,1
W,59,50,5,log,0,50,1
S,59,50,658,9999
# done
# RUN config=medium alpha=50 rep=3/5
# prev_baseline_reset ngroups=3
# schedlab win=100 total=6000 groups=3 alpha=50
W,1,50,3,ctrl,3,300,2
W,1,50,4,ai,73,500,26
W,1,50,5,log,24,150,10
S,1,50,840,10500
W,2,50,3,ctrl,7,300,2
W,2,50,4,ai,68,500,26
W,2,50,5,log,23,150,10
S,2,50,850,4436
W,3,50,3,ctrl,0,300,2
W,3,50,4,ai,79,500,26
W,3,50,5,log,25,150,10
S,3,50,827,9999
W,4,50,3,ctrl,2,300,2
W,4,50,4,ai,82,500,26
W,4,50,5,log,20,150,10
S,4,50,744,16578
W,5,50,3,ctrl,3,300,2
W,5,50,4,ai,77,500,26
W,5,50,5,log,24,150,10
S,5,50,822,11250
W,6,50,3,ctrl,8,300,2
W,6,50,4,ai,74,500,26
W,6,50,5,log,21,150,10
S,6,50,789,4090
W,7,50,3,ctrl,3,300,2
W,7,50,4,ai,73,500,26
W,7,50,5,log,23,150,10
S,7,50,827,10500
W,8,50,3,ctrl,6,300,2
W,8,50,4,ai,72,500,26
W,8,50,5,log,24,150,10
S,8,50,845,5431
W,9,50,3,ctrl,7,300,2
W,9,50,4,ai,80,500,26
W,9,50,5,log,15,150,10
S,9,50,692,4632
W,10,50,3,ctrl,6,300,2
W,10,50,4,ai,76,500,26
W,10,50,5,log,20,150,10
S,10,50,765,5431
W,11,50,3,ctrl,9,300,2
W,11,50,4,ai,72,500,26
W,11,50,5,log,22,150,10
S,11,50,818,3620
W,12,50,3,ctrl,7,300,2
W,12,50,4,ai,72,500,26
W,12,50,5,log,23,150,10
S,12,50,832,4632
W,13,50,3,ctrl,2,300,2
W,13,50,4,ai,77,500,26
W,13,50,5,log,24,150,10
S,13,50,824,16578
W,14,50,3,ctrl,2,300,2
W,14,50,4,ai,74,500,26
W,14,50,5,log,25,150,10
S,14,50,845,16578
W,15,50,3,ctrl,8,300,2
W,15,50,4,ai,73,500,26
W,15,50,5,log,22,150,10
S,15,50,812,4090
W,16,50,3,ctrl,5,300,2
W,16,50,4,ai,79,500,26
W,16,50,5,log,19,150,10
S,16,50,733,6562
W,17,50,3,ctrl,6,300,2
W,17,50,4,ai,75,500,26
W,17,50,5,log,22,150,10
S,17,50,803,5431
W,18,50,3,ctrl,7,300,2
W,18,50,4,ai,74,500,26
W,18,50,5,log,23,150,10
S,18,50,824,4701
W,19,50,3,ctrl,5,300,2
W,19,50,4,ai,72,500,26
W,19,50,5,log,23,150,10
S,19,50,833,6300
W,20,50,3,ctrl,9,300,2
W,20,50,4,ai,71,500,26
W,20,50,5,log,19,150,10
S,20,50,764,3500
W,21,50,3,ctrl,6,300,2
W,21,50,4,ai,76,500,26
W,21,50,5,log,21,150,10
S,21,50,781,5431
W,22,50,3,ctrl,3,300,2
W,22,50,4,ai,71,500,26
W,22,50,5,log,25,150,10
S,22,50,857,10500
W,23,50,3,ctrl,3,300,2
W,23,50,4,ai,77,500,26
W,23,50,5,log,24,150,10
S,23,50,822,11250
W,24,50,3,ctrl,10,300,2
W,24,50,4,ai,72,500,26
W,24,50,5,log,20,150,10
S,24,50,782,3214
W,25,50,3,ctrl,8,300,2
W,25,50,4,ai,72,500,26
W,25,50,5,log,23,150,10
S,25,50,834,4090
W,26,50,3,ctrl,4,300,2
W,26,50,4,ai,74,500,26
W,26,50,5,log,23,150,10
S,26,50,822,8076
W,27,50,3,ctrl,8,300,2
W,27,50,4,ai,70,500,26
W,27,50,5,log,24,150,10
S,27,50,856,4038
W,28,50,3,ctrl,7,300,2
W,28,50,4,ai,73,500,26
W,28,50,5,log,22,150,10
S,28,50,812,4632
W,29,50,3,ctrl,8,300,2
W,29,50,4,ai,73,500,26
W,29,50,5,log,19,150,10
S,29,50,758,3937
W,30,50,3,ctrl,2,300,2
W,30,50,4,ai,78,500,26
W,30,50,5,log,24,150,10
S,30,50,819,16578
W,31,50,3,ctrl,7,300,2
W,31,50,4,ai,70,500,26
W,31,50,5,log,24,150,10
S,31,50,854,4565
W,32,50,3,ctrl,5,300,2
W,32,50,4,ai,74,500,26
W,32,50,5,log,22,150,10
S,32,50,807,6428
W,33,50,3,ctrl,5,300,2
W,33,50,4,ai,80,500,26
W,33,50,5,log,18,150,10
S,33,50,708,6562
W,34,50,3,ctrl,15,300,2
W,34,50,4,ai,66,500,26
W,34,50,5,log,21,150,10
S,34,50,838,2142
W,35,50,3,ctrl,11,300,2
W,35,50,4,ai,70,500,26
W,35,50,5,log,21,150,10
S,35,50,810,2943
W,36,50,3,ctrl,12,300,2
W,36,50,4,ai,69,500,26
W,36,50,5,log,22,150,10
S,36,50,835,2715
W,37,50,3,ctrl,3,300,2
W,37,50,4,ai,75,500,26
W,37,50,5,log,25,150,10
S,37,50,843,10862
W,38,50,3,ctrl,4,300,2
W,38,50,4,ai,79,500,26
W,38,50,5,log,19,150,10
S,38,50,735,8076
W,39,50,3,ctrl,6,300,2
W,39,50,4,ai,76,500,26
W,39,50,5,log,22,150,10
S,39,50,798,5526
W,40,50,3,ctrl,8,300,2
W,40,50,4,ai,71,500,26
W,40,50,5,log,25,150,10
S,40,50,862,4144
W,41,50,3,ctrl,5,300,2
W,41,50,4,ai,76,500,26
W,41,50,5,log,23,150,10
S,41,50,815,6562
W,42,50,3,ctrl,6,300,2
W,42,50,4,ai,73,500,26
W,42,50,5,log,22,150,10
S,42,50,812,5338
W,43,50,3,ctrl,13,300,2
W,43,50,4,ai,67,500,26
W,43,50,5,log,22,150,10
S,43,50,847,2480
W,44,50,3,ctrl,28,300,2
W,44,50,4,ai,56,500,26
W,44,50,5,log,18,150,10
S,44,50,893,1149
W,45,50,3,ctrl,7,300,2
W,45,50,4,ai,71,500,26
W,45,50,5,log,22,150,10
S,45,50,824,4500
W,46,50,3,ctrl,6,300,2
W,46,50,4,ai,77,500,26
W,46,50,5,log,19,150,10
S,46,50,740,5431
W,47,50,3,ctrl,4,300,2
W,47,50,4,ai,76,500,26
W,47,50,5,log,23,150,10
S,47,50,814,8289
W,48,50,3,ctrl,8,300,2
W,48,50,4,ai,71,500,26
W,48,50,5,log,23,150,10
S,48,50,838,4038
W,49,50,3,ctrl,8,300,2
W,49,50,4,ai,73,500,26
W,49,50,5,log,22,150,10
S,49,50,812,4090
W,50,50,3,ctrl,13,300,2
W,50,50,4,ai,71,500,26
W,50,50,5,log,17,150,10
S,50,50,705,2460
W,51,50,3,ctrl,6,300,2
W,51,50,4,ai,71,500,26
W,51,50,5,log,23,150,10
S,51,50,838,5250
W,52,50,3,ctrl,5,300,2
W,52,50,4,ai,74,500,26
W,52,50,5,log,24,150,10
S,52,50,837,6562
W,53,50,3,ctrl,12,300,2
W,53,50,4,ai,71,500,26
W,53,50,5,log,20,150,10
S,53,50,785,2715
W,54,50,3,ctrl,7,300,2
W,54,50,4,ai,74,500,26
W,54,50,5,log,21,150,10
S,54,50,790,4632
W,55,50,3,ctrl,6,300,2
W,55,50,4,ai,70,500,26
W,55,50,5,log,24,150,10
S,55,50,855,5250
W,56,50,3,ctrl,6,300,2
W,56,50,4,ai,70,500,26
W,56,50,5,log,24,150,10
S,56,50,855,5250
J,-1,ctrl,1,599,0,0,0,427,1043,0,9
W,57,50,3,ctrl,8,300,1
W,57,50,4,ai,70,100,1
W,57,50,5,log,18,50,2
S,57,50,751,8024
K,-1,ai,25,307589
K,-1,log,9,91993
W,58,50,3,ctrl,0,300,1
W,58,50,4,ai,5,100,1
W,58,50,5,log,5,50,1
S,58,50,881,9999
# done
# RUN config=medium alpha=50 rep=4/5
# prev_baseline_reset ngroups=3
# schedlab win=100 total=6000 groups=3 alpha=50
W,1,50,3,ctrl,6,300,2
W,1,50,4,ai,65,400,19
W,1,50,5,log,28,150,10
S,1,50,867,5866
W,2,50,3,ctrl,12,300,2
W,2,50,4,ai,68,500,26
W,2,50,5,log,19,150,10
S,2,50,779,2603
W,3,50,3,ctrl,9,300,2
W,3,50,4,ai,70,500,26
W,3,50,5,log,24,150,10
S,3,50,857,3620
W,4,50,3,ctrl,6,300,2
W,4,50,4,ai,79,500,26
W,4,50,5,log,19,150,10
S,4,50,730,5526
W,5,50,3,ctrl,5,300,2
W,5,50,4,ai,77,500,26
W,5,50,5,log,22,150,10
S,5,50,795,6562
W,6,50,3,ctrl,6,300,2
W,6,50,4,ai,71,500,26
W,6,50,5,log,22,150,10
S,6,50,823,5250
W,7,50,3,ctrl,7,300,2
W,7,50,4,ai,73,500,26
W,7,50,5,log,24,150,10
S,7,50,841,4701
W,8,50,3,ctrl,4,300,2
W,8,50,4,ai,79,500,26
W,8,50,5,log,17,150,10
S,8,50,698,7875
W,9,50,3,ctrl,2,300,2
W,9,50,4,ai,79,500,26
W,9,50,5,log,21,150,10
S,9,50,771,16578
W,10,50,3,ctrl,10,300,2
W,10,50,4,ai,67,500,26
W,10,50,5,log,22,150,10
S,10,50,845,3118
W,11,50,3,ctrl,8,300,2
W,11,50,4,ai,71,500,26
W,11,50,5,log,25,150,10
S,11,50,862,4144
W,12,50,3,ctrl,7,300,2
W,12,50,4,ai,75,500,26
W,12,50,5,log,19,150,10
S,12,50,749,4565
W,13,50,3,ctrl,2,300,2
W,13,50,4,ai,73,500,26
W,13,50,5,log,24,150,10
S,13,50,838,15750
W,14,50,3,ctrl,5,300,2
W,14,50,4,ai,71,500,26
W,14,50,5,log,24,150,10
S,14,50,850,6300
W,15,50,3,ctrl,3,300,2
W,15,50,4,ai,79,500,26
W,15,50,5,log,19,150,10
S,15,50,738,10862
W,16,50,3,ctrl,2,300,2
W,16,50,4,ai,78,500,26
W,16,50,5,log,23,150,10
S,16,50,806,16578
W,17,50,3,ctrl,3,300,2
W,17,50,4,ai,76,500,26
W,17,50,5,log,24,150,10
S,17,50,828,10862
W,18,50,3,ctrl,5,300,2
W,18,50,4,ai,70,500,26
W,18,50,5,log,23,150,10
S,18,50,840,6176
W,19,50,3,ctrl,5,300,2
W,19,50,4,ai,75,500,26
W,19,50,5,log,24,150,10
S,19,50,832,6562
W,20,50,3,ctrl,5,300,2
W,20,50,4,ai,76,500,26
W,20,50,5,log,18,150,10
S,20,50,726,6300
W,21,50,3,ctrl,5,300,2
W,21,50,4,ai,71,500,26
W,21,50,5,log,24,150,10
S,21,50,850,6300
W,22,50,3,ctrl,2,300,2
W,22,50,4,ai,77,500,26
W,22,50,5,log,20,150,10
S,22,50,765,15750
W,23,50,3,ctrl,7,300,2
W,23,50,4,ai,72,500,26
W,23,50,5,log,20,150,10
S,23,50,784,4500
W,24,50,3,ctrl,5,300,2
W,24,50,4,ai,76,500,26
W,24,50,5,log,23,150,10
S,24,50,815,6562
W,25,50,3,ctrl,2,300,2
W,25,50,4,ai,77,500,26
W,25,50,5,log,24,150,10
S,25,50,824,16578
W,26,50,3,ctrl,4,300,2
W,26,50,4,ai,75,500,26
W,26,50,5,log,20,150,10
S,26,50,772,7875
W,27,50,3,ctrl,8,300,2
W,27,50,4,ai,75,500,26
W,27,50,5,log,21,150,10
S,27,50,784,4144
W,28,50,3,ctrl,4,300,2
W,28,50,4,ai,76,500,26
W,28,50,5,log,23,150,10
S,28,50,814,8289
W,29,50,3,ctrl,3,300,2
W,29,50,4,ai,73,500,26
W,29,50,5,log,24,150,10
S,29,50,840,10500
W,30,50,3,ctrl,5,300,2
W,30,50,4,ai,75,500,26
W,30,50,5,log,20,150,10
S,30,50,771,6300
W,31,50,3,ctrl,10,300,2
W,31,50,4,ai,64,500,26
W,31,50,5,log,25,150,10
S,31,50,886,3118
W,32,50,3,ctrl,1,300,2
W,32,50,4,ai,77,500,26
W,32,50,5,log,24,150,10
S,32,50,822,35000
W,33,50,3,ctrl,3,300,2
W,33,50,4,ai,77,500,26
W,33,50,5,log,20,150,10
S,33,50,764,10500
W,34,50,3,ctrl,6,300,2
W,34,50,4,ai,72,500,26
W,34,50,5,log,24,150,10
S,34,50,845,5431
W,35,50,3,ctrl,5,300,2
W,35,50,4,ai,71,500,26
W,35,50,5,log,25,150,10
S,35,50,858,6428
W,36,50,3,ctrl,3,300,2
W,36,50,4,ai,79,500,26
W,36,50,5,log,20,150,10
S,36,50,755,10862
W,37,50,3,ctrl,9,300,2
W,37,50,4,ai,74,500,26
W,37,50,5,log,21,150,10
S,37,50,789,3662
W,38,50,3,ctrl,5,300,2
W,38,50,4,ai,72,500,26
W,38,50,5,log,25,150,10
S,38,50,856,6428
W,39,50,3,ctrl,7,300,2
W,39,50,4,ai,67,500,26
W,39,50,5,log,24,150,10
S,39,50,865,4436
W,40,50,3,ctrl,10,300,2
W,40,50,4,ai,69,500,26
W,40,50,5,log,22,150,10
S,40,50,834,3181
W,41,50,3,ctrl,1,300,2
W,41,50,4,ai,80,500,26
W,41,50,5,log,20,150,10
S,41,50,754,35000
W,42,50,3,ctrl,5,300,2
W,42,50,4,ai,77,500,26
W,42,50,5,log,22,150,10
S,42,50,795,6562
W,43,50,3,ctrl,7,300,2
W,43,50,4,ai,72,500,26
W,43,50,5,log,23,150,10
S,43,50,832,4632
W,44,50,3,ctrl,11,300,2
W,44,50,4,ai,74,500,26
W,44,50,5,log,17,150,10
S,44,50,695,2943
W,45,50,3,ctrl,6,300,2
W,45,50,4,ai,68,500,26
W,45,50,5,log,25,150,10
S,45,50,870,5250
W,46,50,3,ctrl,1,300,2
W,46,50,4,ai,76,500,26
W,46,50,5,log,25,150,10
S,46,50,838,35000
W,47,50,3,ctrl,8,300,2
W,47,50,4,ai,70,500,26
W,47,50,5,log,22,150,10
S,47,50,830,3937
W,48,50,3,ctrl,6,300,2
W,48,50,4,ai,77,500,26
W,48,50,5,log,20,150,10
S,48,50,760,5431
W,49,50,3,ctrl,5,300,2
W,49,50,4,ai,76,500,26
W,49,50,5,log,23,150,10
S,49,50,815,6562
W,50,50,3,ctrl,0,300,2
W,50,50,4,ai,75,500,26
W,50,50,5,log,25,150,10
S,50,50,842,9999
W,51,50,3,ctrl,5,300,2
W,51,50,4,ai,76,500,26
W,51,50,5,log,20,150,10
S,51,50,766,6428
W,52,50,3,ctrl,13,300,2
W,52,50,4,ai,61,500,26
W,52,50,5,log,23,150,10
S,52,50,886,2350
W,53,50,3,ctrl,11,300,2
W,53,50,4,ai,68,500,26
W,53,50,5,log,23,150,10
S,53,50,854,2943
W,54,50,3,ctrl,7,300,2
W,54,50,4,ai,70,500,26
W,54,50,5,log,23,150,10
S,54,50,843,4500
W,55,50,3,ctrl,1,300,2
W,55,50,4,ai,78,500,26
W,55,50,5,log,20,150,10
S,55,50,762,31500
W,56,50,3,ctrl,8,300,2
W,56,50,4,ai,70,500,26
W,56,50,5,log,23,150,10
S,56,50,842,3987
W,57,50,3,ctrl,6,300,2
W,57,50,4,ai,71,500,26
W,57,50,5,log,25,150,10
S,57,50,860,5431
K,-1,ai,25,340338
J,-1,ctrl,1,600,0,0,0,2108,7932,0,9
K,-1,log,9,102139
W,58,50,3,ctrl,1,300,1
W,58,50,4,ai,36,100,1
W,58,50,5,log,12,50,1
S,58,50,796,33300
W,59,50,3,ctrl,0,300,1
W,59,50,4,ai,0,100,1
W,59,50,5,log,0,50,1
S,59,50,658,9999
# done
# RUN config=medium alpha=50 rep=5/5
# prev_baseline_reset ngroups=3
# schedlab win=100 total=6000 groups=3 alpha=50
W,1,50,3,ctrl,1,300,2
W,1,50,4,ai,72,400,24
W,1,50,5,log,29,150,10
S,1,50,850,39111
W,2,50,3,ctrl,5,300,2
W,2,50,4,ai,70,500,26
W,2,50,5,log,28,150,10
S,2,50,882,6562
W,3,50,3,ctrl,9,300,2
W,3,50,4,ai,75,500,26
W,3,50,5,log,19,150,10
S,3,50,744,3620
W,4,50,3,ctrl,3,300,2
W,4,50,4,ai,74,500,26
W,4,50,5,log,23,150,10
S,4,50,824,10500
W,5,50,3,ctrl,2,300,2
W,5,50,4,ai,77,500,26
W,5,50,5,log,25,150,10
S,5,50,835,16578
W,6,50,3,ctrl,3,300,2
W,6,50,4,ai,78,500,26
W,6,50,5,log,23,150,10
S,6,50,806,11250
W,7,50,3,ctrl,10,300,2
W,7,50,4,ai,72,500,26
W,7,50,5,log,22,150,10
S,7,50,819,3281
W,8,50,3,ctrl,8,300,2
W,8,50,4,ai,72,500,26
W,8,50,5,log,20,150,10
S,8,50,784,3937
W,9,50,3,ctrl,5,300,2
W,9,50,4,ai,75,500,26
W,9,50,5,log,24,150,10
S,9,50,832,6562
W,10,50,3,ctrl,9,300,2
W,10,50,4,ai,68,500,26
W,10,50,5,log,22,150,10
S,10,50,839,3500
W,11,50,3,ctrl,3,300,2
W,11,50,4,ai,75,500,26
W,11,50,5,log,23,150,10
S,11,50,817,10862
W,12,50,3,ctrl,2,300,2
W,12,50,4,ai,80,500,26
W,12,50,5,log,19,150,10
S,12,50,735,16578
W,13,50,3,ctrl,3,300,2
W,13,50,4,ai,78,500,26
W,13,50,5,log,21,150,10
S,13,50,774,10862
W,14,50,3,ctrl,0,300,2
W,14,50,4,ai,78,500,26
W,14,50,5,log,25,150,10
S,14,50,830,9999
W,15,50,3,ctrl,9,300,2
W,15,50,4,ai,73,500,26
W,15,50,5,log,22,150,10
S,15,50,813,3662
W,16,50,3,ctrl,8,300,2
W,16,50,4,ai,66,500,26
W,16,50,5,log,25,150,10
S,16,50,878,3937
W,17,50,3,ctrl,1,300,2
W,17,50,4,ai,79,500,26
W,17,50,5,log,20,150,10
S,17,50,758,31500
W,18,50,3,ctrl,1,300,2
W,18,50,4,ai,77,500,26
W,18,50,5,log,24,150,10
S,18,50,822,35000
W,19,50,3,ctrl,9,300,2
W,19,50,4,ai,69,500,26
W,19,50,5,log,25,150,10
S,19,50,870,3620
W,20,50,3,ctrl,4,300,2
W,20,50,4,ai,73,500,26
W,20,50,5,log,24,150,10
S,20,50,839,8076
W,21,50,3,ctrl,1,300,2
W,21,50,4,ai,76,500,26
W,21,50,5,log,25,150,10
S,21,50,838,35000
W,22,50,3,ctrl,2,300,2
W,22,50,4,ai,78,500,26
W,22,50,5,log,20,150,10
S,22,50,761,15750
W,23,50,3,ctrl,3,300,2
W,23,50,4,ai,71,500,26
W,23,50,5,log,24,150,10
S,23,50,846,10500
W,24,50,3,ctrl,5,300,2
W,24,50,4,ai,76,500,26
W,24,50,5,log,18,150,10
S,24,50,726,6300
W,25,50,3,ctrl,3,300,2
W,25,50,4,ai,72,500,26
W,25,50,5,log,25,150,10
S,25,50,855,10500
W,26,50,3,ctrl,0,300,2
W,26,50,4,ai,75,500,26
W,26,50,5,log,25,150,10
S,26,50,842,9999
W,27,50,3,ctrl,3,300,2
W,27,50,4,ai,77,500,26
W,27,50,5,log,19,150,10
S,27,50,744,10500
W,28,50,3,ctrl,5,300,2
W,28,50,4,ai,74,500,26
W,28,50,5,log,22,150,10
S,28,50,807,6428
W,29,50,3,ctrl,4,300,2
W,29,50,4,ai,71,500,26
W,29,50,5,log,25,150,10
S,29,50,859,7875
W,30,50,3,ctrl,2,300,2
W,30,50,4,ai,76,500,26
W,30,50,5,log,25,150,10
S,30,50,838,16578
W,31,50,3,ctrl,3,300,2
W,31,50,4,ai,80,500,26
W,31,50,5,log,20,150,10
S,31,50,751,10862
W,32,50,3,ctrl,10,300,2
W,32,50,4,ai,73,500,26
W,32,50,5,log,20,150,10
S,32,50,776,3247
W,33,50,3,ctrl,9,300,2
W,33,50,4,ai,70,500,26
W,33,50,5,log,24,150,10
S,33,50,857,3620
W,34,50,3,ctrl,9,300,2
W,34,50,4,ai,68,500,26
W,34,50,5,log,25,150,10
S,34,50,874,3579
W,35,50,3,ctrl,5,300,2
W,35,50,4,ai,74,500,26
W,35,50,5,log,22,150,10
S,35,50,807,6428
W,36,50,3,ctrl,4,300,2
W,36,50,4,ai,79,500,26
W,36,50,5,log,18,150,10
S,36,50,717,8076
W,37,50,3,ctrl,10,300,2
W,37,50,4,ai,74,500,26
W,37,50,5,log,18,150,10
S,37,50,724,3214
W,38,50,3,ctrl,8,300,2
W,38,50,4,ai,66,500,26
W,38,50,5,log,25,150,10
S,38,50,878,3937
W,39,50,3,ctrl,7,300,2
W,39,50,4,ai,73,500,26
W,39,50,5,log,24,150,10
S,39,50,841,4701
W,40,50,3,ctrl,2,300,2
W,40,50,4,ai,75,500,26
W,40,50,5,log,25,150,10
S,40,50,843,16578
W,41,50,3,ctrl,1,300,2
W,41,50,4,ai,83,500,26
W,41,50,5,log,20,150,10
S,41,50,741,35000
W,42,50,3,ctrl,5,300,2
W,42,50,4,ai,76,500,26
W,42,50,5,log,23,150,10
S,42,50,815,6562
W,43,50,3,ctrl,1,300,2
W,43,50,4,ai,78,500,26
W,43,50,5,log,25,150,10
S,43,50,831,35000
W,44,50,3,ctrl,3,300,2
W,44,50,4,ai,76,500,26
W,44,50,5,log,22,150,10
S,44,50,799,10862
W,45,50,3,ctrl,9,300,2
W,45,50,4,ai,67,500,26
W,45,50,5,log,24,150,10
S,45,50,870,3500
W,46,50,3,ctrl,3,300,2
W,46,50,4,ai,81,500,26
W,46,50,5,log,20,150,10
S,46,50,746,11250
W,47,50,3,ctrl,12,300,2
W,47,50,4,ai,69,500,26
W,47,50,5,log,23,150,10
S,47,50,852,2739
W,48,50,3,ctrl,11,300,2
W,48,50,4,ai,74,500,26
W,48,50,5,log,17,150,10
S,48,50,695,2943
W,49,50,3,ctrl,8,300,2
W,49,50,4,ai,71,500,26
W,49,50,5,log,24,150,10
S,49,50,852,4090
W,50,50,3,ctrl,3,300,2
W,50,50,4,ai,76,500,26
W,50,50,5,log,23,150,10
S,50,50,814,10862
W,51,50,3,ctrl,12,300,2
W,51,50,4,ai,67,500,26
W,51,50,5,log,25,150,10
S,51,50,881,2739
W,52,50,3,ctrl,3,300,2
W,52,50,4,ai,78,500,26
W,52,50,5,log,19,150,10
S,52,50,742,10500
W,53,50,3,ctrl,10,300,2
W,53,50,4,ai,72,500,26
W,53,50,5,log,21,150,10
S,53,50,800,3247
W,54,50,3,ctrl,2,300,2
W,54,50,4,ai,77,500,26
W,54,50,5,log,24,150,10
S,54,50,824,16578
W,55,50,3,ctrl,2,300,2
W,55,50,4,ai,77,500,26
W,55,50,5,log,23,150,10
S,55,50,809,16578
W,56,50,3,ctrl,3,300,2
W,56,50,4,ai,76,500,26
W,56,50,5,log,25,150,10
S,56,50,839,11250
W,57,50,3,ctrl,8,300,2
W,57,50,4,ai,77,500,26
W,57,50,5,log,17,150,10
S,57,50,691,4038
J,-1,ctrl,1,599,0,0,0,323,711,0,7
K,-1,ai,25,338891
K,-1,log,9,101230
W,58,50,3,ctrl,3,300,1
W,58,50,4,ai,17,100,1
W,58,50,5,log,4,50,1
S,58,50,733,5328
# done
# WARMUP config=medium alpha=60
# prev_baseline_reset ngroups=3
# schedlab win=100 total=6000 groups=3 alpha=60
W,1,60,3,ctrl,3,300,2
W,1,60,4,ai,73,600,21
W,1,60,5,log,25,150,10
S,1,60,879,9827
W,2,60,3,ctrl,7,300,2
W,2,60,4,ai,74,700,26
W,2,60,5,log,19,150,10
S,2,60,851,3714
W,3,60,3,ctrl,4,300,2
W,3,60,4,ai,76,700,26
W,3,60,5,log,20,150,10
S,3,60,852,6500
W,4,60,3,ctrl,6,300,2
W,4,60,4,ai,73,700,26
W,4,60,5,log,20,150,10
S,4,60,866,4333
W,5,60,3,ctrl,2,300,2
W,5,60,4,ai,80,700,26
W,5,60,5,log,20,150,10
S,5,60,832,13684
W,6,60,3,ctrl,8,300,2
W,6,60,4,ai,77,700,26
W,6,60,5,log,17,150,10
S,6,60,792,3333
W,7,60,3,ctrl,6,300,2
W,7,60,4,ai,76,700,26
W,7,60,5,log,17,150,10
S,7,60,796,4333
W,8,60,3,ctrl,7,300,2
W,8,60,4,ai,72,700,26
W,8,60,5,log,22,150,10
S,8,60,886,3768
W,9,60,3,ctrl,1,300,2
W,9,60,4,ai,83,700,26
W,9,60,5,log,20,150,10
S,9,60,819,28888
W,10,60,3,ctrl,6,300,2
W,10,60,4,ai,78,700,26
W,10,60,5,log,19,150,10
S,10,60,829,4482
W,11,60,3,ctrl,5,300,2
W,11,60,4,ai,79,700,26
W,11,60,5,log,20,150,10
S,11,60,841,5416
W,12,60,3,ctrl,6,300,2
W,12,60,4,ai,78,700,26
W,12,60,5,log,20,150,10
S,12,60,846,4561
W,13,60,3,ctrl,6,300,2
W,13,60,4,ai,74,700,26
W,13,60,5,log,22,150,10
S,13,60,881,4482
W,14,60,3,ctrl,7,300,2
W,14,60,4,ai,74,700,26
W,14,60,5,log,17,150,10
S,14,60,809,3661
W,15,60,3,ctrl,4,300,2
W,15,60,4,ai,77,700,26
W,15,60,5,log,20,150,10
S,15,60,847,6666
W,16,60,3,ctrl,2,300,2
W,16,60,4,ai,82,700,26
W,16,60,5,log,19,150,10
S,16,60,807,13684
W,17,60,3,ctrl,12,300,2
W,17,60,4,ai,71,700,26
W,17,60,5,log,20,150,10
S,17,60,886,2241
W,18,60,3,ctrl,3,300,2
W,18,60,4,ai,79,700,26
W,18,60,5,log,20,150,10
S,18,60,837,8965
W,19,60,3,ctrl,3,300,2
W,19,60,4,ai,81,700,26
W,19,60,5,log,19,150,10
S,19,60,812,8965
W,20,60,3,ctrl,0,300,2
W,20,60,4,ai,80,700,26
W,20,60,5,log,20,150,10
S,20,60,830,9999
W,21,60,3,ctrl,1,300,2
W,21,60,4,ai,79,700,26
W,21,60,5,log,19,150,10
S,21,60,817,26000
W,22,60,3,ctrl,8,300,2
W,22,60,4,ai,74,700,26
W,22,60,5,log,19,150,10
S,22,60,852,3291
W,23,60,3,ctrl,9,300,2
W,23,60,4,ai,72,700,26
W,23,60,5,log,20,150,10
S,23,60,877,2921
W,24,60,3,ctrl,5,300,2
W,24,60,4,ai,80,700,26
W,24,60,5,log,19,150,10
S,24,60,818,5416
W,25,60,3,ctrl,4,300,2
W,25,60,4,ai,76,700,26
W,25,60,5,log,18,150,10
S,25,60,815,6500
W,26,60,3,ctrl,5,300,2
W,26,60,4,ai,75,700,26
W,26,60,5,log,20,150,10
S,26,60,858,5200
W,27,60,3,ctrl,6,300,2
W,27,60,4,ai,76,700,26
W,27,60,5,log,18,150,10
S,27,60,821,4333
W,28,60,3,ctrl,1,300,2
W,28,60,4,ai,83,700,26
W,28,60,5,log,19,150,10
S,28,60,802,28888
W,29,60,3,ctrl,3,300,2
W,29,60,4,ai,80,700,26
W,29,60,5,log,20,150,10
S,29,60,833,8965
W,30,60,3,ctrl,8,300,2
W,30,60,4,ai,74,700,26
W,30,60,5,log,17,150,10
S,30,60,808,3250
W,31,60,3,ctrl,11,300,2
W,31,60,4,ai,71,700,26
W,31,60,5,log,19,150,10
S,31,60,872,2407
W,32,60,3,ctrl,6,300,2
W,32,60,4,ai,78,700,26
W,32,60,5,log,20,150,10
S,32,60,846,4561
W,33,60,3,ctrl,9,300,2
W,33,60,4,ai,336,700,26
W,33,60,5,log,88,150,10
S,33,60,845,13000
W,34,60,3,ctrl,22,300,2
W,34,60,4,ai,73,700,26
W,34,60,5,log,19,150,10
S,34,60,887,1354
W,35,60,3,ctrl,12,300,2
W,35,60,4,ai,70,700,26
W,35,60,5,log,18,150,10
S,35,60,867,2166
W,36,60,3,ctrl,5,300,2
W,36,60,4,ai,79,700,26
W,36,60,5,log,19,150,10
S,36,60,822,5416
W,37,60,3,ctrl,3,300,2
W,37,60,4,ai,81,700,26
W,37,60,5,log,20,150,10
S,37,60,829,9285
W,38,60,3,ctrl,12,300,2
W,38,60,4,ai,72,700,26
W,38,60,5,log,18,150,10
S,38,60,852,2222
W,39,60,3,ctrl,1,300,2
W,39,60,4,ai,81,700,26
W,39,60,5,log,20,150,10
S,39,60,827,28888
W,40,60,3,ctrl,2,300,2
W,40,60,4,ai,80,700,26
W,40,60,5,log,20,150,10
S,40,60,832,13684
W,41,60,3,ctrl,4,300,2
W,41,60,4,ai,76,700,26
W,41,60,5,log,24,150,10
S,41,60,885,6842
W,42,60,3,ctrl,7,300,2
W,42,60,4,ai,73,700,26
W,42,60,5,log,19,150,10
S,42,60,852,3714
W,43,60,3,ctrl,2,300,2
W,43,60,4,ai,78,700,26
W,43,60,5,log,20,150,10
S,43,60,840,13000
W,44,60,3,ctrl,2,300,2
W,44,60,4,ai,78,700,26
W,44,60,5,log,20,150,10
S,44,60,840,13000
W,45,60,3,ctrl,7,300,2
W,45,60,4,ai,75,700,26
W,45,60,5,log,18,150,10
S,45,60,827,3714
W,46,60,3,ctrl,7,300,2
W,46,60,4,ai,75,700,26
W,46,60,5,log,17,150,10
S,46,60,802,3714
W,47,60,3,ctrl,9,300,2
W,47,60,4,ai,75,700,26
W,47,60,5,log,19,150,10
S,47,60,849,2988
W,48,60,3,ctrl,2,300,2
W,48,60,4,ai,80,700,26
W,48,60,5,log,20,150,10
S,48,60,832,13684
W,49,60,3,ctrl,4,300,2
W,49,60,4,ai,76,700,26
W,49,60,5,log,19,150,10
S,49,60,833,6500
W,50,60,3,ctrl,9,300,2
W,50,60,4,ai,76,700,26
W,50,60,5,log,18,150,10
S,50,60,822,2988
W,51,60,3,ctrl,11,300,2
W,51,60,4,ai,78,700,26
W,51,60,5,log,15,150,10
S,51,60,726,2476
W,52,60,3,ctrl,8,300,2
W,52,60,4,ai,73,700,26
W,52,60,5,log,19,150,10
S,52,60,858,3250
W,53,60,3,ctrl,5,300,2
W,53,60,4,ai,80,700,26
W,53,60,5,log,17,150,10
S,53,60,776,5306
W,54,60,3,ctrl,12,300,2
W,54,60,4,ai,70,500,16
W,54,60,5,log,15,100,6
S,54,60,796,2707
J,-1,ctrl,1,599,0,0,0,348,750,0,6
K,-1,log,9,88454
K,-1,ai,25,338881
W,55,60,3,ctrl,1,300,1
W,55,60,4,ai,10,100,1
W,55,60,5,log,2,50,1
S,55,60,713,8763
# done
# RUN config=medium alpha=60 rep=1/5
# prev_baseline_reset ngroups=3
# schedlab win=100 total=6000 groups=3 alpha=60
W,1,60,3,ctrl,1,300,2
W,1,60,4,ai,78,600,23
W,1,60,5,log,25,150,10
S,1,60,865,31666
W,2,60,3,ctrl,7,300,2
W,2,60,4,ai,76,700,26
W,2,60,5,log,20,150,10
S,2,60,856,3880
W,3,60,3,ctrl,4,300,2
W,3,60,4,ai,80,700,26
W,3,60,5,log,18,150,10
S,3,60,798,6666
W,4,60,3,ctrl,2,300,2
W,4,60,4,ai,80,700,26
W,4,60,5,log,20,150,10
S,4,60,832,13684
W,5,60,3,ctrl,1,300,2
W,5,60,4,ai,79,700,26
W,5,60,5,log,21,150,10
S,5,60,846,28888
W,6,60,3,ctrl,9,300,2
W,6,60,4,ai,72,700,26
W,6,60,5,log,19,150,10
S,6,60,865,2888
W,7,60,3,ctrl,6,300,2
W,7,60,4,ai,73,700,26
W,7,60,5,log,20,150,10
S,7,60,866,4333
W,8,60,3,ctrl,1,300,2
W,8,60,4,ai,81,700,26
W,8,60,5,log,20,150,10
S,8,60,827,28888
W,9,60,3,ctrl,3,300,2
W,9,60,4,ai,83,700,26
W,9,60,5,log,18,150,10
S,9,60,785,9285
W,10,60,3,ctrl,8,300,2
W,10,60,4,ai,77,700,26
W,10,60,5,log,16,150,10
S,10,60,767,3291
W,11,60,3,ctrl,6,300,2
W,11,60,4,ai,77,700,26
W,11,60,5,log,19,150,10
S,11,60,833,4482
W,12,60,3,ctrl,6,300,2
W,12,60,4,ai,76,700,26
W,12,60,5,log,22,150,10
S,12,60,876,4561
W,13,60,3,ctrl,5,300,2
W,13,60,4,ai,78,700,26
W,13,60,5,log,20,150,10
S,13,60,845,5416
W,14,60,3,ctrl,2,300,2
W,14,60,4,ai,79,700,26
W,14,60,5,log,19,150,10
S,14,60,821,13000
W,15,60,3,ctrl,3,300,2
W,15,60,4,ai,83,700,26
W,15,60,5,log,18,150,10
S,15,60,785,9285
W,16,60,3,ctrl,9,300,2
W,16,60,4,ai,73,700,26
W,16,60,5,log,19,150,10
S,16,60,859,2921
W,17,60,3,ctrl,3,300,2
W,17,60,4,ai,77,700,26
W,17,60,5,log,23,150,10
S,17,60,878,8965
W,18,60,3,ctrl,4,300,2
W,18,60,4,ai,79,700,26
W,18,60,5,log,20,150,10
S,18,60,838,6842
W,19,60,3,ctrl,3,300,2
W,19,60,4,ai,78,700,26
W,19,60,5,log,20,150,10
S,19,60,841,8965
W,20,60,3,ctrl,6,300,2
W,20,60,4,ai,78,700,26
W,20,60,5,log,19,150,10
S,20,60,829,4482
W,21,60,3,ctrl,3,300,2
W,21,60,4,ai,80,700,26
W,21,60,5,log,19,150,10
S,21,60,816,8965
W,22,60,3,ctrl,3,300,2
W,22,60,4,ai,80,700,26
W,22,60,5,log,20,150,10
S,22,60,833,8965
W,23,60,3,ctrl,5,300,2
W,23,60,4,ai,77,700,26
W,23,60,5,log,21,150,10
S,23,60,861,5416
W,24,60,3,ctrl,11,300,2
W,24,60,4,ai,71,700,26
W,24,60,5,log,19,150,10
S,24,60,872,2407
W,25,60,3,ctrl,1,300,2
W,25,60,4,ai,81,700,26
W,25,60,5,log,19,150,10
S,25,60,810,28888
W,26,60,3,ctrl,14,300,2
W,26,60,4,ai,69,700,26
W,26,60,5,log,19,150,10
S,26,60,888,1897
W,27,60,3,ctrl,3,300,2
W,27,60,4,ai,75,700,26
W,27,60,5,log,20,150,10
S,27,60,853,8666
W,28,60,3,ctrl,8,300,2
W,28,60,4,ai,78,700,26
W,28,60,5,log,18,150,10
S,28,60,812,3421
W,29,60,3,ctrl,5,300,2
W,29,60,4,ai,73,700,26
W,29,60,5,log,19,150,10
S,29,60,848,5098
W,30,60,3,ctrl,1,300,2
W,30,60,4,ai,77,700,26
W,30,60,5,log,20,150,10
S,30,60,842,26000
W,31,60,3,ctrl,4,300,2
W,31,60,4,ai,76,700,26
W,31,60,5,log,20,150,10
S,31,60,852,6500
W,32,60,3,ctrl,8,300,2
W,32,60,4,ai,76,700,26
W,32,60,5,log,18,150,10
S,32,60,822,3333
W,33,60,3,ctrl,11,300,2
W,33,60,4,ai,72,700,26
W,33,60,5,log,20,150,10
S,33,60,881,2452
W,34,60,3,ctrl,11,300,2
W,34,60,4,ai,72,700,26
W,34,60,5,log,20,150,10
S,34,60,881,2452
W,35,60,3,ctrl,4,300,2
W,35,60,4,ai,83,700,26
W,35,60,5,log,17,150,10
S,35,60,763,6842
W,36,60,3,ctrl,3,300,2
W,36,60,4,ai,81,700,26
W,36,60,5,log,20,150,10
S,36,60,829,9285
W,37,60,3,ctrl,4,300,2
W,37,60,4,ai,78,700,26
W,37,60,5,log,18,150,10
S,37,60,809,6500
W,38,60,3,ctrl,2,300,2
W,38,60,4,ai,78,700,26
W,38,60,5,log,19,150,10
S,38,60,822,13000
W,39,60,3,ctrl,4,300,2
W,39,60,4,ai,78,700,26
W,39,60,5,log,18,150,10
S,39,60,809,6500
W,40,60,3,ctrl,0,300,2
W,40,60,4,ai,83,700,26
W,40,60,5,log,20,150,10
S,40,60,818,9999
W,41,60,3,ctrl,9,300,2
W,41,60,4,ai,75,700,26
W,41,60,5,log,16,150,10
S,41,60,780,2888
W,42,60,3,ctrl,11,300,2
W,42,60,4,ai,70,700,26
W,42,60,5,log,18,150,10
S,42,60,861,2342
W,43,60,3,ctrl,2,300,2
W,43,60,4,ai,79,700,26
W,43,60,5,log,17,150,10
S,43,60,781,13000
W,44,60,3,ctrl,10,300,2
W,44,60,4,ai,72,700,26
W,44,60,5,log,21,150,10
S,44,60,887,2680
W,45,60,3,ctrl,3,300,2
W,45,60,4,ai,79,700,26
W,45,60,5,log,19,150,10
S,45,60,821,8965
W,46,60,3,ctrl,5,300,2
W,46,60,4,ai,77,700,26
W,46,60,5,log,18,150,10
S,46,60,814,5200
W,47,60,3,ctrl,10,300,2
W,47,60,4,ai,71,700,26
W,47,60,5,log,19,150,10
S,47,60,872,2600
W,48,60,3,ctrl,10,300,2
W,48,60,4,ai,74,700,26
W,48,60,5,log,19,150,10
S,48,60,857,2680
W,49,60,3,ctrl,4,300,2
W,49,60,4,ai,77,700,26
W,49,60,5,log,19,150,10
S,49,60,832,6500
W,50,60,3,ctrl,7,300,2
W,50,60,4,ai,77,700,26
W,50,60,5,log,19,150,10
S,50,60,834,3880
W,51,60,3,ctrl,6,300,2
W,51,60,4,ai,73,700,26
W,51,60,5,log,20,150,10
S,51,60,866,4333
W,52,60,3,ctrl,1,300,2
W,52,60,4,ai,78,700,26
W,52,60,5,log,20,150,10
S,52,60,838,26000
W,53,60,3,ctrl,5,300,2
W,53,60,4,ai,76,700,26
W,53,60,5,log,19,150,10
S,53,60,838,5200
W,54,60,3,ctrl,5,300,2
W,54,60,4,ai,77,700,26
W,54,60,5,log,20,150,10
S,54,60,849,5306
W,55,60,3,ctrl,4,300,2
W,55,60,4,ai,78,700,26
W,55,60,5,log,20,150,10
S,55,60,843,6666
W,56,60,3,ctrl,14,300,2
W,56,60,4,ai,70,700,26
W,56,60,5,log,17,150,10
S,56,60,849,1884
W,57,60,3,ctrl,8,300,2
W,57,60,4,ai,74,700,26
W,57,60,5,log,17,150,10
S,57,60,808,3250
J,-1,ctrl,1,599,0,0,0,2102,7984,0,9
K,-1,log,9,86757
K,-1,ai,25,344506
W,58,60,3,ctrl,1,300,1
W,58,60,4,ai,26,100,1
W,58,60,5,log,9,50,1
S,58,60,803,24666
W,59,60,3,ctrl,0,300,1
W,59,60,4,ai,0,100,1
W,59,60,5,log,0,50,1
S,59,60,658,9999
# done
# RUN config=medium alpha=60 rep=2/5
# prev_baseline_reset ngroups=3
# schedlab win=100 total=6000 groups=3 alpha=60
W,1,60,3,ctrl,6,300,2
W,1,60,4,ai,79,600,22
W,1,60,5,log,15,150,10
S,1,60,690,4750
W,2,60,3,ctrl,8,300,2
W,2,60,4,ai,73,700,26
W,2,60,5,log,22,150,10
S,2,60,886,3376
W,3,60,3,ctrl,9,300,2
W,3,60,4,ai,74,700,26
W,3,60,5,log,20,150,10
S,3,60,870,2988
W,4,60,3,ctrl,5,300,2
W,4,60,4,ai,76,700,26
W,4,60,5,log,19,150,10
S,4,60,838,5200
W,5,60,3,ctrl,6,300,2
W,5,60,4,ai,78,700,26
W,5,60,5,log,19,150,10
S,5,60,829,4482
W,6,60,3,ctrl,7,300,2
W,6,60,4,ai,77,700,26
W,6,60,5,log,16,150,10
S,6,60,769,3714
W,7,60,3,ctrl,15,300,2
W,7,60,4,ai,68,700,26
W,7,60,5,log,16,150,10
S,7,60,837,1721
W,8,60,3,ctrl,122,300,2
W,8,60,4,ai,2411,700,26
W,8,60,5,log,605,150,10
S,8,60,834,6842
W,9,60,3,ctrl,7,300,2
W,9,60,4,ai,76,700,26
W,9,60,5,log,20,150,10
S,9,60,856,3880
W,10,60,3,ctrl,8,300,2
W,10,60,4,ai,73,700,26
W,10,60,5,log,19,150,10
S,10,60,858,3250
W,11,60,3,ctrl,1,300,2
W,11,60,4,ai,79,700,26
W,11,60,5,log,20,150,10
S,11,60,835,26000
W,12,60,3,ctrl,3,300,2
W,12,60,4,ai,81,700,26
W,12,60,5,log,19,150,10
S,12,60,812,8965
W,13,60,3,ctrl,5,300,2
W,13,60,4,ai,77,700,26
W,13,60,5,log,19,150,10
S,13,60,832,5306
W,14,60,3,ctrl,5,300,2
W,14,60,4,ai,76,700,26
W,14,60,5,log,21,150,10
S,14,60,865,5306
W,15,60,3,ctrl,3,300,2
W,15,60,4,ai,78,700,26
W,15,60,5,log,20,150,10
S,15,60,841,8965
W,16,60,3,ctrl,2,300,2
W,16,60,4,ai,80,700,26
W,16,60,5,log,20,150,10
S,16,60,832,13684
W,17,60,3,ctrl,3,300,2
W,17,60,4,ai,79,700,26
W,17,60,5,log,20,150,10
S,17,60,837,8965
W,18,60,3,ctrl,12,300,2
W,18,60,4,ai,72,700,26
W,18,60,5,log,17,150,10
S,18,60,829,2203
W,19,60,3,ctrl,12,300,2
W,19,60,4,ai,71,700,26
W,19,60,5,log,17,150,10
S,19,60,838,2166
W,20,60,3,ctrl,2,300,2
W,20,60,4,ai,76,700,26
W,20,60,5,log,20,150,10
S,20,60,847,13000
W,21,60,3,ctrl,1,300,2
W,21,60,4,ai,79,700,26
W,21,60,5,log,20,150,10
S,21,60,835,26000
W,22,60,3,ctrl,2,300,2
W,22,60,4,ai,79,700,26
W,22,60,5,log,19,150,10
S,22,60,821,13000
W,23,60,3,ctrl,6,300,2
W,23,60,4,ai,76,700,26
W,23,60,5,log,20,150,10
S,23,60,855,4482
W,24,60,3,ctrl,4,300,2
W,24,60,4,ai,78,700,26
W,24,60,5,log,19,150,10
S,24,60,826,6666
W,25,60,3,ctrl,1,300,2
W,25,60,4,ai,82,700,26
W,25,60,5,log,19,150,10
S,25,60,806,28888
W,26,60,3,ctrl,2,300,2
W,26,60,4,ai,79,700,26
W,26,60,5,log,22,150,10
S,26,60,861,13684
W,27,60,3,ctrl,9,300,2
W,27,60,4,ai,73,700,26
W,27,60,5,log,16,150,10
S,27,60,790,2857
J,-1,ctrl,1,600,0,0,0,2070,7606,0,8
K,-1,log,9,91925
K,-1,ai,25,352119
W,28,60,3,ctrl,5,300,1
W,28,60,4,ai,57,100,1
W,28,60,5,log,15,50,1
S,28,60,756,10406
W,29,60,3,ctrl,0,300,1
W,29,60,4,ai,0,100,1
W,29,60,5,log,0,50,1
S,29,60,658,9999
# done
# RUN config=medium alpha=60 rep=3/5
# prev_baseline_reset ngroups=3
# schedlab win=100 total=6000 groups=3 alpha=60
W,1,60,3,ctrl,6,300,2
W,1,60,4,ai,76,700,26
W,1,60,5,log,21,150,10
S,1,60,866,4482
W,2,60,3,ctrl,8,300,2
W,2,60,4,ai,75,700,26
W,2,60,5,log,20,150,10
S,2,60,863,3376
W,3,60,3,ctrl,14,300,2
W,3,60,4,ai,71,700,26
W,3,60,5,log,17,150,10
S,3,60,841,1897
W,4,60,3,ctrl,8,300,2
W,4,60,4,ai,76,700,26
W,4,60,5,log,18,150,10
S,4,60,822,3333
W,5,60,3,ctrl,3,300,2
W,5,60,4,ai,79,700,26
W,5,60,5,log,20,150,10
S,5,60,837,8965
W,6,60,3,ctrl,3,300,2
W,6,60,4,ai,79,700,26
W,6,60,5,log,20,150,10
S,6,60,837,8965
W,7,60,3,ctrl,4,300,2
W,7,60,4,ai,76,700,26
W,7,60,5,log,23,150,10
S,7,60,881,6842
W,8,60,3,ctrl,6,300,2
W,8,60,4,ai,77,700,26
W,8,60,5,log,19,150,10
S,8,60,833,4482
W,9,60,3,ctrl,9,300,2
W,9,60,4,ai,76,700,26
W,9,60,5,log,18,150,10
S,9,60,822,2988
W,10,60,3,ctrl,2,300,2
W,10,60,4,ai,81,700,26
W,10,60,5,log,20,150,10
S,10,60,828,13684
W,11,60,3,ctrl,6,300,2
W,11,60,4,ai,78,700,26
W,11,60,5,log,18,150,10
S,11,60,808,4482
W,12,60,3,ctrl,6,300,2
W,12,60,4,ai,74,700,26
W,12,60,5,log,22,150,10
S,12,60,881,4482
W,13,60,3,ctrl,5,300,2
W,13,60,4,ai,79,700,26
W,13,60,5,log,19,150,10
S,13,60,822,5416
W,14,60,3,ctrl,4,300,2
W,14,60,4,ai,80,700,26
W,14,60,5,log,20,150,10
S,14,60,835,6842
W,15,60,3,ctrl,6,300,2
W,15,60,4,ai,75,700,26
W,15,60,5,log,19,150,10
S,15,60,844,4333
W,16,60,3,ctrl,123,300,2
W,16,60,4,ai,1740,700,26
W,16,60,5,log,427,150,10
S,16,60,830,4905
W,17,60,3,ctrl,3,300,2
W,17,60,4,ai,77,700,26
W,17,60,5,log,20,150,10
S,17,60,846,8666
W,18,60,3,ctrl,3,300,2
W,18,60,4,ai,81,700,26
W,18,60,5,log,20,150,10
S,18,60,829,9285
W,19,60,3,ctrl,2,300,2
W,19,60,4,ai,77,700,26
W,19,60,5,log,20,150,10
S,19,60,844,13000
W,20,60,3,ctrl,11,300,2
W,20,60,4,ai,71,700,26
W,20,60,5,log,18,150,10
S,20,60,858,2363
W,21,60,3,ctrl,3,300,2
W,21,60,4,ai,78,700,26
W,21,60,5,log,20,150,10
S,21,60,841,8965
W,22,60,3,ctrl,5,300,2
W,22,60,4,ai,78,700,26
W,22,60,5,log,20,150,10
S,22,60,845,5416
W,23,60,3,ctrl,5,300,2
W,23,60,4,ai,76,700,26
W,23,60,5,log,19,150,10
S,23,60,838,5200
W,24,60,3,ctrl,4,300,2
W,24,60,4,ai,79,700,26
W,24,60,5,log,20,150,10
S,24,60,838,6842
W,25,60,3,ctrl,5,300,2
W,25,60,4,ai,79,700,26
W,25,60,5,log,19,150,10
S,25,60,822,5416
W,26,60,3,ctrl,1,300,2
W,26,60,4,ai,79,700,26
W,26,60,5,log,24,150,10
S,26,60,876,28888
W,27,60,3,ctrl,5,300,2
W,27,60,4,ai,78,700,26
W,27,60,5,log,20,150,10
S,27,60,845,5416
W,28,60,3,ctrl,2,300,2
W,28,60,4,ai,83,700,26
W,28,60,5,log,19,150,10
S,28,60,802,13684
W,29,60,3,ctrl,9,300,2
W,29,60,4,ai,76,700,26
W,29,60,5,log,15,150,10
S,29,60,743,2888
W,30,60,3,ctrl,2,300,2
W,30,60,4,ai,81,700,26
W,30,60,5,log,20,150,10
S,30,60,828,13684
W,31,60,3,ctrl,7,300,2
W,31,60,4,ai,75,700,26
W,31,60,5,log,20,150,10
S,31,60,861,3823
W,32,60,3,ctrl,8,300,2
W,32,60,4,ai,79,700,26
W,32,60,5,log,17,150,10
S,32,60,781,3421
W,33,60,3,ctrl,8,300,2
W,33,60,4,ai,72,700,26
W,33,60,5,log,19,150,10
S,33,60,859,3250
W,34,60,3,ctrl,2,300,2
W,34,60,4,ai,78,700,26
W,34,60,5,log,21,150,10
S,34,60,851,13684
W,35,60,3,ctrl,2,300,2
W,35,60,4,ai,81,700,26
W,35,60,5,log,20,150,10
S,35,60,828,13684
J,-1,ctrl,1,598,0,0,0,1522,4380,0,8
K,-1,ai,25,355604
K,-1,log,9,89283
W,36,60,3,ctrl,10,300,1
W,36,60,4,ai,51,100,1
W,36,60,5,log,16,50,1
S,36,60,781,5162
W,37,60,3,ctrl,0,300,1
W,37,60,4,ai,0,100,1
W,37,60,5,log,0,50,1
S,37,60,658,9999
# done
# RUN config=medium alpha=60 rep=4/5
# prev_baseline_reset ngroups=3
# schedlab win=100 total=6000 groups=3 alpha=60
W,1,60,3,ctrl,8,300,2
W,1,60,4,ai,66,500,17
W,1,60,5,log,24,150,10
S,1,60,869,3888
W,2,60,3,ctrl,9,300,2
W,2,60,4,ai,74,700,26
W,2,60,5,log,19,150,10
S,2,60,854,2954
W,3,60,3,ctrl,0,300,2
W,3,60,4,ai,83,700,26
W,3,60,5,log,20,150,10
S,3,60,818,9999
W,4,60,3,ctrl,6,300,2
W,4,60,4,ai,76,700,26
W,4,60,5,log,21,150,10
S,4,60,866,4482
W,5,60,3,ctrl,6,300,2
W,5,60,4,ai,78,700,26
W,5,60,5,log,20,150,10
S,5,60,846,4561
W,6,60,3,ctrl,3,300,2
W,6,60,4,ai,80,700,26
W,6,60,5,log,19,150,10
S,6,60,816,8965
W,7,60,3,ctrl,1,300,2
W,7,60,4,ai,83,700,26
W,7,60,5,log,20,150,10
S,7,60,819,28888
W,8,60,3,ctrl,2,300,2
W,8,60,4,ai,82,700,26
W,8,60,5,log,20,150,10
S,8,60,824,13684
W,9,60,3,ctrl,3,300,2
W,9,60,4,ai,78,700,26
W,9,60,5,log,20,150,10
S,9,60,841,8965
W,10,60,3,ctrl,2,300,2
W,10,60,4,ai,82,700,26
W,10,60,5,log,20,150,10
S,10,60,824,13684
W,11,60,3,ctrl,10,300,2
W,11,60,4,ai,74,700,26
W,11,60,5,log,20,150,10
S,11,60,872,2708
W,12,60,3,ctrl,9,300,2
W,12,60,4,ai,70,700,26
W,12,60,5,log,20,150,10
S,12,60,883,2888
W,13,60,3,ctrl,7,300,2
W,13,60,4,ai,75,700,26
W,13,60,5,log,20,150,10
S,13,60,861,3823
W,14,60,3,ctrl,13,300,2
W,14,60,4,ai,71,700,26
W,14,60,5,log,18,150,10
S,14,60,862,2047
W,15,60,3,ctrl,3,300,2
W,15,60,4,ai,77,700,26
W,15,60,5,log,20,150,10
S,15,60,846,8666
W,16,60,3,ctrl,6,300,2
W,16,60,4,ai,78,700,26
W,16,60,5,log,19,150,10
S,16,60,829,4482
W,17,60,3,ctrl,7,300,2
W,17,60,4,ai,74,700,26
W,17,60,5,log,19,150,10
S,17,60,851,3714
W,18,60,3,ctrl,11,300,2
W,18,60,4,ai,73,700,26
W,18,60,5,log,18,150,10
S,18,60,844,2429
W,19,60,3,ctrl,5,300,2
W,19,60,4,ai,77,700,26
W,19,60,5,log,19,150,10
S,19,60,832,5306
W,20,60,3,ctrl,4,300,2
W,20,60,4,ai,78,700,26
W,20,60,5,log,20,150,10
S,20,60,843,6666
W,21,60,3,ctrl,4,300,2
W,21,60,4,ai,78,700,26
W,21,60,5,log,20,150,10
S,21,60,843,6666
W,22,60,3,ctrl,5,300,2
W,22,60,4,ai,81,700,26
W,22,60,5,log,18,150,10
S,22,60,795,5416
W,23,60,3,ctrl,6,300,2
W,23,60,4,ai,73,700,26
W,23,60,5,log,18,150,10
S,23,60,833,4262
W,24,60,3,ctrl,8,300,2
W,24,60,4,ai,73,700,26
W,24,60,5,log,23,150,10
S,24,60,888,3421
W,25,60,3,ctrl,5,300,2
W,25,60,4,ai,75,700,26
W,25,60,5,log,20,150,10
S,25,60,858,5200
W,26,60,3,ctrl,7,300,2
W,26,60,4,ai,78,700,26
W,26,60,5,log,18,150,10
S,26,60,809,3880
W,27,60,3,ctrl,8,300,2
W,27,60,4,ai,72,700,26
W,27,60,5,log,17,150,10
S,27,60,822,3170
W,28,60,3,ctrl,5,300,2
W,28,60,4,ai,75,700,26
W,28,60,5,log,19,150,10
S,28,60,839,5200
W,29,60,3,ctrl,3,300,2
W,29,60,4,ai,77,700,26
W,29,60,5,log,20,150,10
S,29,60,846,8666
W,30,60,3,ctrl,8,300,2
W,30,60,4,ai,76,700,26
W,30,60,5,log,18,150,10
S,30,60,822,3333
W,31,60,3,ctrl,6,300,2
W,31,60,4,ai,76,700,26
W,31,60,5,log,18,150,10
S,31,60,821,4333
W,32,60,3,ctrl,32,300,2
W,32,60,4,ai,485,700,26
W,32,60,5,log,125,150,10
S,32,60,845,5306
W,33,60,3,ctrl,6,300,2
W,33,60,4,ai,78,700,26
W,33,60,5,log,19,150,10
S,33,60,829,4482
W,34,60,3,ctrl,5,300,2
W,34,60,4,ai,77,700,26
W,34,60,5,log,20,150,10
S,34,60,849,5306
W,35,60,3,ctrl,9,300,2
W,35,60,4,ai,71,700,26
W,35,60,5,log,19,150,10
S,35,60,865,2888
W,36,60,3,ctrl,1,300,2
W,36,60,4,ai,79,700,26
W,36,60,5,log,20,150,10
S,36,60,835,26000
W,37,60,3,ctrl,3,300,2
W,37,60,4,ai,76,700,26
W,37,60,5,log,20,150,10
S,37,60,849,8666
W,38,60,3,ctrl,4,300,2
W,38,60,4,ai,77,700,26
W,38,60,5,log,19,150,10
S,38,60,832,6500
W,39,60,3,ctrl,2,300,2
W,39,60,4,ai,81,700,26
W,39,60,5,log,19,150,10
S,39,60,811,13684
W,40,60,3,ctrl,7,300,2
W,40,60,4,ai,73,700,26
W,40,60,5,log,19,150,10
S,40,60,852,3714
W,41,60,3,ctrl,6,300,2
W,41,60,4,ai,74,700,26
W,41,60,5,log,20,150,10
S,41,60,864,4333
W,42,60,3,ctrl,22,300,2
W,42,60,4,ai,62,700,26
W,42,60,5,log,17,150,10
S,42,60,743,1198
W,43,60,3,ctrl,14,300,2
W,43,60,4,ai,66,700,26
W,43,60,5,log,17,150,10
S,43,60,875,1805
W,44,60,3,ctrl,16,300,2
W,44,60,4,ai,67,700,26
W,44,60,5,log,16,150,10
S,44,60,849,1614
W,45,60,3,ctrl,7,300,2
W,45,60,4,ai,76,700,26
W,45,60,5,log,20,150,10
S,45,60,856,3880
W,46,60,3,ctrl,4,300,2
W,46,60,4,ai,76,700,26
W,46,60,5,log,19,150,10
S,46,60,833,6500
W,47,60,3,ctrl,9,300,2
W,47,60,4,ai,74,700,26
W,47,60,5,log,19,150,10
S,47,60,854,2954
W,48,60,3,ctrl,7,300,2
W,48,60,4,ai,79,700,26
W,48,60,5,log,16,150,10
S,48,60,755,3823
W,49,60,3,ctrl,6,300,2
W,49,60,4,ai,74,700,26
W,49,60,5,log,22,150,10
S,49,60,881,4482
W,50,60,3,ctrl,9,300,2
W,50,60,4,ai,74,700,26
W,50,60,5,log,19,150,10
S,50,60,854,2954
W,51,60,3,ctrl,9,300,2
W,51,60,4,ai,74,700,26
W,51,60,5,log,18,150,10
S,51,60,835,2921
J,-1,ctrl,1,599,1,1,1,1009,2371,1,11
W,52,60,3,ctrl,11,300,1
W,52,60,4,ai,66,200,6
W,52,60,5,log,19,50,2
S,52,60,819,4780
K,-1,log,9,79602
K,-1,ai,25,288966
W,53,60,3,ctrl,0,300,1
W,53,60,4,ai,1,100,1
W,53,60,5,log,1,50,1
S,53,60,881,9999
# done
# RUN config=medium alpha=60 rep=5/5
# prev_baseline_reset ngroups=3
# schedlab win=100 total=6000 groups=3 alpha=60
W,1,60,3,ctrl,6,300,2
W,1,60,4,ai,68,500,17
W,1,60,5,log,25,150,10
S,1,60,870,5250
W,2,60,3,ctrl,11,300,2
W,2,60,4,ai,70,600,23
W,2,60,5,log,18,150,10
S,2,60,807,2567
W,3,60,3,ctrl,392,300,2
W,3,60,4,ai,2581,700,26
W,3,60,5,log,650,150,10
S,3,60,853,2407
W,4,60,3,ctrl,11,300,2
W,4,60,4,ai,73,700,26
W,4,60,5,log,16,150,10
S,4,60,794,2363
W,5,60,3,ctrl,6,300,2
W,5,60,4,ai,74,700,26
W,5,60,5,log,20,150,10
S,5,60,864,4333
W,6,60,3,ctrl,9,300,2
W,6,60,4,ai,77,700,26
W,6,60,5,log,16,150,10
S,6,60,764,2954
W,7,60,3,ctrl,4,300,2
W,7,60,4,ai,76,700,26
W,7,60,5,log,20,150,10
S,7,60,852,6500
W,8,60,3,ctrl,6,300,2
W,8,60,4,ai,77,700,26
W,8,60,5,log,18,150,10
S,8,60,815,4406
W,9,60,3,ctrl,5,300,2
W,9,60,4,ai,77,700,26
W,9,60,5,log,19,150,10
S,9,60,832,5306
W,10,60,3,ctrl,7,300,2
W,10,60,4,ai,78,700,26
W,10,60,5,log,16,150,10
S,10,60,762,3768
W,11,60,3,ctrl,15,300,2
W,11,60,4,ai,67,700,26
W,11,60,5,log,16,150,10
S,11,60,848,1699
W,12,60,3,ctrl,9,300,2
W,12,60,4,ai,74,700,26
W,12,60,5,log,19,150,10
S,12,60,854,2954
W,13,60,3,ctrl,7,300,2
W,13,60,4,ai,75,700,26
W,13,60,5,log,20,150,10
S,13,60,861,3823
W,14,60,3,ctrl,6,300,2
W,14,60,4,ai,78,700,26
W,14,60,5,log,18,150,10
S,14,60,808,4482
W,15,60,3,ctrl,13,300,2
W,15,60,4,ai,73,700,26
W,15,60,5,log,15,150,10
S,15,60,755,2031
W,16,60,3,ctrl,12,300,2
W,16,60,4,ai,72,700,26
W,16,60,5,log,19,150,10
S,16,60,871,2241
W,17,60,3,ctrl,12,300,2
W,17,60,4,ai,72,700,26
W,17,60,5,log,19,150,10
S,17,60,871,2241
W,18,60,3,ctrl,14,300,2
W,18,60,4,ai,70,700,26
W,18,60,5,log,14,150,10
S,18,60,733,1830
W,19,60,3,ctrl,2,300,2
W,19,60,4,ai,78,700,26
W,19,60,5,log,24,150,10
S,19,60,881,13684
W,20,60,3,ctrl,15,300,2
W,20,60,4,ai,71,700,26
W,20,60,5,log,18,150,10
S,20,60,870,1805
W,21,60,3,ctrl,14,300,2
W,21,60,4,ai,73,700,26
W,21,60,5,log,15,150,10
S,21,60,756,1897
W,22,60,3,ctrl,13,300,2
W,22,60,4,ai,71,700,26
W,22,60,5,log,17,150,10
S,22,60,838,2031
J,-1,ctrl,1,599,0,0,0,611,1415,0,9
K,-1,ai,25,213610
K,-1,log,9,53480
W,23,60,3,ctrl,8,300,1
W,23,60,4,ai,66,100,1
W,23,60,5,log,18,50,1
S,23,60,760,7744
W,24,60,3,ctrl,0,300,1
W,24,60,4,ai,0,100,1
W,24,60,5,log,0,50,1
S,24,60,658,9999
# done
# WARMUP config=medium alpha=70
# prev_baseline_reset ngroups=3
# schedlab win=100 total=6000 groups=3 alpha=70
W,1,70,3,ctrl,2,300,2
W,1,70,4,ai,85,900,26
W,1,70,5,log,16,250,10
S,1,70,721,10842
W,2,70,3,ctrl,10,300,2
W,2,70,4,ai,76,900,26
W,2,70,5,log,14,250,10
S,2,70,808,2060
W,3,70,3,ctrl,9,300,2
W,3,70,4,ai,72,900,26
W,3,70,5,log,20,250,10
S,3,70,806,2314
W,4,70,3,ctrl,4,300,2
W,4,70,4,ai,79,900,26
W,4,70,5,log,20,250,10
S,4,70,752,5421
W,5,70,3,ctrl,8,300,2
W,5,70,4,ai,78,900,26
W,5,70,5,log,18,250,10
S,5,70,671,2710
W,6,70,3,ctrl,11,300,2
W,6,70,4,ai,78,900,26
W,6,70,5,log,15,250,10
S,6,70,801,1961
W,7,70,3,ctrl,2,300,2
W,7,70,4,ai,82,900,26
W,7,70,5,log,19,250,10
S,7,70,709,10842
W,8,70,3,ctrl,11,300,2
W,8,70,4,ai,74,900,26
W,8,70,5,log,19,250,10
S,8,70,731,1961
W,9,70,3,ctrl,5,300,2
W,9,70,4,ai,78,900,26
W,9,70,5,log,20,250,10
S,9,70,757,4291
W,10,70,3,ctrl,7,300,2
W,10,70,4,ai,77,900,26
W,10,70,5,log,16,250,10
S,10,70,719,2942
W,11,70,3,ctrl,7,300,2
W,11,70,4,ai,76,900,26
W,11,70,5,log,15,250,10
S,11,70,746,2901
W,12,70,3,ctrl,10,300,2
W,12,70,4,ai,78,900,26
W,12,70,5,log,15,250,10
S,12,70,791,2123
W,13,70,3,ctrl,14,300,2
W,13,70,4,ai,72,900,26
W,13,70,5,log,15,250,10
S,13,70,825,1492
W,14,70,3,ctrl,18,300,2
W,14,70,4,ai,65,900,26
W,14,70,5,log,16,250,10
S,14,70,846,1138
W,15,70,3,ctrl,14,300,2
W,15,70,4,ai,68,900,26
W,15,70,5,log,20,250,10
S,15,70,864,1503
W,16,70,3,ctrl,17,300,2
W,16,70,4,ai,70,900,26
W,16,70,5,log,11,250,10
S,16,70,861,1535
W,17,70,3,ctrl,4,300,2
W,17,70,4,ai,76,900,26
W,17,70,5,log,19,250,10
S,17,70,741,5150
W,18,70,3,ctrl,10,300,2
W,18,70,4,ai,72,900,26
W,18,70,5,log,20,250,10
S,18,70,806,2102
W,19,70,3,ctrl,9,300,2
W,19,70,4,ai,73,900,26
W,19,70,5,log,17,250,10
S,19,70,672,2288
W,20,70,3,ctrl,7,300,2
W,20,70,4,ai,78,900,26
W,20,70,5,log,15,250,10
S,20,70,756,2942
W,21,70,3,ctrl,11,300,2
W,21,70,4,ai,74,900,26
W,21,70,5,log,17,250,10
S,21,70,704,1925
W,22,70,3,ctrl,12,300,2
W,22,70,4,ai,71,900,26
W,22,70,5,log,19,250,10
S,22,70,768,1760
W,23,70,3,ctrl,14,300,2
W,23,70,4,ai,70,900,26
W,23,70,5,log,14,250,10
S,23,70,851,1450
W,24,70,3,ctrl,6,300,2
W,24,70,4,ai,79,900,26
W,24,70,5,log,16,250,10
S,24,70,723,3491
W,25,70,3,ctrl,13,300,2
W,25,70,4,ai,69,900,26
W,25,70,5,log,17,250,10
S,25,70,675,1572
W,26,70,3,ctrl,13,300,2
W,26,70,4,ai,74,900,26
W,26,70,5,log,17,250,10
S,26,70,731,1648
W,27,70,3,ctrl,7,300,2
W,27,70,4,ai,78,900,26
W,27,70,5,log,14,250,10
S,27,70,785,2942
W,28,70,3,ctrl,5,300,2
W,28,70,4,ai,81,900,26
W,28,70,5,log,16,250,10
S,28,70,727,4204
W,29,70,3,ctrl,12,300,2
W,29,70,4,ai,71,900,26
W,29,70,5,log,17,250,10
S,29,70,681,1716
W,30,70,3,ctrl,12,300,2
W,30,70,4,ai,70,900,26
W,30,70,5,log,18,250,10
S,30,70,728,1716
W,31,70,3,ctrl,7,300,2
W,31,70,4,ai,85,900,26
W,31,70,5,log,11,250,10
S,31,70,852,3074
W,32,70,3,ctrl,2,300,2
W,32,70,4,ai,85,900,26
W,32,70,5,log,17,250,10
S,32,70,697,10842
W,33,70,3,ctrl,3,300,2
W,33,70,4,ai,80,900,26
W,33,70,5,log,20,250,10
S,33,70,748,7103
W,34,70,3,ctrl,13,300,2
W,34,70,4,ai,74,900,26
W,34,70,5,log,16,250,10
S,34,70,777,1634
W,35,70,3,ctrl,11,300,2
W,35,70,4,ai,72,900,26
W,35,70,5,log,15,250,10
S,35,70,773,1839
W,36,70,3,ctrl,149,300,2
W,36,70,4,ai,1490,900,26
W,36,70,5,log,324,250,10
S,36,70,700,2746
W,37,70,3,ctrl,11,300,2
W,37,70,4,ai,71,900,26
W,37,70,5,log,19,250,10
S,37,70,772,1907
W,38,70,3,ctrl,8,300,2
W,38,70,4,ai,71,900,26
W,38,70,5,log,20,250,10
S,38,70,814,2575
J,-1,ctrl,1,599,0,0,0,1102,2644,0,5
K,-1,ai,25,250076
K,-1,log,9,52978
W,39,70,3,ctrl,6,300,1
W,39,70,4,ai,76,100,1
W,39,70,5,log,16,50,1
S,39,70,723,10918
W,40,70,3,ctrl,0,300,1
W,40,70,4,ai,0,100,1
W,40,70,5,log,0,50,1
S,40,70,658,9999
# done
# RUN config=medium alpha=70 rep=1/5
# prev_baseline_reset ngroups=3
# schedlab win=100 total=6000 groups=3 alpha=70
W,1,70,3,ctrl,11,300,2
W,1,70,4,ai,73,700,19
W,1,70,5,log,20,250,10
S,1,70,704,2285
W,2,70,3,ctrl,11,300,2
W,2,70,4,ai,74,900,26
W,2,70,5,log,18,250,10
S,2,70,679,1943
W,3,70,3,ctrl,2,300,2
W,3,70,4,ai,81,900,26
W,3,70,5,log,20,250,10
S,3,70,743,10842
W,4,70,3,ctrl,14,300,2
W,4,70,4,ai,69,900,26
W,4,70,5,log,18,250,10
S,4,70,725,1492
W,5,70,3,ctrl,15,300,2
W,5,70,4,ai,75,900,26
W,5,70,5,log,13,250,10
S,5,70,880,1420
W,6,70,3,ctrl,9,300,2
W,6,70,4,ai,77,900,26
W,6,70,5,log,15,250,10
S,6,70,775,2314
W,7,70,3,ctrl,8,300,2
W,7,70,4,ai,75,900,26
W,7,70,5,log,18,250,10
S,7,70,698,2607
W,8,70,3,ctrl,17,300,2
W,8,70,4,ai,71,900,26
W,8,70,5,log,12,250,10
S,8,70,872,1433
W,9,70,3,ctrl,14,300,2
W,9,70,4,ai,74,900,26
W,9,70,5,log,15,250,10
S,9,70,832,1525
W,10,70,3,ctrl,6,300,2
W,10,70,4,ai,80,900,26
W,10,70,5,log,17,250,10
S,10,70,696,3551
W,11,70,3,ctrl,11,300,2
W,11,70,4,ai,75,900,26
W,11,70,5,log,16,250,10
S,11,70,757,1925
W,12,70,3,ctrl,13,300,2
W,12,70,4,ai,75,900,26
W,12,70,5,log,13,250,10
S,12,70,866,1609
W,13,70,3,ctrl,4,300,2
W,13,70,4,ai,82,900,26
W,13,70,5,log,16,250,10
S,13,70,724,5282
W,14,70,3,ctrl,5,300,2
W,14,70,4,ai,77,900,26
W,14,70,5,log,18,250,10
S,14,70,700,4120
W,15,70,3,ctrl,11,300,2
W,15,70,4,ai,72,900,26
W,15,70,5,log,19,250,10
S,15,70,758,1925
W,16,70,3,ctrl,3,300,2
W,16,70,4,ai,81,900,26
W,16,70,5,log,19,250,10
S,16,70,711,7103
W,17,70,3,ctrl,13,300,2
W,17,70,4,ai,73,900,26
W,17,70,5,log,13,250,10
S,17,70,861,1572
W,18,70,3,ctrl,10,300,2
W,18,70,4,ai,71,900,26
W,18,70,5,log,19,250,10
S,18,70,776,2060
W,19,70,3,ctrl,13,300,2
W,19,70,4,ai,68,900,26
W,19,70,5,log,16,250,10
S,19,70,731,1537
W,20,70,3,ctrl,17,300,2
W,20,70,4,ai,67,900,26
W,20,70,5,log,16,250,10
S,20,70,812,1211
W,21,70,3,ctrl,29,300,2
W,21,70,4,ai,60,900,26
W,21,70,5,log,524,250,10
S,21,70,811,6391
W,22,70,3,ctrl,420,300,2
W,22,70,4,ai,2448,900,26
W,22,70,5,log,14,250,10
S,22,70,828,43000
W,23,70,3,ctrl,9,300,2
W,23,70,4,ai,74,900,26
W,23,70,5,log,17,250,10
S,23,70,677,2288
W,24,70,3,ctrl,0,300,2
W,24,70,4,ai,80,900,26
W,24,70,5,log,20,250,10
S,24,70,755,9999
J,-1,ctrl,1,600,0,0,0,1283,3573,0,9
K,-1,ai,25,170895
K,-1,log,9,40743
W,25,70,3,ctrl,3,300,1
W,25,70,4,ai,65,100,1
W,25,70,5,log,14,50,1
S,25,70,728,18500
W,26,70,3,ctrl,0,300,1
W,26,70,4,ai,0,100,1
W,26,70,5,log,0,50,1
S,26,70,658,9999
# done
# RUN config=medium alpha=70 rep=2/5
# prev_baseline_reset ngroups=3
# schedlab win=100 total=6000 groups=3 alpha=70
W,1,70,3,ctrl,10,300,2
W,1,70,4,ai,75,800,20
W,1,70,5,log,15,250,10
S,1,70,805,2220
W,2,70,3,ctrl,4,300,2
W,2,70,4,ai,82,900,26
W,2,70,5,log,15,250,10
S,2,70,748,5282
W,3,70,3,ctrl,8,300,2
W,3,70,4,ai,77,900,26
W,3,70,5,log,18,250,10
S,3,70,677,2675
W,4,70,3,ctrl,7,300,2
W,4,70,4,ai,74,900,26
W,4,70,5,log,19,250,10
S,4,70,753,2942
W,5,70,3,ctrl,3,300,2
W,5,70,4,ai,80,900,26
W,5,70,5,log,20,250,10
S,5,70,748,7103
W,6,70,3,ctrl,8,300,2
W,6,70,4,ai,75,900,26
W,6,70,5,log,20,250,10
S,6,70,776,2675
W,7,70,3,ctrl,10,300,2
W,7,70,4,ai,76,900,26
W,7,70,5,log,14,250,10
S,7,70,808,2060
W,8,70,3,ctrl,4,300,2
W,8,70,4,ai,78,900,26
W,8,70,5,log,17,250,10
S,8,70,670,5150
W,9,70,3,ctrl,2,300,2
W,9,70,4,ai,80,900,26
W,9,70,5,log,20,250,10
S,9,70,750,10842
W,10,70,3,ctrl,15,300,2
W,10,70,4,ai,69,900,26
W,10,70,5,log,12,250,10
S,10,70,885,1376
W,11,70,3,ctrl,14,300,2
W,11,70,4,ai,72,900,26
W,11,70,5,log,17,250,10
S,11,70,725,1525
W,12,70,3,ctrl,14,300,2
W,12,70,4,ai,67,900,26
W,12,70,5,log,18,250,10
S,12,70,756,1460
W,13,70,3,ctrl,5,300,2
W,13,70,4,ai,78,900,26
W,13,70,5,log,20,250,10
S,13,70,757,4291
W,14,70,3,ctrl,11,300,2
W,14,70,4,ai,72,900,26
W,14,70,5,log,20,250,10
S,14,70,805,1943
W,15,70,3,ctrl,11,300,2
W,15,70,4,ai,79,900,26
W,15,70,5,log,13,250,10
S,15,70,850,1943
W,16,70,3,ctrl,9,300,2
W,16,70,4,ai,78,900,26
W,16,70,5,log,16,250,10
S,16,70,747,2367
W,17,70,3,ctrl,8,300,2
W,17,70,4,ai,74,900,26
W,17,70,5,log,20,250,10
S,17,70,786,2641
W,18,70,3,ctrl,4,300,2
W,18,70,4,ai,77,900,26
W,18,70,5,log,17,250,10
S,18,70,670,5150
W,19,70,3,ctrl,11,300,2
W,19,70,4,ai,80,900,26
W,19,70,5,log,12,250,10
S,19,70,865,1943
W,20,70,3,ctrl,3,300,2
W,20,70,4,ai,82,900,26
W,20,70,5,log,18,250,10
S,20,70,674,7103
W,21,70,3,ctrl,3,300,2
W,21,70,4,ai,79,900,26
W,21,70,5,log,19,250,10
S,21,70,726,7103
W,22,70,3,ctrl,7,300,2
W,22,70,4,ai,77,900,26
W,22,70,5,log,17,250,10
S,22,70,685,2985
W,23,70,3,ctrl,15,300,2
W,23,70,4,ai,68,900,26
W,23,70,5,log,17,250,10
S,23,70,688,1373
W,24,70,3,ctrl,12,300,2
W,24,70,4,ai,76,900,26
W,24,70,5,log,12,250,10
S,24,70,867,1716
W,25,70,3,ctrl,18,300,2
W,25,70,4,ai,69,900,26
W,25,70,5,log,14,250,10
S,25,70,881,1246
W,26,70,3,ctrl,31,300,2
W,26,70,4,ai,51,900,26
W,26,70,5,log,14,250,10
S,26,70,811,1186
W,27,70,3,ctrl,22,300,2
W,27,70,4,ai,68,900,26
W,27,70,5,log,8,250,10
S,27,70,792,2123
W,28,70,3,ctrl,25,300,2
W,28,70,4,ai,57,900,26
W,28,70,5,log,15,250,10
S,28,70,863,1116
W,29,70,3,ctrl,27,300,2
W,29,70,4,ai,59,900,26
W,29,70,5,log,11,250,10
S,29,70,773,1522
W,30,70,3,ctrl,20,300,2
W,30,70,4,ai,63,900,26
W,30,70,5,log,18,250,10
S,30,70,883,1040
W,31,70,3,ctrl,23,300,2
W,31,70,4,ai,63,900,26
W,31,70,5,log,12,250,10
S,31,70,884,1409
W,32,70,3,ctrl,455,300,2
W,32,70,4,ai,1608,900,26
W,32,70,5,log,356,250,10
S,32,70,874,1170
W,33,70,3,ctrl,17,300,2
W,33,70,4,ai,69,900,26
W,33,70,5,log,15,250,10
S,33,70,869,1226
W,34,70,3,ctrl,18,300,2
W,34,70,4,ai,65,900,26
W,34,70,5,log,14,250,10
S,34,70,877,1194
J,-1,ctrl,1,599,2,14,11,925,3139,0,21
K,-1,ai,25,143767
K,-1,log,9,32285
W,35,70,3,ctrl,1,300,1
W,35,70,4,ai,28,100,1
W,35,70,5,log,11,50,1
S,35,70,823,26640
W,36,70,3,ctrl,0,300,1
W,36,70,4,ai,0,100,1
W,36,70,5,log,0,50,1
S,36,70,658,9999
# done
# RUN config=medium alpha=70 rep=3/5
# prev_baseline_reset ngroups=3
# schedlab win=100 total=6000 groups=3 alpha=70
W,1,70,3,ctrl,14,300,2
W,1,70,4,ai,66,800,20
W,1,70,5,log,19,250,10
S,1,70,715,1574
W,2,70,3,ctrl,527,300,2
W,2,70,4,ai,4026,900,26
W,2,70,5,log,900,250,10
S,2,70,706,2145
W,3,70,3,ctrl,17,300,2
W,3,70,4,ai,69,900,26
W,3,70,5,log,16,250,10
S,3,70,837,1240
W,4,70,3,ctrl,19,300,2
W,4,70,4,ai,66,900,26
W,4,70,5,log,17,250,10
S,4,70,803,1107
W,5,70,3,ctrl,23,300,2
W,5,70,4,ai,64,900,26
W,5,70,5,log,12,250,10
S,5,70,894,1421
J,-1,ctrl,1,598,0,0,0,610,1394,0,9
K,-1,ai,25,206600
K,-1,log,9,43615
W,6,70,3,ctrl,0,300,1
W,6,70,4,ai,10,100,1
W,6,70,5,log,3,50,1
S,6,70,781,9999
# done
# RUN config=medium alpha=70 rep=4/5
# prev_baseline_reset ngroups=3
# schedlab win=100 total=6000 groups=3 alpha=70
W,1,70,3,ctrl,4,300,2
W,1,70,4,ai,82,900,26
W,1,70,5,log,15,150,6
S,1,70,794,5692
W,2,70,3,ctrl,7,300,2
W,2,70,4,ai,84,900,26
W,2,70,5,log,9,150,6
S,2,70,745,3171
W,3,70,3,ctrl,9,300,2
W,3,70,4,ai,76,900,26
W,3,70,5,log,16,250,10
S,3,70,736,2314
W,4,70,3,ctrl,10,300,2
W,4,70,4,ai,74,900,26
W,4,70,5,log,19,250,10
S,4,70,739,2123
W,5,70,3,ctrl,6,300,2
W,5,70,4,ai,75,900,26
W,5,70,5,log,19,250,10
S,5,70,747,3433
W,6,70,3,ctrl,0,300,2
W,6,70,4,ai,89,900,26
W,6,70,5,log,15,250,10
S,6,70,744,9999
W,7,70,3,ctrl,30,300,2
W,7,70,4,ai,3676,900,26
W,7,70,5,log,833,250,10
S,7,70,703,34333
W,8,70,3,ctrl,308,300,2
W,8,70,4,ai,73,900,26
W,8,70,5,log,20,250,10
S,8,70,804,3510
W,9,70,3,ctrl,12,300,2
W,9,70,4,ai,74,900,26
W,9,70,5,log,17,250,10
S,9,70,713,1775
W,10,70,3,ctrl,12,300,2
W,10,70,4,ai,71,900,26
W,10,70,5,log,17,250,10
S,10,70,681,1716
W,11,70,3,ctrl,6,300,2
W,11,70,4,ai,79,900,26
W,11,70,5,log,15,250,10
S,11,70,751,3433
J,-1,ctrl,1,599,0,0,0,414,836,0,6
K,-1,ai,25,269362
K,-1,log,9,61889
W,12,70,3,ctrl,2,300,1
W,12,70,4,ai,4,100,1
W,12,70,5,log,1,50,1
S,12,70,720,2336
# done
# RUN config=medium alpha=70 rep=5/5
# prev_baseline_reset ngroups=3
# schedlab win=100 total=6000 groups=3 alpha=70
W,1,70,3,ctrl,5,300,2
W,1,70,4,ai,82,900,26
W,1,70,5,log,16,250,10
S,1,70,730,4291
W,2,70,3,ctrl,7,300,2
W,2,70,4,ai,75,900,26
W,2,70,5,log,20,250,10
S,2,70,778,3029
W,3,70,3,ctrl,16,300,2
W,3,70,4,ai,69,900,26
W,3,70,5,log,19,250,10
S,3,70,787,1346
W,4,70,3,ctrl,15,300,2
W,4,70,4,ai,73,900,26
W,4,70,5,log,12,250,10
S,4,70,883,1433
W,5,70,3,ctrl,17,300,2
W,5,70,4,ai,70,900,26
W,5,70,5,log,14,250,10
S,5,70,883,1246
W,6,70,3,ctrl,19,300,2
W,6,70,4,ai,66,900,26
W,6,70,5,log,15,250,10
S,6,70,866,1146
W,7,70,3,ctrl,17,300,2
W,7,70,4,ai,68,900,26
W,7,70,5,log,17,250,10
S,7,70,751,1240
W,8,70,3,ctrl,8,300,2
W,8,70,4,ai,80,900,26
W,8,70,5,log,12,250,10
S,8,70,838,2575
W,9,70,3,ctrl,8,300,2
W,9,70,4,ai,81,900,26
W,9,70,5,log,12,250,10
S,9,70,843,2607
W,10,70,3,ctrl,16,300,2
W,10,70,4,ai,65,900,26
W,10,70,5,log,18,250,10
S,10,70,793,1279
W,11,70,3,ctrl,8,300,2
W,11,70,4,ai,76,900,26
W,11,70,5,log,19,250,10
S,11,70,728,2675
W,12,70,3,ctrl,10,300,2
W,12,70,4,ai,73,900,26
W,12,70,5,log,19,250,10
S,12,70,751,2102
W,13,70,3,ctrl,13,300,2
W,13,70,4,ai,70,900,26
W,13,70,5,log,18,250,10
S,13,70,717,1609
W,14,70,3,ctrl,16,300,2
